deep,light,awake,n_hrv,hrv,minutes,patient,scored,deep_pct,light_pct,awake_pct
15.0,0.0,0.0,0,,31,c001,15.0,100.0,0.0,0.0
30.0,15.0,0.0,4,72.5,81,c001,45.0,66.66666666666667,33.333333333333336,0.0
30.0,35.0,0.0,7,70.85714285714286,81,c001,65.0,46.15384615384615,53.84615384615385,0.0
45.0,35.0,0.0,11,66.45454545454545,125,c001,80.0,56.25,43.75,0.0
30.0,20.0,0.0,0,,66,c001,50.0,60.0,40.0,0.0
30.0,45.0,10.0,7,98.0,101,c001,85.0,35.294117647058826,52.94117647058823,11.764705882352942
30.0,25.0,0.0,7,109.57142857142857,71,c001,55.0,54.54545454545455,45.45454545454545,0.0
40.0,15.0,0.0,1,87.0,71,c001,55.0,72.72727272727273,27.272727272727273,0.0
45.0,45.0,0.0,2,74.5,121,c001,90.0,50.0,50.0,0.0
30.0,10.0,0.0,5,108.6,56,c001,40.0,75.0,25.0,0.0
30.0,25.0,0.0,6,113.16666666666667,71,c001,55.0,54.54545454545455,45.45454545454545,0.0
15.0,0.0,0.0,1,45.0,31,c001,15.0,100.0,0.0,0.0
30.0,60.0,0.0,0,,106,c001,90.0,33.333333333333336,66.66666666666667,0.0
30.0,50.0,0.0,6,96.33333333333333,96,c001,80.0,37.5,62.5,0.0
15.0,80.0,0.0,11,75.18181818181819,111,c001,95.0,15.789473684210526,84.21052631578948,0.0
0.0,25.0,0.0,3,38.666666666666664,41,c001,25.0,0.0,100.0,0.0
30.0,50.0,15.0,5,46.6,111,c001,95.0,31.57894736842105,52.63157894736842,15.789473684210526
75.0,75.0,0.0,0,,195,c001,150.0,50.0,50.0,0.0
20.0,0.0,0.0,4,69.5,36,c001,20.0,100.0,0.0,0.0
0.0,60.0,0.0,16,62.4375,170,c001,60.0,0.0,100.0,0.0
0.0,25.0,0.0,4,67.5,41,c001,25.0,0.0,100.0,0.0
30.0,45.0,0.0,1,42.0,101,c001,75.0,40.0,60.0,0.0
30.0,10.0,0.0,3,99.0,56,c001,40.0,75.0,25.0,0.0
55.0,60.0,0.0,16,99.0625,160,c001,115.0,47.82608695652174,52.17391304347826,0.0
45.0,60.0,15.0,11,70.0,121,c001,120.0,37.5,50.0,12.5
30.0,20.0,0.0,0,,66,c001,50.0,60.0,40.0,0.0
30.0,15.0,0.0,1,117.0,61,c001,45.0,66.66666666666667,33.333333333333336,0.0
105.0,130.0,0.0,27,90.18518518518519,295,c001,235.0,44.680851063829785,55.319148936170215,0.0
30.0,20.0,0.0,1,30.0,66,c001,50.0,60.0,40.0,0.0
30.0,40.0,0.0,0,,71,c001,70.0,42.857142857142854,57.142857142857146,0.0
30.0,30.0,0.0,8,100.25,76,c001,60.0,50.0,50.0,0.0
30.0,10.0,0.0,4,74.25,56,c001,40.0,75.0,25.0,0.0
15.0,0.0,0.0,0,,31,c001,15.0,100.0,0.0,0.0
60.0,45.0,0.0,11,111.63636363636364,150,c001,105.0,57.142857142857146,42.857142857142854,0.0
30.0,15.0,0.0,4,75.25,190,c001,45.0,66.66666666666667,33.333333333333336,0.0
30.0,20.0,0.0,0,,66,c001,50.0,60.0,40.0,0.0
30.0,90.0,0.0,11,78.63636363636364,150,c001,120.0,25.0,75.0,0.0
60.0,120.0,15.0,19,86.92105263157895,210,c001,195.0,30.76923076923077,61.53846153846154,7.6923076923076925
0.0,25.0,0.0,2,45.0,41,c001,25.0,0.0,100.0,0.0
25.0,0.0,0.0,2,82.5,41,c001,25.0,100.0,0.0,0.0
60.0,30.0,0.0,10,67.7,135,c001,90.0,66.66666666666667,33.333333333333336,0.0
30.0,25.0,0.0,7,111.71428571428571,71,c001,55.0,54.54545454545455,45.45454545454545,0.0
30.0,15.0,0.0,4,93.25,51,c001,45.0,66.66666666666667,33.333333333333336,0.0
0.0,45.0,0.0,6,100.83333333333333,61,c001,45.0,0.0,100.0,0.0
15.0,75.0,10.0,10,70.0,101,c001,100.0,15.0,75.0,10.0
40.0,60.0,15.0,12,106.25,130,c001,115.0,34.78260869565217,52.17391304347826,13.043478260869565
20.0,0.0,0.0,3,117.0,36,c001,20.0,100.0,0.0,0.0
0.0,25.0,0.0,3,55.333333333333336,41,c001,25.0,0.0,100.0,0.0
25.0,0.0,0.0,0,,41,c001,25.0,100.0,0.0,0.0
30.0,0.0,0.0,0,,46,c001,30.0,100.0,0.0,0.0
30.0,20.0,0.0,7,102.85714285714286,66,c001,50.0,60.0,40.0,0.0
45.0,25.0,0.0,8,100.0,86,c001,70.0,64.28571428571429,35.714285714285715,0.0
0.0,30.0,0.0,4,75.75,46,c001,30.0,0.0,100.0,0.0
30.0,15.0,0.0,0,,76,c001,45.0,66.66666666666667,33.333333333333336,0.0
60.0,15.0,0.0,0,,121,c001,75.0,80.0,20.0,0.0
30.0,15.0,0.0,9,62.77777777777778,650,c001,45.0,66.66666666666667,33.333333333333336,0.0
20.0,0.0,0.0,0,,36,c001,20.0,100.0,0.0,0.0
30.0,15.0,0.0,2,77.0,61,c001,45.0,66.66666666666667,33.333333333333336,0.0
30.0,0.0,0.0,5,116.6,51,c001,30.0,100.0,0.0,0.0
80.0,30.0,0.0,14,114.5,140,c001,110.0,72.72727272727273,27.272727272727273,0.0
15.0,100.0,0.0,9,58.666666666666664,145,c001,115.0,13.043478260869565,86.95652173913044,0.0
45.0,30.0,0.0,1,40.0,81,c001,75.0,60.0,40.0,0.0
0.0,10.0,0.0,0,,26,c001,10.0,0.0,100.0,0.0
15.0,0.0,0.0,0,,31,c001,15.0,100.0,0.0,0.0
0.0,30.0,0.0,4,38.25,46,c001,30.0,0.0,100.0,0.0
5.0,45.0,0.0,7,58.42857142857143,66,c001,50.0,10.0,90.0,0.0
30.0,0.0,0.0,2,48.5,51,c001,30.0,100.0,0.0,0.0
70.0,45.0,15.0,1,113.0,145,c001,130.0,53.84615384615385,34.61538461538461,11.538461538461538
30.0,55.0,0.0,6,97.16666666666667,86,c001,85.0,35.294117647058826,64.70588235294117,0.0
45.0,55.0,0.0,18,102.66666666666667,185,c001,100.0,45.0,55.0,0.0
10.0,45.0,0.0,7,65.14285714285714,71,c001,55.0,18.181818181818183,81.81818181818181,0.0
30.0,0.0,0.0,0,,51,c001,30.0,100.0,0.0,0.0
30.0,0.0,0.0,4,98.25,46,c001,30.0,100.0,0.0,0.0
30.0,0.0,0.0,5,104.8,51,c001,30.0,100.0,0.0,0.0
30.0,20.0,0.0,6,122.83333333333333,66,c001,50.0,60.0,40.0,0.0
0.0,30.0,0.0,4,109.75,46,c001,30.0,0.0,100.0,0.0
30.0,55.0,0.0,11,99.0,130,c001,85.0,35.294117647058826,64.70588235294117,0.0
0.0,25.0,0.0,0,,41,c001,25.0,0.0,100.0,0.0
15.0,60.0,10.0,0,,101,c001,85.0,17.647058823529413,70.58823529411765,11.764705882352942
0.0,25.0,0.0,0,,41,c001,25.0,0.0,100.0,0.0
30.0,10.0,0.0,0,,56,c001,40.0,75.0,25.0,0.0
30.0,15.0,0.0,0,,76,c001,45.0,66.66666666666667,33.333333333333336,0.0
20.0,0.0,0.0,0,,36,c001,20.0,100.0,0.0,0.0
25.0,0.0,0.0,3,82.0,41,c001,25.0,100.0,0.0,0.0
30.0,15.0,0.0,0,,71,c001,45.0,66.66666666666667,33.333333333333336,0.0
30.0,30.0,0.0,8,93.75,106,c001,60.0,50.0,50.0,0.0
25.0,0.0,0.0,0,,41,c001,25.0,100.0,0.0,0.0
30.0,10.0,0.0,4,39.5,56,c001,40.0,75.0,25.0,0.0
30.0,30.0,0.0,8,88.0,81,c001,60.0,50.0,50.0,0.0
30.0,45.0,0.0,18,63.611111111111114,180,c001,75.0,40.0,60.0,0.0
0.0,20.0,0.0,3,74.33333333333333,36,c001,20.0,0.0,100.0,0.0
30.0,0.0,0.0,2,52.5,46,c001,30.0,100.0,0.0,0.0
30.0,10.0,0.0,0,,56,c001,40.0,75.0,25.0,0.0
30.0,30.0,0.0,6,92.16666666666667,91,c001,60.0,50.0,50.0,0.0
30.0,0.0,0.0,0,,51,c001,30.0,100.0,0.0,0.0
30.0,15.0,0.0,2,28.0,61,c001,45.0,66.66666666666667,33.333333333333336,0.0
30.0,35.0,0.0,5,114.8,66,c001,65.0,46.15384615384615,53.84615384615385,0.0
30.0,20.0,0.0,12,54.666666666666664,125,c001,50.0,60.0,40.0,0.0
30.0,30.0,0.0,2,100.0,106,c001,60.0,50.0,50.0,0.0
30.0,10.0,0.0,3,105.33333333333333,56,c001,40.0,75.0,25.0,0.0
60.0,105.0,15.0,11,100.0,210,c001,180.0,33.333333333333336,58.333333333333336,8.333333333333334
30.0,15.0,0.0,0,,101,c001,45.0,66.66666666666667,33.333333333333336,0.0
50.0,45.0,15.0,7,89.57142857142857,125,c001,110.0,45.45454545454545,40.90909090909091,13.636363636363637
60.0,75.0,0.0,13,97.38461538461539,240,c001,135.0,44.44444444444444,55.55555555555556,0.0
0.0,20.0,0.0,3,64.33333333333333,36,c001,20.0,0.0,100.0,0.0
30.0,0.0,0.0,0,,51,c001,30.0,100.0,0.0,0.0
30.0,15.0,0.0,0,,61,c001,45.0,66.66666666666667,33.333333333333336,0.0
30.0,30.0,0.0,4,89.0,61,c001,60.0,50.0,50.0,0.0
30.0,25.0,0.0,6,124.16666666666667,56,c001,55.0,54.54545454545455,45.45454545454545,0.0
60.0,130.0,0.0,22,102.36363636363636,220,c001,190.0,31.57894736842105,68.42105263157895,0.0
30.0,25.0,0.0,0,,71,c001,55.0,54.54545454545455,45.45454545454545,0.0
30.0,55.0,0.0,3,67.33333333333333,86,c001,85.0,35.294117647058826,64.70588235294117,0.0
30.0,30.0,0.0,10,113.4,96,c001,60.0,50.0,50.0,0.0
0.0,95.0,0.0,9,99.77777777777777,96,c001,95.0,0.0,100.0,0.0
0.0,25.0,0.0,3,85.33333333333333,41,c001,25.0,0.0,100.0,0.0
30.0,30.0,0.0,0,,76,c001,60.0,50.0,50.0,0.0
20.0,0.0,0.0,0,,36,c001,20.0,100.0,0.0,0.0
30.0,45.0,0.0,7,117.71428571428571,76,c001,75.0,40.0,60.0,0.0
30.0,15.0,0.0,6,113.83333333333333,61,c001,45.0,66.66666666666667,33.333333333333336,0.0
75.0,75.0,0.0,17,108.41176470588235,165,c001,150.0,50.0,50.0,0.0
15.0,0.0,0.0,0,,31,c001,15.0,100.0,0.0,0.0
30.0,15.0,0.0,3,104.33333333333333,61,c001,45.0,66.66666666666667,33.333333333333336,0.0
40.0,60.0,0.0,11,108.9090909090909,116,c001,100.0,40.0,60.0,0.0
30.0,15.0,0.0,15,87.2,155,c001,45.0,66.66666666666667,33.333333333333336,0.0
0.0,20.0,0.0,3,39.666666666666664,36,c001,20.0,0.0,100.0,0.0
15.0,0.0,0.0,0,,31,c001,15.0,100.0,0.0,0.0
45.0,20.0,0.0,1,121.0,81,c001,65.0,69.23076923076923,30.76923076923077,0.0
30.0,45.0,0.0,0,,91,c001,75.0,40.0,60.0,0.0
30.0,0.0,0.0,0,,46,c001,30.0,100.0,0.0,0.0
90.0,180.0,0.0,32,56.25,410,c001,270.0,33.333333333333336,66.66666666666667,0.0
30.0,30.0,0.0,1,110.0,76,c001,60.0,50.0,50.0,0.0
25.0,15.0,0.0,0,,41,c001,40.0,62.5,37.5,0.0
25.0,0.0,0.0,4,104.5,41,c001,25.0,100.0,0.0,0.0
0.0,25.0,0.0,4,86.25,41,c001,25.0,0.0,100.0,0.0
25.0,0.0,0.0,0,,41,c001,25.0,100.0,0.0,0.0
30.0,25.0,0.0,4,51.75,71,c001,55.0,54.54545454545455,45.45454545454545,0.0
30.0,30.0,0.0,2,77.5,81,c001,60.0,50.0,50.0,0.0
25.0,0.0,0.0,0,,41,c001,25.0,100.0,0.0,0.0
30.0,30.0,0.0,7,83.85714285714286,76,c001,60.0,50.0,50.0,0.0
15.0,0.0,0.0,0,,31,c001,15.0,100.0,0.0,0.0
30.0,0.0,0.0,0,,46,c001,30.0,100.0,0.0,0.0
30.0,15.0,0.0,5,107.2,51,c001,45.0,66.66666666666667,33.333333333333336,0.0
0.0,30.0,0.0,1,123.0,46,c001,30.0,0.0,100.0,0.0
30.0,20.0,0.0,0,,66,c001,50.0,60.0,40.0,0.0
30.0,15.0,0.0,0,,81,c001,45.0,66.66666666666667,33.333333333333336,0.0
30.0,0.0,0.0,0,,46,c001,30.0,100.0,0.0,0.0
30.0,15.0,0.0,0,,71,c001,45.0,66.66666666666667,33.333333333333336,0.0
30.0,25.0,0.0,0,,56,c001,55.0,54.54545454545455,45.45454545454545,0.0
30.0,0.0,0.0,0,,51,c001,30.0,100.0,0.0,0.0
60.0,90.0,0.0,0,,185,c001,150.0,40.0,60.0,0.0
10.0,0.0,0.0,0,,26,c001,10.0,100.0,0.0,0.0
30.0,15.0,0.0,0,,61,c001,45.0,66.66666666666667,33.333333333333336,0.0
30.0,15.0,0.0,0,,61,c001,45.0,66.66666666666667,33.333333333333336,0.0
30.0,0.0,0.0,4,81.5,51,c001,30.0,100.0,0.0,0.0
30.0,30.0,0.0,28,78.21428571428571,285,c001,60.0,50.0,50.0,0.0
30.0,0.0,0.0,0,,51,c001,30.0,100.0,0.0,0.0
30.0,45.0,15.0,2,85.0,106,c001,90.0,33.333333333333336,50.0,16.666666666666668
60.0,140.0,15.0,15,89.86666666666666,260,c001,215.0,27.906976744186046,65.11627906976744,6.976744186046512
0.0,25.0,0.0,4,92.25,41,c001,25.0,0.0,100.0,0.0
30.0,15.0,0.0,0,,61,c001,45.0,66.66666666666667,33.333333333333336,0.0
30.0,15.0,0.0,0,,61,c001,45.0,66.66666666666667,33.333333333333336,0.0
20.0,0.0,0.0,3,104.66666666666667,36,c001,20.0,100.0,0.0,0.0
30.0,15.0,0.0,3,117.66666666666667,51,c001,45.0,66.66666666666667,33.333333333333336,0.0
30.0,25.0,0.0,0,,71,c001,55.0,54.54545454545455,45.45454545454545,0.0
0.0,30.0,0.0,0,,46,c001,30.0,0.0,100.0,0.0
30.0,25.0,0.0,0,,71,c001,55.0,54.54545454545455,45.45454545454545,0.0
30.0,45.0,15.0,0,,106,c001,90.0,33.333333333333336,50.0,16.666666666666668
30.0,30.0,0.0,0,,76,c001,60.0,50.0,50.0,0.0
30.0,0.0,0.0,0,,51,c001,30.0,100.0,0.0,0.0
30.0,30.0,15.0,0,,106,c001,75.0,40.0,40.0,20.0
0.0,30.0,0.0,0,,51,c001,30.0,0.0,100.0,0.0
30.0,0.0,0.0,0,,46,c001,30.0,100.0,0.0,0.0
30.0,0.0,0.0,0,,51,c001,30.0,100.0,0.0,0.0
30.0,35.0,0.0,0,,81,c001,65.0,46.15384615384615,53.84615384615385,0.0
30.0,50.0,15.0,0,,111,c001,95.0,31.57894736842105,52.63157894736842,15.789473684210526
0.0,30.0,0.0,0,,46,c001,30.0,0.0,100.0,0.0
15.0,45.0,0.0,0,,86,c001,60.0,25.0,75.0,0.0
60.0,45.0,0.0,0,,150,c001,105.0,57.142857142857146,42.857142857142854,0.0
30.0,45.0,0.0,3,96.33333333333333,91,c001,75.0,40.0,60.0,0.0
0.0,110.0,0.0,13,58.23076923076923,140,c001,110.0,0.0,100.0,0.0
25.0,0.0,0.0,4,102.25,41,c001,25.0,100.0,0.0,0.0
30.0,15.0,0.0,5,53.0,61,c001,45.0,66.66666666666667,33.333333333333336,0.0
0.0,30.0,0.0,5,67.8,46,c001,30.0,0.0,100.0,0.0
30.0,0.0,0.0,0,,51,c001,30.0,100.0,0.0,0.0
25.0,0.0,0.0,0,,41,c001,25.0,100.0,0.0,0.0
40.0,15.0,0.0,7,58.857142857142854,71,c001,55.0,72.72727272727273,27.272727272727273,0.0
10.0,45.0,0.0,7,52.42857142857143,71,c001,55.0,18.181818181818183,81.81818181818181,0.0
30.0,35.0,0.0,2,69.5,81,c001,65.0,46.15384615384615,53.84615384615385,0.0
30.0,0.0,0.0,5,72.4,46,c001,30.0,100.0,0.0,0.0
30.0,75.0,15.0,17,79.0,170,c001,120.0,25.0,62.5,12.5
30.0,15.0,0.0,3,106.66666666666667,61,c001,45.0,66.66666666666667,33.333333333333336,0.0
30.0,45.0,0.0,18,94.94444444444444,190,c001,75.0,40.0,60.0,0.0
25.0,0.0,0.0,0,,41,c001,25.0,100.0,0.0,0.0
30.0,30.0,0.0,8,67.375,91,c001,60.0,50.0,50.0,0.0
0.0,45.0,0.0,14,47.214285714285715,190,c001,45.0,0.0,100.0,0.0
30.0,0.0,0.0,2,50.0,51,c001,30.0,100.0,0.0,0.0
30.0,20.0,0.0,0,,66,c001,50.0,60.0,40.0,0.0
30.0,15.0,0.0,3,60.333333333333336,61,c001,45.0,66.66666666666667,33.333333333333336,0.0
30.0,0.0,0.0,4,88.0,46,c001,30.0,100.0,0.0,0.0
30.0,0.0,0.0,0,,51,c001,30.0,100.0,0.0,0.0
30.0,0.0,0.0,0,,46,c001,30.0,100.0,0.0,0.0
15.0,0.0,0.0,1,53.0,31,c001,15.0,100.0,0.0,0.0
60.0,85.0,15.0,27,81.51851851851852,265,c001,160.0,37.5,53.125,9.375
0.0,30.0,0.0,2,48.5,46,c001,30.0,0.0,100.0,0.0
30.0,30.0,0.0,4,51.0,76,c001,60.0,50.0,50.0,0.0
30.0,60.0,15.0,0,,106,c001,105.0,28.571428571428573,57.142857142857146,14.285714285714286
30.0,30.0,0.0,0,,76,c001,60.0,50.0,50.0,0.0
0.0,80.0,0.0,14,96.5,140,c001,80.0,0.0,100.0,0.0
25.0,0.0,0.0,0,,41,c001,25.0,100.0,0.0,0.0
30.0,25.0,0.0,4,93.5,71,c001,55.0,54.54545454545455,45.45454545454545,0.0
85.0,135.0,15.0,6,86.83333333333333,280,c001,235.0,36.170212765957444,57.4468085106383,6.382978723404255
10.0,0.0,0.0,3,33.333333333333336,66,c001,10.0,100.0,0.0,0.0
30.0,30.0,0.0,2,74.5,76,c001,60.0,50.0,50.0,0.0
45.0,15.0,0.0,0,,76,c001,60.0,75.0,25.0,0.0
20.0,0.0,0.0,4,86.5,36,c001,20.0,100.0,0.0,0.0
45.0,80.0,0.0,20,67.5,215,c001,125.0,36.0,64.0,0.0
0.0,30.0,0.0,5,109.6,51,c001,30.0,0.0,100.0,0.0
45.0,15.0,0.0,1,48.0,91,c001,60.0,75.0,25.0,0.0
50.0,45.0,15.0,6,87.5,125,c001,110.0,45.45454545454545,40.90909090909091,13.636363636363637
30.0,40.0,0.0,8,76.25,86,c001,70.0,42.857142857142854,57.142857142857146,0.0
0.0,20.0,0.0,1,47.0,36,c001,20.0,0.0,100.0,0.0
30.0,0.0,0.0,0,,46,c001,30.0,100.0,0.0,0.0
30.0,35.0,0.0,0,,111,c001,65.0,46.15384615384615,53.84615384615385,0.0
70.0,45.0,0.0,15,82.5,145,c001,115.0,60.869565217391305,39.130434782608695,0.0
30.0,45.0,0.0,7,77.42857142857143,96,c001,75.0,40.0,60.0,0.0
40.0,60.0,0.0,8,69.5,116,c001,100.0,40.0,60.0,0.0
30.0,10.0,0.0,5,98.0,56,c001,40.0,75.0,25.0,0.0
25.0,0.0,0.0,0,,41,c001,25.0,100.0,0.0,0.0
15.0,0.0,0.0,0,,31,c001,15.0,100.0,0.0,0.0
30.0,25.0,0.0,0,,71,c001,55.0,54.54545454545455,45.45454545454545,0.0
55.0,60.0,15.0,9,93.55555555555556,145,c001,130.0,42.30769230769231,46.15384615384615,11.538461538461538
5.0,45.0,0.0,3,52.333333333333336,66,c001,50.0,10.0,90.0,0.0
20.0,0.0,0.0,0,,36,c001,20.0,100.0,0.0,0.0
30.0,45.0,15.0,0,,106,c001,90.0,33.333333333333336,50.0,16.666666666666668
75.0,195.0,15.0,29,71.37931034482759,370,c001,285.0,26.31578947368421,68.42105263157895,5.2631578947368425
0.0,30.0,0.0,5,52.4,51,c001,30.0,0.0,100.0,0.0
45.0,80.0,15.0,1,45.0,155,c001,140.0,32.142857142857146,57.142857142857146,10.714285714285714
30.0,15.0,0.0,4,64.75,46,c001,45.0,66.66666666666667,33.333333333333336,0.0
30.0,65.0,15.0,11,76.9090909090909,111,c001,110.0,27.272727272727273,59.09090909090909,13.636363636363637
5.0,150.0,0.0,14,107.71428571428571,155,c001,155.0,3.225806451612903,96.7741935483871,0.0
30.0,45.0,0.0,0,,91,c001,75.0,40.0,60.0,0.0
30.0,25.0,0.0,4,53.25,56,c001,55.0,54.54545454545455,45.45454545454545,0.0
30.0,10.0,0.0,6,99.33333333333333,56,c001,40.0,75.0,25.0,0.0
0.0,15.0,0.0,13,70.0,135,c001,15.0,0.0,100.0,0.0
30.0,10.0,0.0,1,89.0,56,c001,40.0,75.0,25.0,0.0
25.0,0.0,0.0,3,93.33333333333333,41,c001,25.0,100.0,0.0,0.0
30.0,30.0,0.0,8,86.625,86,c001,60.0,50.0,50.0,0.0
30.0,110.0,15.0,15,67.4,170,c001,155.0,19.35483870967742,70.96774193548387,9.67741935483871
25.0,0.0,0.0,0,,41,c001,25.0,100.0,0.0,0.0
30.0,25.0,0.0,0,,71,c001,55.0,54.54545454545455,45.45454545454545,0.0
30.0,30.0,0.0,9,73.0,86,c001,60.0,50.0,50.0,0.0
30.0,15.0,0.0,21,87.47619047619048,220,c001,45.0,66.66666666666667,33.333333333333336,0.0
10.0,0.0,0.0,5,47.4,66,c001,10.0,100.0,0.0,0.0
15.0,15.0,0.0,2,57.5,51,c001,30.0,50.0,50.0,0.0
35.0,15.0,0.0,0,,66,c001,50.0,70.0,30.0,0.0
30.0,60.0,0.0,0,,91,c001,90.0,33.333333333333336,66.66666666666667,0.0
30.0,35.0,0.0,7,92.42857142857143,66,c001,65.0,46.15384615384615,53.84615384615385,0.0
30.0,30.0,0.0,19,98.63157894736842,225,c001,60.0,50.0,50.0,0.0
20.0,45.0,15.0,2,77.0,81,c001,80.0,25.0,56.25,18.75
30.0,0.0,0.0,5,81.0,46,c001,30.0,100.0,0.0,0.0
30.0,40.0,0.0,1,73.0,86,c001,70.0,42.857142857142854,57.142857142857146,0.0
30.0,50.0,0.0,4,89.75,81,c001,80.0,37.5,62.5,0.0
30.0,0.0,0.0,4,116.5,46,c001,30.0,100.0,0.0,0.0
0.0,45.0,0.0,9,114.77777777777777,121,c001,45.0,0.0,100.0,0.0
0.0,30.0,0.0,5,49.0,51,c001,30.0,0.0,100.0,0.0
30.0,20.0,0.0,6,59.166666666666664,66,c001,50.0,60.0,40.0,0.0
30.0,0.0,0.0,0,,46,c001,30.0,100.0,0.0,0.0
30.0,0.0,0.0,1,36.0,46,c001,30.0,100.0,0.0,0.0
15.0,0.0,0.0,0,,31,c001,15.0,100.0,0.0,0.0
30.0,10.0,0.0,0,,56,c001,40.0,75.0,25.0,0.0
30.0,30.0,0.0,0,,76,c001,60.0,50.0,50.0,0.0
30.0,35.0,0.0,0,,96,c001,65.0,46.15384615384615,53.84615384615385,0.0
30.0,30.0,0.0,0,,81,c001,60.0,50.0,50.0,0.0
0.0,30.0,0.0,0,,46,c001,30.0,0.0,100.0,0.0
30.0,0.0,0.0,2,117.0,46,c001,30.0,100.0,0.0,0.0
15.0,0.0,0.0,1,95.0,31,c001,15.0,100.0,0.0,0.0
45.0,45.0,15.0,11,94.36363636363636,121,c001,105.0,42.857142857142854,42.857142857142854,14.285714285714286
30.0,0.0,0.0,5,66.8,51,c001,30.0,100.0,0.0,0.0
30.0,0.0,0.0,0,,46,c001,30.0,100.0,0.0,0.0
30.0,0.0,0.0,0,,46,c001,30.0,100.0,0.0,0.0
15.0,0.0,0.0,3,59.666666666666664,31,c001,15.0,100.0,0.0,0.0
60.0,120.0,0.0,24,71.375,240,c001,180.0,33.333333333333336,66.66666666666667,0.0
30.0,10.0,0.0,0,,56,c001,40.0,75.0,25.0,0.0
30.0,0.0,0.0,2,95.5,51,c001,30.0,100.0,0.0,0.0
30.0,0.0,0.0,4,83.5,46,c001,30.0,100.0,0.0,0.0
15.0,60.0,15.0,10,90.3,106,c001,90.0,16.666666666666668,66.66666666666667,16.666666666666668
30.0,0.0,0.0,1,43.0,51,c001,30.0,100.0,0.0,0.0
60.0,45.0,0.0,0,,135,c001,105.0,57.142857142857146,42.857142857142854,0.0
30.0,15.0,0.0,5,108.4,46,c001,45.0,66.66666666666667,33.333333333333336,0.0
30.0,60.0,0.0,5,103.2,91,c001,90.0,33.333333333333336,66.66666666666667,0.0
0.0,90.0,0.0,0,,106,c001,90.0,0.0,100.0,0.0
55.0,0.0,0.0,0,,56,c001,55.0,100.0,0.0,0.0
25.0,0.0,0.0,0,,41,c001,25.0,100.0,0.0,0.0
30.0,75.0,0.0,0,,150,c001,105.0,28.571428571428573,71.42857142857143,0.0
30.0,0.0,0.0,0,,46,c001,30.0,100.0,0.0,0.0
10.0,15.0,0.0,0,,880,c001,25.0,40.0,60.0,0.0
0.0,70.0,0.0,0,,130,c001,70.0,0.0,100.0,0.0
0.0,45.0,0.0,0,,121,c001,45.0,0.0,100.0,0.0
10.0,0.0,0.0,0,,26,c001,10.0,100.0,0.0,0.0
15.0,30.0,15.0,0,,160,c001,60.0,25.0,50.0,25.0
0.0,65.0,0.0,0,,96,c001,65.0,0.0,100.0,0.0
15.0,85.0,15.0,0,,130,c001,115.0,13.043478260869565,73.91304347826087,13.043478260869565
0.0,90.0,0.0,0,,101,c001,90.0,0.0,100.0,0.0
15.0,115.0,30.0,0,,160,c001,160.0,9.375,71.875,18.75
25.0,105.0,0.0,0,,160,c001,130.0,19.23076923076923,80.76923076923077,0.0
0.0,240.0,0.0,0,,270,c001,240.0,0.0,100.0,0.0
25.0,120.0,30.0,0,,175,c001,175.0,14.285714285714286,68.57142857142857,17.142857142857142
0.0,75.0,0.0,0,,106,c001,75.0,0.0,100.0,0.0
30.0,65.0,0.0,0,,140,c001,95.0,31.57894736842105,68.42105263157895,0.0
0.0,40.0,0.0,0,,56,c001,40.0,0.0,100.0,0.0
120.0,360.0,30.0,0,,715,c001,510.0,23.529411764705884,70.58823529411765,5.882352941176471
30.0,75.0,15.0,0,,140,c001,120.0,25.0,62.5,12.5
0.0,125.0,0.0,0,,140,c001,125.0,0.0,100.0,0.0
0.0,30.0,0.0,0,,46,c001,30.0,0.0,100.0,0.0
15.0,85.0,0.0,0,,130,c001,100.0,15.0,85.0,0.0
30.0,20.0,0.0,0,,66,c002,50.0,60.0,40.0,0.0
30.0,75.0,15.0,0,,135,c002,120.0,25.0,62.5,12.5
0.0,55.0,0.0,0,,56,c002,55.0,0.0,100.0,0.0
135.0,360.0,0.0,0,,600,c002,495.0,27.272727272727273,72.72727272727273,0.0
120.0,255.0,0.0,0,,495,c002,375.0,32.0,68.0,0.0
0.0,45.0,15.0,0,,61,c002,60.0,0.0,75.0,25.0
45.0,105.0,15.0,0,,205,c002,165.0,27.272727272727273,63.63636363636363,9.090909090909092
0.0,30.0,0.0,0,,46,c002,30.0,0.0,100.0,0.0
0.0,30.0,0.0,0,,51,c002,30.0,0.0,100.0,0.0
15.0,45.0,0.0,0,,86,c002,60.0,25.0,75.0,0.0
0.0,30.0,0.0,0,,46,c002,30.0,0.0,100.0,0.0
0.0,30.0,0.0,0,,46,c002,30.0,0.0,100.0,0.0
45.0,50.0,0.0,0,,125,c003,95.0,47.36842105263158,52.63157894736842,0.0
90.0,275.0,15.0,32,46.3125,455,c003,380.0,23.68421052631579,72.36842105263158,3.9473684210526314
35.0,15.0,0.0,0,,66,c003,50.0,70.0,30.0,0.0
60.0,105.0,0.0,19,58.31578947368421,195,c003,165.0,36.36363636363637,63.63636363636363,0.0
45.0,40.0,0.0,9,105.0,86,c003,85.0,52.94117647058823,47.05882352941177,0.0
30.0,40.0,0.0,3,36.0,86,c003,70.0,42.857142857142854,57.142857142857146,0.0
70.0,45.0,0.0,14,51.142857142857146,145,c003,115.0,60.869565217391305,39.130434782608695,0.0
30.0,45.0,0.0,11,61.63636363636363,111,c003,75.0,40.0,60.0,0.0
45.0,145.0,0.0,14,70.35714285714286,220,c003,190.0,23.68421052631579,76.3157894736842,0.0
0.0,20.0,0.0,3,45.0,36,c003,20.0,0.0,100.0,0.0
0.0,30.0,0.0,5,73.6,51,c003,30.0,0.0,100.0,0.0
30.0,135.0,0.0,4,48.0,180,c003,165.0,18.181818181818183,81.81818181818181,0.0
30.0,65.0,0.0,9,63.77777777777778,96,c003,95.0,31.57894736842105,68.42105263157895,0.0
10.0,120.0,0.0,16,89.9375,160,c003,130.0,7.6923076923076925,92.3076923076923,0.0
30.0,30.0,0.0,0,,91,c003,60.0,50.0,50.0,0.0
0.0,30.0,0.0,5,40.2,51,c003,30.0,0.0,100.0,0.0
30.0,40.0,0.0,5,68.6,86,c003,70.0,42.857142857142854,57.142857142857146,0.0
75.0,100.0,0.0,19,51.473684210526315,220,c003,175.0,42.857142857142854,57.142857142857146,0.0
0.0,40.0,0.0,5,70.4,56,c003,40.0,0.0,100.0,0.0
0.0,25.0,0.0,0,,41,c003,25.0,0.0,100.0,0.0
105.0,90.0,15.0,20,70.7,255,c003,210.0,50.0,42.857142857142854,7.142857142857143
45.0,45.0,0.0,0,,101,c003,90.0,50.0,50.0,0.0
30.0,0.0,0.0,0,,46,c003,30.0,100.0,0.0,0.0
30.0,80.0,0.0,14,81.14285714285714,155,c003,110.0,27.272727272727273,72.72727272727273,0.0
10.0,45.0,0.0,0,,71,c003,55.0,18.181818181818183,81.81818181818181,0.0
15.0,135.0,5.0,0,,200,c003,155.0,9.67741935483871,87.09677419354838,3.225806451612903
75.0,95.0,0.0,2,64.5,245,c003,170.0,44.11764705882353,55.88235294117647,0.0
75.0,135.0,0.0,26,76.23076923076923,270,c003,210.0,35.714285714285715,64.28571428571429,0.0
0.0,30.0,0.0,6,61.666666666666664,51,c003,30.0,0.0,100.0,0.0
15.0,0.0,0.0,0,,31,c003,15.0,100.0,0.0,0.0
55.0,75.0,0.0,0,,160,c003,130.0,42.30769230769231,57.69230769230769,0.0
15.0,60.0,0.0,6,95.0,106,c003,75.0,20.0,80.0,0.0
0.0,45.0,0.0,5,95.4,61,c003,45.0,0.0,100.0,0.0
20.0,120.0,15.0,13,46.69230769230769,170,c003,155.0,12.903225806451612,77.41935483870968,9.67741935483871
60.0,150.0,0.0,16,65.75,240,c003,210.0,28.571428571428573,71.42857142857143,0.0
45.0,25.0,0.0,12,56.083333333333336,116,c003,70.0,64.28571428571429,35.714285714285715,0.0
30.0,85.0,0.0,10,50.2,145,c003,115.0,26.08695652173913,73.91304347826087,0.0
30.0,20.0,0.0,7,69.28571428571429,66,c003,50.0,60.0,40.0,0.0
30.0,0.0,0.0,5,56.8,51,c003,30.0,100.0,0.0,0.0
10.0,45.0,0.0,7,43.142857142857146,71,c003,55.0,18.181818181818183,81.81818181818181,0.0
130.0,135.0,0.0,14,91.5,340,c003,265.0,49.056603773584904,50.943396226415096,0.0
30.0,120.0,0.0,0,,230,c003,150.0,20.0,80.0,0.0
25.0,0.0,0.0,0,,41,c003,25.0,100.0,0.0,0.0
15.0,95.0,0.0,0,,140,c003,110.0,13.636363636363637,86.36363636363636,0.0
15.0,45.0,0.0,0,,101,c003,60.0,25.0,75.0,0.0
30.0,65.0,0.0,13,47.53846153846154,125,c003,95.0,31.57894736842105,68.42105263157895,0.0
45.0,90.0,0.0,15,72.26666666666667,165,c003,135.0,33.333333333333336,66.66666666666667,0.0
0.0,20.0,0.0,3,89.66666666666667,36,c003,20.0,0.0,100.0,0.0
15.0,15.0,0.0,0,,46,c003,30.0,50.0,50.0,0.0
0.0,30.0,0.0,5,33.0,51,c003,30.0,0.0,100.0,0.0
0.0,20.0,0.0,0,,36,c003,20.0,0.0,100.0,0.0
15.0,45.0,0.0,5,47.8,76,c003,60.0,25.0,75.0,0.0
0.0,25.0,0.0,4,61.25,41,c003,25.0,0.0,100.0,0.0
45.0,65.0,0.0,7,87.92857142857143,155,c003,110.0,40.90909090909091,59.09090909090909,0.0
60.0,55.0,0.0,13,109.38461538461539,160,c003,115.0,52.17391304347826,47.82608695652174,0.0
15.0,45.0,0.0,0,,76,c003,60.0,25.0,75.0,0.0
0.0,45.0,0.0,1,38.0,61,c003,45.0,0.0,100.0,0.0
30.0,40.0,0.0,1,35.0,86,c003,70.0,42.857142857142854,57.142857142857146,0.0
30.0,25.0,0.0,0,,71,c003,55.0,54.54545454545455,45.45454545454545,0.0
45.0,105.0,0.0,0,,165,c003,150.0,30.0,70.0,0.0
30.0,20.0,0.0,0,,66,c003,50.0,60.0,40.0,0.0
30.0,40.0,0.0,3,37.0,86,c003,70.0,42.857142857142854,57.142857142857146,0.0
30.0,50.0,0.0,9,84.55555555555556,96,c003,80.0,37.5,62.5,0.0
50.0,75.0,0.0,14,96.35714285714286,155,c003,125.0,40.0,60.0,0.0
60.0,85.0,0.0,0,,190,c003,145.0,41.37931034482759,58.62068965517241,0.0
15.0,105.0,0.0,3,38.666666666666664,150,c003,120.0,12.5,87.5,0.0
25.0,60.0,0.0,5,49.2,86,c003,85.0,29.41176470588235,70.58823529411765,0.0
45.0,30.0,0.0,8,69.75,121,c003,75.0,60.0,40.0,0.0
60.0,75.0,0.0,12,63.166666666666664,165,c003,135.0,44.44444444444444,55.55555555555556,0.0
30.0,30.0,0.0,1,33.0,76,c003,60.0,50.0,50.0,0.0
30.0,25.0,0.0,0,,71,c003,55.0,54.54545454545455,45.45454545454545,0.0
45.0,75.0,15.0,10,66.6,150,c003,135.0,33.333333333333336,55.55555555555556,11.11111111111111
0.0,185.0,0.0,22,81.86363636363636,215,c003,185.0,0.0,100.0,0.0
40.0,60.0,0.0,10,89.7,130,c003,100.0,40.0,60.0,0.0
30.0,70.0,0.0,13,58.92307692307692,130,c003,100.0,30.0,70.0,0.0
0.0,60.0,15.0,4,63.5,86,c003,75.0,0.0,80.0,20.0
25.0,0.0,0.0,4,81.5,41,c003,25.0,100.0,0.0,0.0
0.0,75.0,15.0,10,88.4,111,c003,90.0,0.0,83.33333333333333,16.666666666666668
0.0,75.0,10.0,8,86.875,101,c003,85.0,0.0,88.23529411764706,11.764705882352942
0.0,20.0,0.0,3,34.666666666666664,36,c003,20.0,0.0,100.0,0.0
25.0,0.0,0.0,0,,41,c003,25.0,100.0,0.0,0.0
75.0,120.0,0.0,18,56.611111111111114,255,c003,195.0,38.46153846153846,61.53846153846154,0.0
30.0,45.0,0.0,8,40.125,106,c003,75.0,40.0,60.0,0.0
15.0,55.0,0.0,9,61.0,86,c003,70.0,21.428571428571427,78.57142857142857,0.0
30.0,125.0,0.0,10,71.7,215,c003,155.0,19.35483870967742,80.64516129032258,0.0
15.0,60.0,0.0,0,,91,c003,75.0,20.0,80.0,0.0
0.0,25.0,0.0,0,,41,c003,25.0,0.0,100.0,0.0
30.0,10.0,0.0,0,,56,c003,40.0,75.0,25.0,0.0
225.0,400.0,15.0,30,71.93333333333334,775,c003,640.0,35.15625,62.5,2.34375
0.0,30.0,0.0,0,,46,c003,30.0,0.0,100.0,0.0
0.0,105.0,0.0,0,,135,c003,105.0,0.0,100.0,0.0
30.0,0.0,0.0,3,92.66666666666667,46,c003,30.0,100.0,0.0,0.0
30.0,0.0,0.0,0,,46,c003,30.0,100.0,0.0,0.0
20.0,0.0,0.0,3,99.33333333333333,36,c003,20.0,100.0,0.0,0.0
0.0,25.0,0.0,4,60.75,41,c003,25.0,0.0,100.0,0.0
0.0,45.0,0.0,5,30.8,61,c003,45.0,0.0,100.0,0.0
0.0,45.0,0.0,5,61.0,61,c003,45.0,0.0,100.0,0.0
20.0,0.0,0.0,0,,36,c003,20.0,100.0,0.0,0.0
30.0,35.0,0.0,4,41.0,81,c003,65.0,46.15384615384615,53.84615384615385,0.0
30.0,45.0,15.0,0,,106,c003,90.0,33.333333333333336,50.0,16.666666666666668
10.0,45.0,0.0,0,,71,c003,55.0,18.181818181818183,81.81818181818181,0.0
30.0,20.0,15.0,9,78.33333333333333,125,c003,65.0,46.15384615384615,30.76923076923077,23.076923076923077
0.0,30.0,0.0,1,67.0,46,c003,30.0,0.0,100.0,0.0
150.0,465.0,15.0,21,80.38095238095238,775,c003,630.0,23.80952380952381,73.80952380952381,2.380952380952381
15.0,55.0,0.0,6,44.666666666666664,86,c003,70.0,21.428571428571427,78.57142857142857,0.0
25.0,30.0,15.0,1,78.0,130,c003,70.0,35.714285714285715,42.857142857142854,21.428571428571427
10.0,45.0,0.0,6,97.16666666666667,71,c003,55.0,18.181818181818183,81.81818181818181,0.0
30.0,55.0,0.0,11,106.54545454545455,200,c003,85.0,35.294117647058826,64.70588235294117,0.0
5.0,45.0,0.0,7,68.14285714285714,66,c003,50.0,10.0,90.0,0.0
30.0,45.0,0.0,5,62.6,111,c003,75.0,40.0,60.0,0.0
60.0,120.0,0.0,10,69.9,240,c003,180.0,33.333333333333336,66.66666666666667,0.0
15.0,45.0,0.0,10,73.1,106,c003,60.0,25.0,75.0,0.0
0.0,25.0,0.0,2,33.0,41,c003,25.0,0.0,100.0,0.0
30.0,50.0,0.0,7,40.714285714285715,96,c003,80.0,37.5,62.5,0.0
15.0,45.0,0.0,2,45.0,81,c003,60.0,25.0,75.0,0.0
165.0,185.0,0.0,11,50.63636363636363,336,c003,350.0,47.142857142857146,52.857142857142854,0.0
15.0,45.0,0.0,6,72.83333333333333,81,c003,60.0,25.0,75.0,0.0
35.0,45.0,0.0,3,46.0,96,c003,80.0,43.75,56.25,0.0
0.0,20.0,0.0,0,,36,c003,20.0,0.0,100.0,0.0
60.0,140.0,15.0,3,52.0,245,c003,215.0,27.906976744186046,65.11627906976744,6.976744186046512
15.0,75.0,0.0,9,60.111111111111114,121,c003,90.0,16.666666666666668,83.33333333333333,0.0
5.0,45.0,0.0,6,66.16666666666667,66,c003,50.0,10.0,90.0,0.0
10.0,45.0,0.0,6,70.66666666666667,71,c003,55.0,18.181818181818183,81.81818181818181,0.0
35.0,15.0,0.0,7,57.285714285714285,66,c003,50.0,70.0,30.0,0.0
45.0,140.0,15.0,18,61.611111111111114,230,c003,200.0,22.5,70.0,7.5
20.0,45.0,0.0,8,66.25,81,c003,65.0,30.76923076923077,69.23076923076923,0.0
30.0,30.0,0.0,4,38.25,96,c003,60.0,50.0,50.0,0.0
60.0,60.0,0.0,15,86.8,160,c003,120.0,50.0,50.0,0.0
35.0,45.0,0.0,10,78.5,96,c003,80.0,43.75,56.25,0.0
15.0,70.0,0.0,11,89.9090909090909,116,c003,85.0,17.647058823529413,82.3529411764706,0.0
30.0,50.0,0.0,2,27.5,111,c003,80.0,37.5,62.5,0.0
60.0,90.0,15.0,13,59.30769230769231,180,c003,165.0,36.36363636363637,54.54545454545455,9.090909090909092
0.0,30.0,0.0,4,109.5,46,c003,30.0,0.0,100.0,0.0
0.0,75.0,0.0,3,46.0,106,c003,75.0,0.0,100.0,0.0
30.0,0.0,0.0,0,,46,c003,30.0,100.0,0.0,0.0
65.0,75.0,15.0,3,66.0,170,c003,155.0,41.935483870967744,48.38709677419355,9.67741935483871
60.0,120.0,0.0,18,52.833333333333336,265,c003,180.0,33.333333333333336,66.66666666666667,0.0
0.0,50.0,0.0,7,59.714285714285715,81,c003,50.0,0.0,100.0,0.0
30.0,10.0,0.0,3,52.666666666666664,56,c003,40.0,75.0,25.0,0.0
45.0,15.0,0.0,2,57.5,76,c003,60.0,75.0,25.0,0.0
30.0,0.0,0.0,0,,51,c003,30.0,100.0,0.0,0.0
30.0,30.0,10.0,9,49.22222222222222,101,c003,70.0,42.857142857142854,42.857142857142854,14.285714285714286
40.0,105.0,0.0,10,59.6,175,c003,145.0,27.586206896551722,72.41379310344827,0.0
10.0,45.0,0.0,1,29.0,71,c003,55.0,18.181818181818183,81.81818181818181,0.0
60.0,45.0,0.0,10,92.6,150,c003,105.0,57.142857142857146,42.857142857142854,0.0
30.0,55.0,0.0,8,124.25,86,c003,85.0,35.294117647058826,64.70588235294117,0.0
15.0,55.0,0.0,4,64.25,86,c003,70.0,21.428571428571427,78.57142857142857,0.0
0.0,105.0,0.0,12,39.333333333333336,121,c003,105.0,0.0,100.0,0.0
30.0,0.0,0.0,5,56.0,46,c003,30.0,100.0,0.0,0.0
30.0,35.0,0.0,8,52.5,81,c003,65.0,46.15384615384615,53.84615384615385,0.0
30.0,10.0,0.0,6,67.33333333333333,56,c003,40.0,75.0,25.0,0.0
30.0,45.0,0.0,5,38.0,96,c003,75.0,40.0,60.0,0.0
20.0,0.0,0.0,4,65.25,36,c003,20.0,100.0,0.0,0.0
0.0,60.0,0.0,0,,61,c003,60.0,0.0,100.0,0.0
15.0,5.0,0.0,3,41.0,36,c003,20.0,75.0,25.0,0.0
30.0,0.0,0.0,5,35.8,46,c003,30.0,100.0,0.0,0.0
30.0,0.0,0.0,0,,46,c003,30.0,100.0,0.0,0.0
30.0,30.0,0.0,2,52.0,76,c003,60.0,50.0,50.0,0.0
50.0,105.0,0.0,13,73.76923076923077,185,c003,155.0,32.25806451612903,67.74193548387096,0.0
0.0,45.0,0.0,0,,61,c003,45.0,0.0,100.0,0.0
15.0,45.0,0.0,7,91.28571428571429,76,c003,60.0,25.0,75.0,0.0
25.0,0.0,0.0,4,90.25,41,c003,25.0,100.0,0.0,0.0
15.0,75.0,15.0,3,82.33333333333333,121,c003,105.0,14.285714285714286,71.42857142857143,14.285714285714286
0.0,45.0,0.0,6,65.66666666666667,61,c003,45.0,0.0,100.0,0.0
30.0,25.0,0.0,5,77.4,71,c003,55.0,54.54545454545455,45.45454545454545,0.0
90.0,130.0,0.0,19,62.1578947368421,385,c003,220.0,40.90909090909091,59.09090909090909,0.0
45.0,95.0,0.0,8,59.75,170,c003,140.0,32.142857142857146,67.85714285714286,0.0
15.0,115.0,0.0,16,59.1875,160,c003,130.0,11.538461538461538,88.46153846153847,0.0
15.0,0.0,0.0,0,,31,c003,15.0,100.0,0.0,0.0
75.0,80.0,15.0,17,83.29411764705883,170,c003,170.0,44.11764705882353,47.05882352941177,8.823529411764707
0.0,105.0,0.0,13,105.76923076923077,135,c003,105.0,0.0,100.0,0.0
0.0,30.0,0.0,2,72.0,51,c003,30.0,0.0,100.0,0.0
0.0,75.0,0.0,8,79.25,101,c003,75.0,0.0,100.0,0.0
0.0,30.0,0.0,6,79.5,51,c003,30.0,0.0,100.0,0.0
30.0,35.0,0.0,8,79.25,81,c003,65.0,46.15384615384615,53.84615384615385,0.0
15.0,30.0,0.0,6,83.33333333333333,51,c003,45.0,33.333333333333336,66.66666666666667,0.0
0.0,60.0,0.0,10,86.0,91,c003,60.0,0.0,100.0,0.0
60.0,20.0,0.0,0,,96,c003,80.0,75.0,25.0,0.0
30.0,15.0,0.0,3,49.333333333333336,61,c003,45.0,66.66666666666667,33.333333333333336,0.0
30.0,55.0,0.0,8,90.125,86,c003,85.0,35.294117647058826,64.70588235294117,0.0
50.0,120.0,0.0,19,88.47368421052632,185,c003,170.0,29.41176470588235,70.58823529411765,0.0
30.0,60.0,0.0,9,64.88888888888889,111,c003,90.0,33.333333333333336,66.66666666666667,0.0
0.0,25.0,0.0,0,,41,c003,25.0,0.0,100.0,0.0
30.0,100.0,0.0,14,64.57142857142857,160,c003,130.0,23.076923076923077,76.92307692307692,0.0
30.0,45.0,0.0,10,73.5,101,c003,75.0,40.0,60.0,0.0
20.0,0.0,0.0,4,85.0,36,c003,20.0,100.0,0.0,0.0
30.0,60.0,15.0,11,55.18181818181818,106,c003,105.0,28.571428571428573,57.142857142857146,14.285714285714286
30.0,20.0,0.0,7,92.28571428571429,66,c003,50.0,60.0,40.0,0.0
30.0,15.0,0.0,0,,61,c003,45.0,66.66666666666667,33.333333333333336,0.0
15.0,30.0,0.0,5,76.4,51,c003,45.0,33.333333333333336,66.66666666666667,0.0
40.0,90.0,15.0,14,53.07142857142857,145,c003,145.0,27.586206896551722,62.06896551724138,10.344827586206897
30.0,55.0,0.0,5,70.8,116,c003,85.0,35.294117647058826,64.70588235294117,0.0
35.0,75.0,0.0,19,74.84210526315789,185,c003,110.0,31.818181818181817,68.18181818181819,0.0
0.0,20.0,0.0,3,75.0,36,c003,20.0,0.0,100.0,0.0
40.0,60.0,15.0,4,62.75,130,c003,115.0,34.78260869565217,52.17391304347826,13.043478260869565
60.0,90.0,0.0,20,77.8,195,c003,150.0,40.0,60.0,0.0
0.0,55.0,0.0,6,83.33333333333333,56,c003,55.0,0.0,100.0,0.0
30.0,25.0,0.0,5,71.6,86,c003,55.0,54.54545454545455,45.45454545454545,0.0
30.0,0.0,0.0,5,93.4,51,c003,30.0,100.0,0.0,0.0
60.0,150.0,0.0,15,61.53333333333333,255,c003,210.0,28.571428571428573,71.42857142857143,0.0
35.0,45.0,0.0,3,121.66666666666667,125,c003,80.0,43.75,56.25,0.0
40.0,120.0,0.0,16,79.9375,190,c003,160.0,25.0,75.0,0.0
0.0,60.0,0.0,8,50.0,76,c003,60.0,0.0,100.0,0.0
165.0,105.0,15.0,22,62.36363636363637,345,c003,285.0,57.89473684210526,36.8421052631579,5.2631578947368425
15.0,65.0,0.0,12,91.66666666666667,125,c003,80.0,18.75,81.25,0.0
90.0,115.0,0.0,18,60.77777777777778,280,c003,205.0,43.90243902439025,56.09756097560975,0.0
20.0,45.0,0.0,6,53.0,81,c003,65.0,30.76923076923077,69.23076923076923,0.0
0.0,40.0,0.0,6,96.66666666666667,56,c003,40.0,0.0,100.0,0.0
90.0,180.0,15.0,20,67.65,340,c003,285.0,31.57894736842105,63.1578947368421,5.2631578947368425
30.0,80.0,0.0,0,,140,c003,110.0,27.272727272727273,72.72727272727273,0.0
30.0,10.0,0.0,2,36.0,56,c004,40.0,75.0,25.0,0.0
45.0,60.0,0.0,1,30.0,121,c004,105.0,42.857142857142854,57.142857142857146,0.0
75.0,105.0,0.0,4,38.75,240,c004,180.0,41.666666666666664,58.333333333333336,0.0
30.0,25.0,0.0,3,38.666666666666664,71,c004,55.0,54.54545454545455,45.45454545454545,0.0
30.0,30.0,10.0,3,37.666666666666664,101,c004,70.0,42.857142857142854,42.857142857142854,14.285714285714286
30.0,30.0,0.0,3,43.333333333333336,81,c004,60.0,50.0,50.0,0.0
25.0,0.0,0.0,3,32.0,41,c004,25.0,100.0,0.0,0.0
30.0,30.0,0.0,3,43.333333333333336,81,c004,60.0,50.0,50.0,0.0
30.0,60.0,0.0,1,43.0,91,c004,90.0,33.333333333333336,66.66666666666667,0.0
0.0,30.0,0.0,0,,31,c004,30.0,0.0,100.0,0.0
30.0,45.0,0.0,4,35.0,91,c004,75.0,40.0,60.0,0.0
30.0,0.0,0.0,4,46.5,46,c004,30.0,100.0,0.0,0.0
30.0,0.0,0.0,3,38.0,51,c004,30.0,100.0,0.0,0.0
40.0,75.0,0.0,1,87.0,145,c004,115.0,34.78260869565217,65.21739130434783,0.0
30.0,0.0,0.0,3,41.333333333333336,51,c004,30.0,100.0,0.0,0.0
60.0,105.0,0.0,1,53.0,185,c004,165.0,36.36363636363637,63.63636363636363,0.0
75.0,75.0,0.0,1,37.0,180,c004,150.0,50.0,50.0,0.0
30.0,45.0,0.0,3,39.666666666666664,96,c004,75.0,40.0,60.0,0.0
30.0,30.0,0.0,1,37.0,61,c004,60.0,50.0,50.0,0.0
30.0,60.0,15.0,3,48.0,121,c004,105.0,28.571428571428573,57.142857142857146,14.285714285714286
30.0,75.0,0.0,1,64.0,121,c004,105.0,28.571428571428573,71.42857142857143,0.0
0.0,40.0,0.0,4,91.0,56,c004,40.0,0.0,100.0,0.0
45.0,75.0,15.0,3,28.0,150,c004,135.0,33.333333333333336,55.55555555555556,11.11111111111111
70.0,45.0,15.0,3,36.666666666666664,145,c004,130.0,53.84615384615385,34.61538461538461,11.538461538461538
30.0,10.0,0.0,4,58.75,56,c004,40.0,75.0,25.0,0.0
30.0,10.0,0.0,4,41.5,56,c004,40.0,75.0,25.0,0.0
30.0,15.0,0.0,1,57.0,51,c004,45.0,66.66666666666667,33.333333333333336,0.0
75.0,135.0,0.0,4,39.0,255,c004,210.0,35.714285714285715,64.28571428571429,0.0
30.0,30.0,0.0,3,42.666666666666664,76,c004,60.0,50.0,50.0,0.0
30.0,45.0,0.0,1,61.0,101,c004,75.0,40.0,60.0,0.0
30.0,75.0,15.0,1,68.0,135,c004,120.0,25.0,62.5,12.5
0.0,0.0,5.0,1,56.0,6,c004,5.0,0.0,0.0,100.0
30.0,15.0,0.0,1,102.0,51,c004,45.0,66.66666666666667,33.333333333333336,0.0
30.0,15.0,0.0,0,,81,c004,45.0,66.66666666666667,33.333333333333336,0.0
20.0,0.0,0.0,0,,36,c004,20.0,100.0,0.0,0.0
60.0,50.0,0.0,0,,155,c004,110.0,54.54545454545455,45.45454545454545,0.0
30.0,15.0,0.0,0,,61,c004,45.0,66.66666666666667,33.333333333333336,0.0
0.0,20.0,0.0,3,58.333333333333336,36,c004,20.0,0.0,100.0,0.0
25.0,0.0,0.0,4,33.75,41,c004,25.0,100.0,0.0,0.0
30.0,0.0,0.0,3,52.0,51,c004,30.0,100.0,0.0,0.0
30.0,10.0,0.0,3,83.66666666666667,56,c004,40.0,75.0,25.0,0.0
30.0,25.0,0.0,3,43.333333333333336,71,c004,55.0,54.54545454545455,45.45454545454545,0.0
75.0,30.0,0.0,1,64.0,135,c004,105.0,71.42857142857143,28.571428571428573,0.0
30.0,35.0,0.0,4,55.25,96,c004,65.0,46.15384615384615,53.84615384615385,0.0
30.0,10.0,0.0,0,,56,c004,40.0,75.0,25.0,0.0
30.0,35.0,0.0,0,,111,c004,65.0,46.15384615384615,53.84615384615385,0.0
30.0,10.0,0.0,0,,56,c004,40.0,75.0,25.0,0.0
25.0,15.0,0.0,0,,41,c004,40.0,62.5,37.5,0.0
30.0,0.0,0.0,4,40.25,51,c004,30.0,100.0,0.0,0.0
30.0,45.0,0.0,4,39.0,111,c004,75.0,40.0,60.0,0.0
45.0,35.0,0.0,3,48.0,125,c004,80.0,56.25,43.75,0.0
60.0,55.0,0.0,1,67.0,145,c004,115.0,52.17391304347826,47.82608695652174,0.0
85.0,75.0,0.0,3,59.0,220,c004,160.0,53.125,46.875,0.0
30.0,30.0,0.0,3,85.33333333333333,101,c004,60.0,50.0,50.0,0.0
15.0,50.0,0.0,4,46.75,81,c004,65.0,23.076923076923077,76.92307692307692,0.0
30.0,35.0,0.0,3,55.666666666666664,81,c004,65.0,46.15384615384615,53.84615384615385,0.0
45.0,30.0,0.0,3,71.33333333333333,101,c004,75.0,60.0,40.0,0.0
30.0,30.0,0.0,4,81.25,81,c004,60.0,50.0,50.0,0.0
30.0,60.0,15.0,3,60.333333333333336,121,c004,105.0,28.571428571428573,57.142857142857146,14.285714285714286
20.0,0.0,0.0,3,78.33333333333333,36,c004,20.0,100.0,0.0,0.0
30.0,25.0,0.0,3,40.333333333333336,71,c004,55.0,54.54545454545455,45.45454545454545,0.0
30.0,45.0,0.0,1,61.0,91,c004,75.0,40.0,60.0,0.0
30.0,60.0,15.0,5,67.0,121,c004,105.0,28.571428571428573,57.142857142857146,14.285714285714286
30.0,45.0,0.0,1,101.0,101,c004,75.0,40.0,60.0,0.0
0.0,45.0,0.0,3,92.66666666666667,61,c004,45.0,0.0,100.0,0.0
70.0,60.0,0.0,3,73.0,175,c004,130.0,53.84615384615385,46.15384615384615,0.0
30.0,35.0,0.0,0,,66,c004,65.0,46.15384615384615,53.84615384615385,0.0
20.0,45.0,0.0,1,52.0,66,c004,65.0,30.76923076923077,69.23076923076923,0.0
30.0,45.0,0.0,3,68.0,91,c004,75.0,40.0,60.0,0.0
70.0,30.0,0.0,3,91.33333333333333,145,c004,100.0,70.0,30.0,0.0
45.0,65.0,0.0,1,97.0,140,c004,110.0,40.90909090909091,59.09090909090909,0.0
30.0,0.0,0.0,3,45.333333333333336,46,c004,30.0,100.0,0.0,0.0
70.0,60.0,0.0,3,61.666666666666664,190,c004,130.0,53.84615384615385,46.15384615384615,0.0
30.0,70.0,15.0,4,45.5,130,c004,115.0,26.08695652173913,60.869565217391305,13.043478260869565
30.0,45.0,0.0,3,41.666666666666664,106,c004,75.0,40.0,60.0,0.0
20.0,15.0,0.0,1,86.0,36,c004,35.0,57.142857142857146,42.857142857142854,0.0
0.0,55.0,0.0,1,122.0,71,c004,55.0,0.0,100.0,0.0
30.0,30.0,0.0,3,73.33333333333333,81,c004,60.0,50.0,50.0,0.0
45.0,60.0,15.0,1,121.0,121,c004,120.0,37.5,50.0,12.5
30.0,10.0,0.0,3,35.666666666666664,56,c004,40.0,75.0,25.0,0.0
30.0,15.0,0.0,5,43.8,61,c004,45.0,66.66666666666667,33.333333333333336,0.0
30.0,45.0,0.0,1,45.0,86,c004,75.0,40.0,60.0,0.0
30.0,15.0,0.0,1,89.0,51,c004,45.0,66.66666666666667,33.333333333333336,0.0
30.0,0.0,0.0,3,51.666666666666664,51,c004,30.0,100.0,0.0,0.0
30.0,30.0,0.0,3,45.333333333333336,76,c004,60.0,50.0,50.0,0.0
20.0,15.0,0.0,1,121.0,36,c004,35.0,57.142857142857146,42.857142857142854,0.0
30.0,50.0,0.0,1,61.0,81,c004,80.0,37.5,62.5,0.0
30.0,30.0,0.0,3,73.0,76,c004,60.0,50.0,50.0,0.0
30.0,10.0,0.0,3,46.666666666666664,56,c004,40.0,75.0,25.0,0.0
40.0,45.0,15.0,4,48.5,130,c004,100.0,40.0,45.0,15.0
30.0,45.0,0.0,1,57.0,91,c004,75.0,40.0,60.0,0.0
25.0,0.0,0.0,3,47.0,41,c004,25.0,100.0,0.0,0.0
30.0,60.0,0.0,1,42.0,91,c004,90.0,33.333333333333336,66.66666666666667,0.0
30.0,60.0,0.0,8,49.75,91,c004,90.0,33.333333333333336,66.66666666666667,0.0
30.0,105.0,0.0,1,36.0,165,c004,135.0,22.22222222222222,77.77777777777777,0.0
75.0,60.0,0.0,3,66.0,195,c004,135.0,55.55555555555556,44.44444444444444,0.0
70.0,45.0,0.0,3,76.33333333333333,160,c004,115.0,60.869565217391305,39.130434782608695,0.0
30.0,10.0,0.0,3,61.0,56,c004,40.0,75.0,25.0,0.0
75.0,75.0,0.0,1,50.0,195,c004,150.0,50.0,50.0,0.0
70.0,30.0,0.0,3,83.33333333333333,145,c004,100.0,70.0,30.0,0.0
30.0,55.0,0.0,1,84.0,86,c004,85.0,35.294117647058826,64.70588235294117,0.0
75.0,75.0,0.0,0,,180,c004,150.0,50.0,50.0,0.0
30.0,25.0,0.0,0,,71,c004,55.0,54.54545454545455,45.45454545454545,0.0
30.0,15.0,0.0,0,,51,c004,45.0,66.66666666666667,33.333333333333336,0.0
60.0,65.0,15.0,0,,170,c004,140.0,42.857142857142854,46.42857142857143,10.714285714285714
10.0,0.0,0.0,3,36.333333333333336,26,c004,10.0,100.0,0.0,0.0
10.0,15.0,0.0,1,32.0,26,c004,25.0,40.0,60.0,0.0
30.0,30.0,0.0,3,51.333333333333336,101,c004,60.0,50.0,50.0,0.0
50.0,30.0,0.0,5,39.8,125,c004,80.0,62.5,37.5,0.0
45.0,90.0,0.0,1,39.0,165,c004,135.0,33.333333333333336,66.66666666666667,0.0
30.0,0.0,0.0,3,76.66666666666667,51,c004,30.0,100.0,0.0,0.0
30.0,45.0,0.0,3,63.0,91,c004,75.0,40.0,60.0,0.0
60.0,60.0,15.0,6,55.166666666666664,150,c004,135.0,44.44444444444444,44.44444444444444,11.11111111111111
30.0,25.0,0.0,4,50.75,71,c004,55.0,54.54545454545455,45.45454545454545,0.0
0.0,30.0,0.0,1,128.0,31,c004,30.0,0.0,100.0,0.0
30.0,20.0,0.0,1,46.0,66,c004,50.0,60.0,40.0,0.0
30.0,30.0,0.0,0,,71,c004,60.0,50.0,50.0,0.0
50.0,45.0,0.0,0,,125,c004,95.0,52.63157894736842,47.36842105263158,0.0
30.0,30.0,0.0,3,77.0,76,c004,60.0,50.0,50.0,0.0
30.0,0.0,0.0,4,32.0,51,c004,30.0,100.0,0.0,0.0
45.0,65.0,15.0,1,77.0,125,c004,125.0,36.0,52.0,12.0
30.0,15.0,0.0,1,70.0,51,c004,45.0,66.66666666666667,33.333333333333336,0.0
0.0,55.0,0.0,1,66.0,56,c004,55.0,0.0,100.0,0.0
60.0,90.0,15.0,6,47.666666666666664,205,c004,165.0,36.36363636363637,54.54545454545455,9.090909090909092
30.0,45.0,0.0,4,60.25,111,c004,75.0,40.0,60.0,0.0
30.0,20.0,0.0,3,64.66666666666667,66,c004,50.0,60.0,40.0,0.0
60.0,45.0,0.0,3,75.0,135,c004,105.0,57.142857142857146,42.857142857142854,0.0
30.0,10.0,0.0,3,68.66666666666667,56,c004,40.0,75.0,25.0,0.0
30.0,15.0,15.0,7,43.285714285714285,61,c004,60.0,50.0,25.0,25.0
70.0,105.0,0.0,1,39.0,220,c004,175.0,40.0,60.0,0.0
30.0,75.0,0.0,1,59.0,121,c004,105.0,28.571428571428573,71.42857142857143,0.0
30.0,30.0,0.0,4,52.0,76,c004,60.0,50.0,50.0,0.0
25.0,0.0,0.0,3,51.333333333333336,41,c004,25.0,100.0,0.0,0.0
30.0,15.0,0.0,1,66.0,46,c004,45.0,66.66666666666667,33.333333333333336,0.0
30.0,0.0,0.0,3,41.0,51,c004,30.0,100.0,0.0,0.0
0.0,15.0,0.0,1,123.0,16,c004,15.0,0.0,100.0,0.0
30.0,45.0,0.0,4,66.75,91,c004,75.0,40.0,60.0,0.0
30.0,45.0,0.0,3,44.0,91,c004,75.0,40.0,60.0,0.0
0.0,15.0,0.0,0,,16,c004,15.0,0.0,100.0,0.0
30.0,0.0,0.0,4,50.0,46,c004,30.0,100.0,0.0,0.0
45.0,45.0,0.0,3,76.33333333333333,135,c004,90.0,50.0,50.0,0.0
30.0,55.0,0.0,0,,86,c004,85.0,35.294117647058826,64.70588235294117,0.0
0.0,20.0,0.0,3,33.666666666666664,36,c004,20.0,0.0,100.0,0.0
20.0,0.0,0.0,0,,36,c004,20.0,100.0,0.0,0.0
30.0,10.0,0.0,0,,56,c004,40.0,75.0,25.0,0.0
45.0,80.0,0.0,0,,170,c004,125.0,36.0,64.0,0.0
0.0,20.0,0.0,0,,36,c004,20.0,0.0,100.0,0.0
30.0,35.0,0.0,3,42.666666666666664,96,c004,65.0,46.15384615384615,53.84615384615385,0.0
90.0,135.0,0.0,3,44.666666666666664,300,c004,225.0,40.0,60.0,0.0
0.0,45.0,0.0,1,70.0,51,c004,45.0,0.0,100.0,0.0
30.0,0.0,0.0,4,55.25,46,c004,30.0,100.0,0.0,0.0
55.0,30.0,0.0,3,55.666666666666664,130,c004,85.0,64.70588235294117,35.294117647058826,0.0
30.0,25.0,0.0,4,84.75,71,c004,55.0,54.54545454545455,45.45454545454545,0.0
30.0,0.0,0.0,4,44.75,46,c004,30.0,100.0,0.0,0.0
45.0,30.0,0.0,3,44.666666666666664,111,c004,75.0,60.0,40.0,0.0
30.0,15.0,15.0,6,43.333333333333336,61,c004,60.0,50.0,25.0,25.0
60.0,65.0,0.0,4,73.0,170,c004,125.0,48.0,52.0,0.0
60.0,30.0,0.0,3,45.333333333333336,135,c004,90.0,66.66666666666667,33.333333333333336,0.0
15.0,20.0,0.0,1,82.0,36,c004,35.0,42.857142857142854,57.142857142857146,0.0
25.0,0.0,0.0,3,48.666666666666664,41,c004,25.0,100.0,0.0,0.0
60.0,65.0,0.0,4,44.75,170,c004,125.0,48.0,52.0,0.0
30.0,45.0,0.0,4,59.25,106,c004,75.0,40.0,60.0,0.0
30.0,0.0,0.0,3,57.333333333333336,51,c004,30.0,100.0,0.0,0.0
90.0,95.0,0.0,4,33.75,230,c004,185.0,48.648648648648646,51.351351351351354,0.0
20.0,0.0,0.0,3,65.66666666666667,36,c004,20.0,100.0,0.0,0.0
35.0,60.0,0.0,3,40.0,140,c004,95.0,36.8421052631579,63.1578947368421,0.0
30.0,20.0,0.0,3,47.333333333333336,66,c004,50.0,60.0,40.0,0.0
0.0,25.0,0.0,4,55.125,41,c004,25.0,0.0,100.0,0.0
20.0,0.0,0.0,3,46.333333333333336,36,c004,20.0,100.0,0.0,0.0
30.0,15.0,0.0,3,44.0,76,c004,45.0,66.66666666666667,33.333333333333336,0.0
30.0,10.0,0.0,4,83.25,56,c004,40.0,75.0,25.0,0.0
30.0,50.0,0.0,1,60.0,111,c004,80.0,37.5,62.5,0.0
25.0,0.0,0.0,3,62.666666666666664,41,c004,25.0,100.0,0.0,0.0
30.0,30.0,15.0,3,48.333333333333336,106,c004,75.0,40.0,40.0,20.0
30.0,30.0,0.0,1,63.0,81,c004,60.0,50.0,50.0,0.0
45.0,60.0,0.0,0,,121,c004,105.0,42.857142857142854,57.142857142857146,0.0
30.0,35.0,0.0,3,50.0,81,c004,65.0,46.15384615384615,53.84615384615385,0.0
0.0,10.0,0.0,2,80.0,26,c004,10.0,0.0,100.0,0.0
30.0,15.0,0.0,3,78.33333333333333,76,c004,45.0,66.66666666666667,33.333333333333336,0.0
0.0,70.0,0.0,3,45.333333333333336,86,c004,70.0,0.0,100.0,0.0
15.0,45.0,0.0,4,32.75,106,c004,60.0,25.0,75.0,0.0
30.0,15.0,0.0,4,39.5,61,c004,45.0,66.66666666666667,33.333333333333336,0.0
30.0,10.0,0.0,3,44.666666666666664,56,c004,40.0,75.0,25.0,0.0
30.0,60.0,0.0,1,33.0,91,c004,90.0,33.333333333333336,66.66666666666667,0.0
45.0,75.0,15.0,1,123.0,135,c004,135.0,33.333333333333336,55.55555555555556,11.11111111111111
30.0,30.0,0.0,1,81.0,86,c004,60.0,50.0,50.0,0.0
60.0,75.0,0.0,0,,195,c004,135.0,44.44444444444444,55.55555555555556,0.0
50.0,45.0,0.0,1,63.0,125,c004,95.0,52.63157894736842,47.36842105263158,0.0
30.0,45.0,0.0,1,102.0,81,c004,75.0,40.0,60.0,0.0
55.0,45.0,0.0,3,50.0,145,c004,100.0,55.0,45.0,0.0
25.0,0.0,0.0,3,45.0,41,c004,25.0,100.0,0.0,0.0
30.0,65.0,15.0,3,68.66666666666667,125,c004,110.0,27.272727272727273,59.09090909090909,13.636363636363637
30.0,25.0,0.0,3,48.0,71,c004,55.0,54.54545454545455,45.45454545454545,0.0
60.0,60.0,15.0,3,61.333333333333336,150,c004,135.0,44.44444444444444,44.44444444444444,11.11111111111111
0.0,45.0,0.0,1,59.0,51,c004,45.0,0.0,100.0,0.0
45.0,25.0,0.0,7,73.28571428571429,71,c004,70.0,64.28571428571429,35.714285714285715,0.0
70.0,120.0,0.0,1,67.0,235,c004,190.0,36.8421052631579,63.1578947368421,0.0
30.0,10.0,0.0,3,61.0,56,c004,40.0,75.0,25.0,0.0
60.0,90.0,0.0,0,,205,c004,150.0,40.0,60.0,0.0
30.0,15.0,0.0,3,82.33333333333333,81,c004,45.0,66.66666666666667,33.333333333333336,0.0
30.0,10.0,0.0,3,42.0,56,c004,40.0,75.0,25.0,0.0
15.0,15.0,0.0,1,51.0,31,c004,30.0,50.0,50.0,0.0
60.0,70.0,15.0,1,35.0,160,c004,145.0,41.37931034482759,48.275862068965516,10.344827586206897
30.0,30.0,0.0,1,82.0,91,c004,60.0,50.0,50.0,0.0
30.0,60.0,30.0,6,42.166666666666664,121,c004,120.0,25.0,50.0,25.0
30.0,15.0,0.0,5,53.4,61,c004,45.0,66.66666666666667,33.333333333333336,0.0
30.0,0.0,0.0,4,45.75,46,c004,30.0,100.0,0.0,0.0
30.0,45.0,0.0,1,61.0,106,c004,75.0,40.0,60.0,0.0
0.0,40.0,0.0,2,70.0,56,c004,40.0,0.0,100.0,0.0
0.0,20.0,0.0,4,54.75,36,c004,20.0,0.0,100.0,0.0
30.0,0.0,0.0,5,41.0,51,c004,30.0,100.0,0.0,0.0
55.0,45.0,0.0,3,71.33333333333333,130,c004,100.0,55.0,45.0,0.0
30.0,30.0,0.0,0,,81,c004,60.0,50.0,50.0,0.0
30.0,35.0,0.0,4,68.0,81,c004,65.0,46.15384615384615,53.84615384615385,0.0
30.0,15.0,0.0,3,43.333333333333336,61,c004,45.0,66.66666666666667,33.333333333333336,0.0
60.0,75.0,15.0,3,55.333333333333336,165,c004,150.0,40.0,50.0,10.0
60.0,120.0,30.0,1,80.0,215,c004,210.0,28.571428571428573,57.142857142857146,14.285714285714286
30.0,0.0,0.0,3,58.666666666666664,46,c004,30.0,100.0,0.0,0.0
35.0,45.0,0.0,3,62.0,111,c004,80.0,43.75,56.25,0.0
30.0,30.0,10.0,4,36.0,101,c004,70.0,42.857142857142854,42.857142857142854,14.285714285714286
30.0,30.0,0.0,3,104.0,76,c004,60.0,50.0,50.0,0.0
30.0,45.0,0.0,3,48.0,106,c004,75.0,40.0,60.0,0.0
30.0,45.0,0.0,4,40.25,91,c004,75.0,40.0,60.0,0.0
30.0,10.0,0.0,4,64.5,56,c004,40.0,75.0,25.0,0.0
30.0,30.0,0.0,0,,101,c004,60.0,50.0,50.0,0.0
60.0,85.0,15.0,3,48.666666666666664,175,c004,160.0,37.5,53.125,9.375
30.0,75.0,15.0,4,109.5,135,c004,120.0,25.0,62.5,12.5
75.0,70.0,0.0,4,44.25,175,c004,145.0,51.724137931034484,48.275862068965516,0.0
70.0,45.0,0.0,1,83.0,145,c004,115.0,60.869565217391305,39.130434782608695,0.0
30.0,60.0,0.0,1,86.0,106,c004,90.0,33.333333333333336,66.66666666666667,0.0
30.0,40.0,0.0,3,35.666666666666664,86,c004,70.0,42.857142857142854,57.142857142857146,0.0
80.0,75.0,0.0,0,,230,c004,155.0,51.61290322580645,48.38709677419355,0.0
30.0,35.0,0.0,0,,96,c004,65.0,46.15384615384615,53.84615384615385,0.0
30.0,10.0,0.0,3,44.333333333333336,56,c004,40.0,75.0,25.0,0.0
60.0,100.0,0.0,3,70.0,220,c004,160.0,37.5,62.5,0.0
30.0,25.0,0.0,3,110.66666666666667,71,c004,55.0,54.54545454545455,45.45454545454545,0.0
60.0,75.0,5.0,0,,200,c004,140.0,42.857142857142854,53.57142857142857,3.5714285714285716
30.0,70.0,0.0,0,,130,c004,100.0,30.0,70.0,0.0
30.0,10.0,0.0,4,52.0,56,c004,40.0,75.0,25.0,0.0
15.0,0.0,0.0,3,88.0,31,c004,15.0,100.0,0.0,0.0
45.0,65.0,15.0,3,72.33333333333333,140,c004,125.0,36.0,52.0,12.0
30.0,30.0,0.0,1,84.0,81,c004,60.0,50.0,50.0,0.0
30.0,30.0,0.0,2,51.5,76,c004,60.0,50.0,50.0,0.0
90.0,90.0,0.0,0,,240,c004,180.0,50.0,50.0,0.0
15.0,60.0,0.0,0,,76,c004,75.0,20.0,80.0,0.0
70.0,60.0,15.0,4,44.75,160,c004,145.0,48.275862068965516,41.37931034482759,10.344827586206897
60.0,120.0,0.0,0,,210,c004,180.0,33.333333333333336,66.66666666666667,0.0
45.0,30.0,0.0,0,,101,c004,75.0,60.0,40.0,0.0
30.0,30.0,0.0,0,,91,c004,60.0,50.0,50.0,0.0
30.0,30.0,0.0,0,,61,c004,60.0,50.0,50.0,0.0
30.0,30.0,0.0,0,,76,c004,60.0,50.0,50.0,0.0
75.0,60.0,0.0,0,,180,c004,135.0,55.55555555555556,44.44444444444444,0.0
15.0,0.0,0.0,0,,31,c004,15.0,100.0,0.0,0.0
65.0,45.0,0.0,0,,140,c004,110.0,59.09090909090909,40.90909090909091,0.0
60.0,120.0,0.0,0,,225,c004,180.0,33.333333333333336,66.66666666666667,0.0
0.0,60.0,15.0,0,,76,c004,75.0,0.0,80.0,20.0
50.0,45.0,0.0,0,,125,c004,95.0,52.63157894736842,47.36842105263158,0.0
45.0,55.0,0.0,0,,130,c004,100.0,45.0,55.0,0.0
0.0,45.0,0.0,0,,46,c004,45.0,0.0,100.0,0.0
95.0,0.0,15.0,3,80.66666666666667,111,c004,110.0,86.36363636363636,0.0,13.636363636363637
0.0,20.0,0.0,0,,36,c004,20.0,0.0,100.0,0.0
30.0,15.0,0.0,3,47.666666666666664,66,c004,45.0,66.66666666666667,33.333333333333336,0.0
60.0,75.0,0.0,0,,205,c004,135.0,44.44444444444444,55.55555555555556,0.0
45.0,55.0,0.0,0,,130,c004,100.0,45.0,55.0,0.0
0.0,20.0,0.0,0,,21,c004,20.0,0.0,100.0,0.0
730.0,2160.0,180.0,0,,3445,c004,3070.0,23.778501628664497,70.35830618892508,5.863192182410423
30.0,0.0,0.0,3,31.666666666666668,51,c004,30.0,100.0,0.0,0.0
30.0,30.0,0.0,1,41.0,76,c004,60.0,50.0,50.0,0.0
30.0,30.0,0.0,0,,81,c004,60.0,50.0,50.0,0.0
30.0,60.0,0.0,0,,106,c004,90.0,33.333333333333336,66.66666666666667,0.0
15.0,85.0,15.0,4,64.25,130,c004,115.0,13.043478260869565,73.91304347826087,13.043478260869565
30.0,35.0,0.0,3,51.0,81,c004,65.0,46.15384615384615,53.84615384615385,0.0
60.0,85.0,0.0,3,58.0,190,c004,145.0,41.37931034482759,58.62068965517241,0.0
5.0,60.0,0.0,1,70.0,66,c004,65.0,7.6923076923076925,92.3076923076923,0.0
0.0,25.0,0.0,4,43.0,41,c004,25.0,0.0,100.0,0.0
30.0,0.0,0.0,4,36.75,46,c004,30.0,100.0,0.0,0.0
30.0,60.0,15.0,1,37.0,106,c004,105.0,28.571428571428573,57.142857142857146,14.285714285714286
15.0,70.0,0.0,0,,116,c004,85.0,17.647058823529413,82.3529411764706,0.0
30.0,40.0,0.0,0,,86,c004,70.0,42.857142857142854,57.142857142857146,0.0
30.0,10.0,0.0,0,,56,c004,40.0,75.0,25.0,0.0
30.0,30.0,0.0,0,,61,c004,60.0,50.0,50.0,0.0
30.0,0.0,0.0,0,,51,c004,30.0,100.0,0.0,0.0
25.0,15.0,0.0,0,,41,c004,40.0,62.5,37.5,0.0
0.0,60.0,0.0,0,,81,c004,60.0,0.0,100.0,0.0
30.0,0.0,0.0,4,53.5,46,c004,30.0,100.0,0.0,0.0
60.0,70.0,15.0,3,65.33333333333333,175,c004,145.0,41.37931034482759,48.275862068965516,10.344827586206897
30.0,25.0,0.0,4,60.5,71,c004,55.0,54.54545454545455,45.45454545454545,0.0
30.0,30.0,0.0,1,41.0,61,c004,60.0,50.0,50.0,0.0
30.0,20.0,15.0,6,39.666666666666664,66,c004,65.0,46.15384615384615,30.76923076923077,23.076923076923077
30.0,35.0,0.0,0,,66,c004,65.0,46.15384615384615,53.84615384615385,0.0
30.0,45.0,0.0,0,,91,c004,75.0,40.0,60.0,0.0
0.0,10.0,0.0,0,,11,c004,10.0,0.0,100.0,0.0
45.0,105.0,15.0,0,,165,c004,165.0,27.272727272727273,63.63636363636363,9.090909090909092
150.0,75.0,25.0,18,55.77777777777778,794,c004,250.0,60.0,30.0,10.0
30.0,15.0,0.0,0,,61,c004,45.0,66.66666666666667,33.333333333333336,0.0
20.0,0.0,0.0,0,,36,c004,20.0,100.0,0.0,0.0
30.0,15.0,0.0,0,,86,c004,45.0,66.66666666666667,33.333333333333336,0.0
30.0,50.0,0.0,0,,81,c004,80.0,37.5,62.5,0.0
0.0,25.0,0.0,0,,26,c004,25.0,0.0,100.0,0.0
0.0,25.0,0.0,0,,41,c004,25.0,0.0,100.0,0.0
20.0,0.0,0.0,3,106.33333333333333,36,c004,20.0,100.0,0.0,0.0
25.0,0.0,0.0,4,59.0,41,c004,25.0,100.0,0.0,0.0
45.0,80.0,15.0,3,73.33333333333333,155,c004,140.0,32.142857142857146,57.142857142857146,10.714285714285714
25.0,15.0,0.0,1,66.0,41,c004,40.0,62.5,37.5,0.0
5.0,45.0,0.0,0,,66,c004,50.0,10.0,90.0,0.0
30.0,0.0,0.0,4,58.5,51,c004,30.0,100.0,0.0,0.0
75.0,100.0,0.0,0,,220,c004,175.0,42.857142857142854,57.142857142857146,0.0
60.0,30.0,0.0,3,62.333333333333336,135,c004,90.0,66.66666666666667,33.333333333333336,0.0
60.0,85.0,0.0,4,54.25,190,c004,145.0,41.37931034482759,58.62068965517241,0.0
60.0,75.0,5.0,3,41.333333333333336,200,c004,140.0,42.857142857142854,53.57142857142857,3.5714285714285716
30.0,10.0,0.0,3,83.0,56,c004,40.0,75.0,25.0,0.0
15.0,30.0,0.0,1,55.0,51,c004,45.0,33.333333333333336,66.66666666666667,0.0
60.0,35.0,0.0,4,62.75,140,c004,95.0,63.1578947368421,36.8421052631579,0.0
30.0,10.0,0.0,4,69.75,56,c004,40.0,75.0,25.0,0.0
25.0,0.0,0.0,3,51.666666666666664,41,c004,25.0,100.0,0.0,0.0
60.0,85.0,15.0,3,66.33333333333333,175,c004,160.0,37.5,53.125,9.375
30.0,105.0,0.0,1,126.0,150,c004,135.0,22.22222222222222,77.77777777777777,0.0
30.0,20.0,15.0,6,55.333333333333336,66,c004,65.0,46.15384615384615,30.76923076923077,23.076923076923077
65.0,75.0,15.0,1,128.0,155,c004,155.0,41.935483870967744,48.38709677419355,9.67741935483871
25.0,0.0,0.0,4,78.5,41,c004,25.0,100.0,0.0,0.0
0.0,40.0,0.0,4,48.75,56,c004,40.0,0.0,100.0,0.0
60.0,20.0,0.0,0,,111,c004,80.0,75.0,25.0,0.0
30.0,20.0,0.0,0,,66,c004,50.0,60.0,40.0,0.0
30.0,0.0,0.0,0,,46,c004,30.0,100.0,0.0,0.0
0.0,85.0,0.0,0,,86,c004,85.0,0.0,100.0,0.0
30.0,20.0,0.0,0,,66,c004,50.0,60.0,40.0,0.0
45.0,30.0,0.0,0,,106,c004,75.0,60.0,40.0,0.0
45.0,60.0,0.0,0,,150,c004,105.0,42.857142857142854,57.142857142857146,0.0
60.0,75.0,15.0,0,,165,c004,150.0,40.0,50.0,10.0
30.0,30.0,0.0,0,,101,c004,60.0,50.0,50.0,0.0
60.0,105.0,0.0,0,,210,c004,165.0,36.36363636363637,63.63636363636363,0.0
30.0,50.0,0.0,0,,81,c004,80.0,37.5,62.5,0.0
30.0,80.0,15.0,0,,125,c004,125.0,24.0,64.0,12.0
30.0,55.0,0.0,1,89.0,116,c004,85.0,35.294117647058826,64.70588235294117,0.0
20.0,0.0,0.0,3,41.333333333333336,36,c004,20.0,100.0,0.0,0.0
75.0,60.0,0.0,3,46.666666666666664,195,c004,135.0,55.55555555555556,44.44444444444444,0.0
0.0,60.0,0.0,1,71.0,61,c004,60.0,0.0,100.0,0.0
30.0,35.0,0.0,1,36.0,81,c004,65.0,46.15384615384615,53.84615384615385,0.0
15.0,40.0,0.0,0,,56,c004,55.0,27.272727272727273,72.72727272727273,0.0
30.0,0.0,0.0,0,,51,c004,30.0,100.0,0.0,0.0
30.0,10.0,0.0,0,,56,c004,40.0,75.0,25.0,0.0
90.0,60.0,15.0,0,,180,c004,165.0,54.54545454545455,36.36363636363637,9.090909090909092
15.0,45.0,0.0,0,,76,c004,60.0,25.0,75.0,0.0
0.0,25.0,0.0,4,53.25,41,c004,25.0,0.0,100.0,0.0
30.0,10.0,15.0,0,,56,c004,55.0,54.54545454545455,18.181818181818183,27.272727272727273
60.0,135.0,0.0,0,,225,c004,195.0,30.76923076923077,69.23076923076923,0.0
75.0,110.0,0.0,3,29.666666666666668,230,c005,185.0,40.54054054054054,59.45945945945946,0.0
15.0,55.0,0.0,1,35.0,86,c005,70.0,21.428571428571427,78.57142857142857,0.0
30.0,20.0,0.0,2,37.75,66,c005,50.0,60.0,40.0,0.0
55.0,60.0,15.0,1,28.0,145,c005,130.0,42.30769230769231,46.15384615384615,11.538461538461538
30.0,45.0,0.0,3,32.333333333333336,111,c005,75.0,40.0,60.0,0.0
60.0,65.0,0.0,4,27.25,170,c005,125.0,48.0,52.0,0.0
0.0,35.0,0.0,0,,36,c005,35.0,0.0,100.0,0.0
85.0,105.0,15.0,3,31.333333333333332,265,c005,205.0,41.46341463414634,51.21951219512195,7.317073170731708
10.0,120.0,0.0,4,36.0,160,c005,130.0,7.6923076923076925,92.3076923076923,0.0
0.0,25.0,0.0,4,30.25,41,c005,25.0,0.0,100.0,0.0
30.0,25.0,0.0,4,29.5,71,c005,55.0,54.54545454545455,45.45454545454545,0.0
45.0,80.0,0.0,1,28.0,140,c005,125.0,36.0,64.0,0.0
30.0,45.0,0.0,1,31.0,106,c005,75.0,40.0,60.0,0.0
0.0,40.0,0.0,3,32.0,56,c005,40.0,0.0,100.0,0.0
30.0,30.0,0.0,3,40.333333333333336,91,c005,60.0,50.0,50.0,0.0
60.0,60.0,0.0,4,36.25,195,c005,120.0,50.0,50.0,0.0
75.0,130.0,15.0,2,28.5,250,c005,220.0,34.09090909090909,59.09090909090909,6.818181818181818
30.0,35.0,0.0,3,28.666666666666668,81,c005,65.0,46.15384615384615,53.84615384615385,0.0
30.0,20.0,0.0,4,33.75,66,c005,50.0,60.0,40.0,0.0
45.0,15.0,0.0,4,33.25,76,c005,60.0,75.0,25.0,0.0
15.0,120.0,0.0,0,,165,c005,135.0,11.11111111111111,88.88888888888889,0.0
30.0,15.0,0.0,2,62.0,61,c005,45.0,66.66666666666667,33.333333333333336,0.0
0.0,15.0,0.0,0,,16,c005,15.0,0.0,100.0,0.0
30.0,25.0,0.0,4,35.0,71,c005,55.0,54.54545454545455,45.45454545454545,0.0
30.0,105.0,0.0,1,33.0,160,c005,135.0,22.22222222222222,77.77777777777777,0.0
0.0,30.0,0.0,0,,51,c005,30.0,0.0,100.0,0.0
45.0,75.0,15.0,4,33.0,150,c005,135.0,33.333333333333336,55.55555555555556,11.11111111111111
30.0,30.0,10.0,4,32.25,101,c005,70.0,42.857142857142854,42.857142857142854,14.285714285714286
15.0,65.0,0.0,0,,111,c005,80.0,18.75,81.25,0.0
20.0,0.0,0.0,2,33.5,36,c005,20.0,100.0,0.0,0.0
60.0,85.0,0.0,4,32.0,220,c005,145.0,41.37931034482759,58.62068965517241,0.0
0.0,55.0,0.0,1,32.0,56,c005,55.0,0.0,100.0,0.0
5.0,45.0,0.0,4,40.75,66,c005,50.0,10.0,90.0,0.0
30.0,45.0,15.0,4,30.0,111,c005,90.0,33.333333333333336,50.0,16.666666666666668
45.0,105.0,0.0,3,31.666666666666668,205,c005,150.0,30.0,70.0,0.0
20.0,0.0,0.0,3,28.666666666666668,36,c005,20.0,100.0,0.0,0.0
45.0,25.0,0.0,7,33.857142857142854,71,c005,70.0,64.28571428571429,35.714285714285715,0.0
30.0,50.0,0.0,4,31.25,96,c005,80.0,37.5,62.5,0.0
45.0,45.0,0.0,7,32.285714285714285,91,c005,90.0,50.0,50.0,0.0
0.0,55.0,15.0,6,33.833333333333336,71,c005,70.0,0.0,78.57142857142857,21.428571428571427
30.0,75.0,0.0,4,33.0,150,c005,105.0,28.571428571428573,71.42857142857143,0.0
5.0,45.0,0.0,4,26.25,66,c005,50.0,10.0,90.0,0.0
30.0,60.0,0.0,0,,91,c005,90.0,33.333333333333336,66.66666666666667,0.0
30.0,20.0,0.0,3,31.666666666666668,66,c005,50.0,60.0,40.0,0.0
30.0,45.0,0.0,1,30.0,101,c005,75.0,40.0,60.0,0.0
45.0,35.0,0.0,1,29.0,81,c005,80.0,56.25,43.75,0.0
30.0,45.0,0.0,5,28.6,91,c005,75.0,40.0,60.0,0.0
45.0,120.0,15.0,0,,180,c005,180.0,25.0,66.66666666666667,8.333333333333334
0.0,30.0,0.0,4,30.5,51,c005,30.0,0.0,100.0,0.0
30.0,45.0,15.0,3,32.333333333333336,106,c005,90.0,33.333333333333336,50.0,16.666666666666668
45.0,130.0,0.0,0,,220,c005,175.0,25.714285714285715,74.28571428571429,0.0
30.0,20.0,0.0,4,32.0,66,c005,50.0,60.0,40.0,0.0
30.0,20.0,0.0,3,34.666666666666664,66,c005,50.0,60.0,40.0,0.0
60.0,85.0,15.0,0,,175,c005,160.0,37.5,53.125,9.375
0.0,45.0,0.0,0,,61,c005,45.0,0.0,100.0,0.0
30.0,30.0,0.0,5,28.2,76,c005,60.0,50.0,50.0,0.0
30.0,60.0,0.0,0,,106,c005,90.0,33.333333333333336,66.66666666666667,0.0
30.0,60.0,0.0,1,31.0,106,c005,90.0,33.333333333333336,66.66666666666667,0.0
30.0,15.0,15.0,6,32.833333333333336,86,c005,60.0,50.0,25.0,25.0
30.0,30.0,0.0,4,40.5,96,c005,60.0,50.0,50.0,0.0
30.0,55.0,0.0,5,40.4,116,c005,85.0,35.294117647058826,64.70588235294117,0.0
15.0,60.0,0.0,1,34.0,76,c005,75.0,20.0,80.0,0.0
0.0,30.0,0.0,4,33.75,46,c005,30.0,0.0,100.0,0.0
30.0,0.0,0.0,6,32.5,51,c005,30.0,100.0,0.0,0.0
55.0,75.0,15.0,1,55.0,145,c005,145.0,37.93103448275862,51.724137931034484,10.344827586206897
25.0,45.0,0.0,4,38.5,86,c005,70.0,35.714285714285715,64.28571428571429,0.0
0.0,30.0,0.0,4,36.0,46,c005,30.0,0.0,100.0,0.0
30.0,30.0,0.0,4,32.5,76,c005,60.0,50.0,50.0,0.0
20.0,90.0,0.0,3,40.0,155,c005,110.0,18.181818181818183,81.81818181818181,0.0
20.0,0.0,0.0,3,27.666666666666668,36,c005,20.0,100.0,0.0,0.0
30.0,25.0,0.0,1,29.0,56,c005,55.0,54.54545454545455,45.45454545454545,0.0
60.0,105.0,0.0,3,30.333333333333332,225,c005,165.0,36.36363636363637,63.63636363636363,0.0
15.0,45.0,0.0,4,33.75,76,c005,60.0,25.0,75.0,0.0
20.0,0.0,0.0,1,43.0,36,c005,20.0,100.0,0.0,0.0
20.0,0.0,0.0,0,,36,c005,20.0,100.0,0.0,0.0
45.0,100.0,15.0,4,29.75,175,c005,160.0,28.125,62.5,9.375
0.0,45.0,0.0,0,,46,c005,45.0,0.0,100.0,0.0
30.0,30.0,0.0,2,28.0,86,c005,60.0,50.0,50.0,0.0
30.0,30.0,0.0,3,29.333333333333332,106,c005,60.0,50.0,50.0,0.0
30.0,70.0,0.0,1,36.0,116,c005,100.0,30.0,70.0,0.0
0.0,45.0,0.0,1,29.0,51,c005,45.0,0.0,100.0,0.0
0.0,40.0,0.0,4,29.0,56,c005,40.0,0.0,100.0,0.0
30.0,0.0,0.0,4,29.75,46,c005,30.0,100.0,0.0,0.0
30.0,15.0,0.0,5,30.0,91,c005,45.0,66.66666666666667,33.333333333333336,0.0
60.0,90.0,0.0,3,41.0,195,c005,150.0,40.0,60.0,0.0
15.0,95.0,0.0,4,40.5,140,c005,110.0,13.636363636363637,86.36363636363636,0.0
0.0,20.0,0.0,1,31.0,36,c005,20.0,0.0,100.0,0.0
30.0,45.0,0.0,4,32.5,106,c005,75.0,40.0,60.0,0.0
30.0,15.0,0.0,0,,46,c005,45.0,66.66666666666667,33.333333333333336,0.0
60.0,55.0,0.0,4,36.25,160,c005,115.0,52.17391304347826,47.82608695652174,0.0
20.0,45.0,0.0,3,32.333333333333336,81,c005,65.0,30.76923076923077,69.23076923076923,0.0
0.0,25.0,0.0,3,34.666666666666664,41,c005,25.0,0.0,100.0,0.0
25.0,0.0,0.0,3,29.666666666666668,41,c005,25.0,100.0,0.0,0.0
75.0,140.0,30.0,3,32.333333333333336,260,c005,245.0,30.612244897959183,57.142857142857146,12.244897959183673
30.0,45.0,0.0,3,43.666666666666664,106,c005,75.0,40.0,60.0,0.0
30.0,45.0,15.0,4,32.75,111,c005,90.0,33.333333333333336,50.0,16.666666666666668
40.0,15.0,0.0,3,32.0,71,c005,55.0,72.72727272727273,27.272727272727273,0.0
20.0,0.0,0.0,3,28.0,36,c005,20.0,100.0,0.0,0.0
30.0,30.0,0.0,1,27.0,61,c005,60.0,50.0,50.0,0.0
30.0,15.0,0.0,2,30.5,81,c005,45.0,66.66666666666667,33.333333333333336,0.0
60.0,120.0,5.0,1,33.0,201,c005,185.0,32.432432432432435,64.86486486486487,2.7027027027027026
30.0,0.0,0.0,3,33.0,51,c005,30.0,100.0,0.0,0.0
60.0,75.0,0.0,3,33.666666666666664,195,c005,135.0,44.44444444444444,55.55555555555556,0.0
45.0,55.0,0.0,1,35.0,130,c005,100.0,45.0,55.0,0.0
30.0,35.0,0.0,4,33.0,81,c005,65.0,46.15384615384615,53.84615384615385,0.0
30.0,45.0,0.0,1,36.0,86,c005,75.0,40.0,60.0,0.0
50.0,105.0,15.0,3,32.333333333333336,185,c005,170.0,29.41176470588235,61.76470588235294,8.823529411764707
50.0,45.0,0.0,4,53.75,125,c005,95.0,52.63157894736842,47.36842105263158,0.0
35.0,30.0,0.0,6,42.0,111,c005,65.0,53.84615384615385,46.15384615384615,0.0
0.0,130.0,0.0,4,32.25,145,c005,130.0,0.0,100.0,0.0
0.0,45.0,0.0,3,35.0,61,c005,45.0,0.0,100.0,0.0
10.0,0.0,0.0,1,29.0,26,c005,10.0,100.0,0.0,0.0
30.0,25.0,0.0,3,29.666666666666668,71,c005,55.0,54.54545454545455,45.45454545454545,0.0
85.0,135.0,30.0,3,38.666666666666664,265,c005,250.0,34.0,54.0,12.0
0.0,30.0,0.0,4,28.5,46,c005,30.0,0.0,100.0,0.0
30.0,10.0,15.0,5,31.2,56,c005,55.0,54.54545454545455,18.181818181818183,27.272727272727273
30.0,15.0,0.0,4,30.0,81,c005,45.0,66.66666666666667,33.333333333333336,0.0
90.0,105.0,0.0,4,33.0,240,c005,195.0,46.15384615384615,53.84615384615385,0.0
15.0,75.0,0.0,1,31.0,91,c005,90.0,16.666666666666668,83.33333333333333,0.0
30.0,45.0,10.0,3,37.333333333333336,101,c005,85.0,35.294117647058826,52.94117647058823,11.764705882352942
20.0,0.0,0.0,2,34.0,36,c005,20.0,100.0,0.0,0.0
60.0,75.0,0.0,1,34.0,166,c005,135.0,44.44444444444444,55.55555555555556,0.0
30.0,0.0,0.0,0,,51,c005,30.0,100.0,0.0,0.0
0.0,45.0,0.0,5,32.8,61,c005,45.0,0.0,100.0,0.0
25.0,0.0,0.0,2,35.5,41,c005,25.0,100.0,0.0,0.0
30.0,15.0,0.0,3,29.333333333333332,61,c005,45.0,66.66666666666667,33.333333333333336,0.0
30.0,70.0,0.0,4,34.25,145,c005,100.0,30.0,70.0,0.0
15.0,75.0,0.0,0,,106,c005,90.0,16.666666666666668,83.33333333333333,0.0
55.0,60.0,15.0,4,28.0,145,c005,130.0,42.30769230769231,46.15384615384615,11.538461538461538
30.0,30.0,0.0,0,,76,c005,60.0,50.0,50.0,0.0
20.0,0.0,0.0,3,31.0,36,c005,20.0,100.0,0.0,0.0
30.0,15.0,0.0,3,30.0,61,c005,45.0,66.66666666666667,33.333333333333336,0.0
30.0,35.0,15.0,6,34.333333333333336,96,c005,80.0,37.5,43.75,18.75
45.0,105.0,5.0,2,33.5,200,c005,155.0,29.032258064516128,67.74193548387096,3.225806451612903
30.0,35.0,0.0,4,27.75,81,c005,65.0,46.15384615384615,53.84615384615385,0.0
30.0,30.0,0.0,4,28.75,86,c005,60.0,50.0,50.0,0.0
15.0,15.0,0.0,3,33.333333333333336,51,c005,30.0,50.0,50.0,0.0
0.0,30.0,0.0,0,,46,c005,30.0,0.0,100.0,0.0
30.0,0.0,0.0,2,36.5,46,c005,30.0,100.0,0.0,0.0
30.0,50.0,0.0,4,31.25,96,c005,80.0,37.5,62.5,0.0
45.0,75.0,15.0,2,36.5,150,c005,135.0,33.333333333333336,55.55555555555556,11.11111111111111
30.0,80.0,0.0,1,54.0,125,c005,110.0,27.272727272727273,72.72727272727273,0.0
20.0,0.0,0.0,0,,36,c005,20.0,100.0,0.0,0.0
60.0,75.0,0.0,0,,175,c005,135.0,44.44444444444444,55.55555555555556,0.0
0.0,70.0,0.0,5,33.0,86,c005,70.0,0.0,100.0,0.0
30.0,35.0,0.0,4,29.0,81,c005,65.0,46.15384615384615,53.84615384615385,0.0
60.0,95.0,0.0,4,35.25,230,c005,155.0,38.70967741935484,61.29032258064516,0.0
0.0,25.0,0.0,0,,41,c005,25.0,0.0,100.0,0.0
30.0,40.0,0.0,0,,86,c005,70.0,42.857142857142854,57.142857142857146,0.0
30.0,45.0,0.0,0,,106,c005,75.0,40.0,60.0,0.0
20.0,0.0,0.0,0,,36,c005,20.0,100.0,0.0,0.0
30.0,30.0,0.0,0,,91,c005,60.0,50.0,50.0,0.0
30.0,15.0,0.0,0,,91,c005,45.0,66.66666666666667,33.333333333333336,0.0
60.0,145.0,0.0,0,,250,c005,205.0,29.26829268292683,70.73170731707317,0.0
0.0,20.0,0.0,0,,36,c005,20.0,0.0,100.0,0.0
25.0,0.0,0.0,0,,41,c005,25.0,100.0,0.0,0.0
60.0,55.0,0.0,0,,160,c005,115.0,52.17391304347826,47.82608695652174,0.0
25.0,15.0,0.0,0,,41,c005,40.0,62.5,37.5,0.0
30.0,25.0,0.0,0,,71,c005,55.0,54.54545454545455,45.45454545454545,0.0
30.0,30.0,0.0,0,,91,c005,60.0,50.0,50.0,0.0
30.0,60.0,0.0,0,,101,c005,90.0,33.333333333333336,66.66666666666667,0.0
15.0,45.0,0.0,0,,76,c005,60.0,25.0,75.0,0.0
0.0,40.0,0.0,0,,56,c005,40.0,0.0,100.0,0.0
15.0,70.0,0.0,0,,116,c005,85.0,17.647058823529413,82.3529411764706,0.0
30.0,10.0,0.0,0,,56,c005,40.0,75.0,25.0,0.0
15.0,60.0,0.0,0,,121,c005,75.0,20.0,80.0,0.0
30.0,45.0,0.0,0,,101,c005,75.0,40.0,60.0,0.0
30.0,50.0,0.0,0,,81,c005,80.0,37.5,62.5,0.0
5.0,45.0,0.0,0,,66,c005,50.0,10.0,90.0,0.0
0.0,30.0,0.0,0,,46,c005,30.0,0.0,100.0,0.0
30.0,10.0,0.0,0,,56,c005,40.0,75.0,25.0,0.0
75.0,110.0,0.0,0,,230,c005,185.0,40.54054054054054,59.45945945945946,0.0
105.0,105.0,0.0,0,,315,c005,210.0,50.0,50.0,0.0
105.0,120.0,0.0,0,,290,c005,225.0,46.666666666666664,53.333333333333336,0.0
0.0,45.0,15.0,0,,61,c005,60.0,0.0,75.0,25.0
60.0,45.0,0.0,0,,135,c005,105.0,57.142857142857146,42.857142857142854,0.0
30.0,0.0,0.0,0,,51,c005,30.0,100.0,0.0,0.0
30.0,15.0,0.0,0,,76,c005,45.0,66.66666666666667,33.333333333333336,0.0
30.0,30.0,10.0,0,,101,c005,70.0,42.857142857142854,42.857142857142854,14.285714285714286
15.0,55.0,0.0,0,,86,c005,70.0,21.428571428571427,78.57142857142857,0.0
15.0,0.0,0.0,0,,31,c005,15.0,100.0,0.0,0.0
25.0,0.0,0.0,0,,41,c005,25.0,100.0,0.0,0.0
0.0,10.0,0.0,0,,11,c005,10.0,0.0,100.0,0.0
30.0,0.0,0.0,0,,51,c005,30.0,100.0,0.0,0.0
30.0,15.0,0.0,0,,61,c005,45.0,66.66666666666667,33.333333333333336,0.0
30.0,50.0,0.0,0,,81,c005,80.0,37.5,62.5,0.0
0.0,20.0,0.0,0,,36,c005,20.0,0.0,100.0,0.0
0.0,30.0,0.0,4,33.25,51,c005,30.0,0.0,100.0,0.0
45.0,105.0,15.0,4,33.0,185,c005,165.0,27.272727272727273,63.63636363636363,9.090909090909092
15.0,65.0,0.0,5,35.8,111,c005,80.0,18.75,81.25,0.0
15.0,45.0,0.0,4,31.0,76,c005,60.0,25.0,75.0,0.0
30.0,45.0,0.0,0,,96,c005,75.0,40.0,60.0,0.0
60.0,75.0,0.0,0,,210,c005,135.0,44.44444444444444,55.55555555555556,0.0
15.0,45.0,0.0,0,,76,c005,60.0,25.0,75.0,0.0
5.0,45.0,0.0,0,,66,c005,50.0,10.0,90.0,0.0
30.0,15.0,0.0,0,,61,c005,45.0,66.66666666666667,33.333333333333336,0.0
60.0,110.0,0.0,0,,215,c005,170.0,35.294117647058826,64.70588235294117,0.0
0.0,60.0,0.0,0,,61,c005,60.0,0.0,100.0,0.0
15.0,45.0,0.0,0,,86,c005,60.0,25.0,75.0,0.0
0.0,30.0,0.0,0,,51,c005,30.0,0.0,100.0,0.0
30.0,50.0,0.0,3,30.333333333333332,96,c005,80.0,37.5,62.5,0.0
55.0,45.0,0.0,1,30.0,130,c005,100.0,55.0,45.0,0.0
20.0,45.0,0.0,0,,81,c005,65.0,30.76923076923077,69.23076923076923,0.0
30.0,60.0,15.0,2,32.5,121,c005,105.0,28.571428571428573,57.142857142857146,14.285714285714286
30.0,30.0,0.0,3,39.0,86,c005,60.0,50.0,50.0,0.0
60.0,120.0,0.0,1,33.0,210,c005,180.0,33.333333333333336,66.66666666666667,0.0
25.0,0.0,0.0,4,34.75,41,c005,25.0,100.0,0.0,0.0
30.0,45.0,0.0,1,37.0,76,c005,75.0,40.0,60.0,0.0
30.0,0.0,0.0,5,35.4,46,c005,30.0,100.0,0.0,0.0
45.0,90.0,0.0,2,29.5,190,c005,135.0,33.333333333333336,66.66666666666667,0.0
30.0,45.0,0.0,4,31.5,101,c005,75.0,40.0,60.0,0.0
0.0,25.0,0.0,3,33.0,41,c005,25.0,0.0,100.0,0.0
0.0,100.0,0.0,0,,116,c005,100.0,0.0,100.0,0.0
60.0,55.0,15.0,0,,160,c005,130.0,46.15384615384615,42.30769230769231,11.538461538461538
30.0,45.0,15.0,0,,106,c005,90.0,33.333333333333336,50.0,16.666666666666668
30.0,35.0,15.0,0,,111,c005,80.0,37.5,43.75,18.75
0.0,30.0,0.0,0,,46,c005,30.0,0.0,100.0,0.0
0.0,40.0,0.0,4,35.5,56,c005,40.0,0.0,100.0,0.0
30.0,30.0,0.0,3,37.0,81,c005,60.0,50.0,50.0,0.0
30.0,40.0,0.0,4,34.0,86,c005,70.0,42.857142857142854,57.142857142857146,0.0
60.0,60.0,0.0,4,39.5,155,c005,120.0,50.0,50.0,0.0
25.0,45.0,0.0,5,39.8,86,c005,70.0,35.714285714285715,64.28571428571429,0.0
30.0,0.0,0.0,3,45.666666666666664,51,c005,30.0,100.0,0.0,0.0
60.0,85.0,0.0,1,35.0,190,c005,145.0,41.37931034482759,58.62068965517241,0.0
50.0,90.0,0.0,1,71.0,170,c005,140.0,35.714285714285715,64.28571428571429,0.0
0.0,45.0,0.0,5,35.8,61,c005,45.0,0.0,100.0,0.0
30.0,45.0,0.0,4,33.5,111,c005,75.0,40.0,60.0,0.0
30.0,35.0,0.0,5,31.6,81,c005,65.0,46.15384615384615,53.84615384615385,0.0
45.0,30.0,15.0,7,38.0,121,c005,90.0,50.0,33.333333333333336,16.666666666666668
0.0,30.0,0.0,1,33.0,31,c005,30.0,0.0,100.0,0.0
30.0,45.0,0.0,4,30.75,101,c005,75.0,40.0,60.0,0.0
30.0,45.0,0.0,5,32.4,101,c005,75.0,40.0,60.0,0.0
30.0,30.0,0.0,3,34.333333333333336,96,c005,60.0,50.0,50.0,0.0
0.0,40.0,0.0,4,30.5,56,c005,40.0,0.0,100.0,0.0
60.0,90.0,5.0,4,37.75,200,c005,155.0,38.70967741935484,58.064516129032256,3.225806451612903
25.0,0.0,0.0,1,46.0,41,c005,25.0,100.0,0.0,0.0
0.0,60.0,0.0,0,,61,c005,60.0,0.0,100.0,0.0
15.0,45.0,0.0,1,41.0,96,c005,60.0,25.0,75.0,0.0
30.0,45.0,15.0,0,,106,c005,90.0,33.333333333333336,50.0,16.666666666666668
30.0,20.0,15.0,7,32.57142857142857,66,c005,65.0,46.15384615384615,30.76923076923077,23.076923076923077
0.0,25.0,0.0,1,32.0,41,c005,25.0,0.0,100.0,0.0
30.0,10.0,0.0,0,,56,c005,40.0,75.0,25.0,0.0
120.0,165.0,15.0,0,,390,c005,300.0,40.0,55.0,5.0
0.0,25.0,0.0,4,53.5,41,c005,25.0,0.0,100.0,0.0
70.0,30.0,0.0,4,36.25,145,c005,100.0,70.0,30.0,0.0
30.0,25.0,0.0,4,38.75,71,c005,55.0,54.54545454545455,45.45454545454545,0.0
15.0,45.0,0.0,4,36.25,76,c005,60.0,25.0,75.0,0.0
15.0,45.0,0.0,1,42.0,76,c005,60.0,25.0,75.0,0.0
0.0,40.0,0.0,0,,56,c005,40.0,0.0,100.0,0.0
30.0,35.0,0.0,0,,81,c005,65.0,46.15384615384615,53.84615384615385,0.0
10.0,45.0,0.0,2,40.0,86,c005,55.0,18.181818181818183,81.81818181818181,0.0
0.0,40.0,0.0,4,35.75,56,c005,40.0,0.0,100.0,0.0
30.0,10.0,0.0,3,33.0,56,c005,40.0,75.0,25.0,0.0
30.0,60.0,15.0,3,31.333333333333332,121,c005,105.0,28.571428571428573,57.142857142857146,14.285714285714286
30.0,45.0,0.0,4,38.75,106,c006,75.0,40.0,60.0,0.0
0.0,40.0,0.0,4,63.0,56,c006,40.0,0.0,100.0,0.0
45.0,25.0,0.0,7,54.142857142857146,71,c006,70.0,64.28571428571429,35.714285714285715,0.0
55.0,60.0,0.0,3,48.0,160,c006,115.0,47.82608695652174,52.17391304347826,0.0
0.0,20.0,0.0,3,44.333333333333336,36,c006,20.0,0.0,100.0,0.0
45.0,270.0,15.0,4,52.75,345,c006,330.0,13.636363636363637,81.81818181818181,4.545454545454546
30.0,45.0,0.0,3,47.0,121,c006,75.0,40.0,60.0,0.0
30.0,0.0,0.0,4,65.0,46,c006,30.0,100.0,0.0,0.0
0.0,40.0,0.0,5,48.8,56,c006,40.0,0.0,100.0,0.0
0.0,80.0,0.0,5,57.0,96,c006,80.0,0.0,100.0,0.0
65.0,120.0,15.0,6,41.5,260,c006,200.0,32.5,60.0,7.5
25.0,0.0,0.0,3,46.666666666666664,41,c006,25.0,100.0,0.0,0.0
0.0,45.0,0.0,4,53.5,71,c006,45.0,0.0,100.0,0.0
30.0,45.0,10.0,4,47.25,101,c006,85.0,35.294117647058826,52.94117647058823,11.764705882352942
30.0,30.0,0.0,4,49.25,91,c006,60.0,50.0,50.0,0.0
0.0,20.0,0.0,3,45.666666666666664,36,c006,20.0,0.0,100.0,0.0
0.0,25.0,0.0,4,56.75,41,c006,25.0,0.0,100.0,0.0
0.0,20.0,0.0,4,66.5,36,c006,20.0,0.0,100.0,0.0
10.0,45.0,0.0,4,57.75,71,c006,55.0,18.181818181818183,81.81818181818181,0.0
30.0,30.0,0.0,3,41.333333333333336,76,c006,60.0,50.0,50.0,0.0
30.0,15.0,15.0,7,54.0,101,c006,60.0,50.0,25.0,25.0
0.0,30.0,0.0,4,58.5,51,c006,30.0,0.0,100.0,0.0
45.0,75.0,0.0,4,100.25,165,c006,120.0,37.5,62.5,0.0
30.0,0.0,0.0,3,102.0,46,c006,30.0,100.0,0.0,0.0
30.0,0.0,0.0,3,46.0,51,c006,30.0,100.0,0.0,0.0
30.0,45.0,0.0,4,45.0,91,c006,75.0,40.0,60.0,0.0
0.0,25.0,0.0,3,40.333333333333336,41,c006,25.0,0.0,100.0,0.0
15.0,45.0,0.0,4,70.5,76,c006,60.0,25.0,75.0,0.0
55.0,75.0,15.0,4,66.5,160,c006,145.0,37.93103448275862,51.724137931034484,10.344827586206897
30.0,25.0,0.0,4,107.5,71,c006,55.0,54.54545454545455,45.45454545454545,0.0
0.0,30.0,0.0,4,53.5,51,c006,30.0,0.0,100.0,0.0
0.0,65.0,0.0,4,36.75,96,c006,65.0,0.0,100.0,0.0
0.0,30.0,0.0,4,42.5,46,c006,30.0,0.0,100.0,0.0
0.0,30.0,0.0,4,49.25,46,c006,30.0,0.0,100.0,0.0
60.0,60.0,0.0,4,53.5,180,c006,120.0,50.0,50.0,0.0
0.0,25.0,0.0,4,54.0,41,c006,25.0,0.0,100.0,0.0
0.0,25.0,0.0,4,43.25,41,c006,25.0,0.0,100.0,0.0
45.0,85.0,15.0,5,75.4,160,c006,145.0,31.03448275862069,58.62068965517241,10.344827586206897
15.0,0.0,0.0,3,50.333333333333336,31,c006,15.0,100.0,0.0,0.0
0.0,30.0,0.0,1,40.0,31,c006,30.0,0.0,100.0,0.0
30.0,100.0,15.0,4,54.5,160,c006,145.0,20.689655172413794,68.96551724137932,10.344827586206897
30.0,0.0,0.0,4,52.75,46,c006,30.0,100.0,0.0,0.0
30.0,30.0,0.0,5,42.8,106,c006,60.0,50.0,50.0,0.0
45.0,35.0,0.0,8,64.25,81,c006,80.0,56.25,43.75,0.0
0.0,85.0,0.0,5,43.6,116,c006,85.0,0.0,100.0,0.0
30.0,60.0,15.0,5,52.0,121,c006,105.0,28.571428571428573,57.142857142857146,14.285714285714286
30.0,10.0,0.0,4,43.75,56,c006,40.0,75.0,25.0,0.0
30.0,60.0,0.0,3,46.666666666666664,121,c006,90.0,33.333333333333336,66.66666666666667,0.0
30.0,20.0,0.0,4,74.5,66,c006,50.0,60.0,40.0,0.0
5.0,45.0,0.0,5,50.8,66,c006,50.0,10.0,90.0,0.0
0.0,25.0,0.0,4,43.5,41,c006,25.0,0.0,100.0,0.0
30.0,45.0,0.0,4,41.75,111,c006,75.0,40.0,60.0,0.0
45.0,55.0,15.0,7,61.714285714285715,116,c006,115.0,39.130434782608695,47.82608695652174,13.043478260869565
0.0,25.0,0.0,4,54.75,41,c006,25.0,0.0,100.0,0.0
30.0,45.0,0.0,4,48.5,91,c006,75.0,40.0,60.0,0.0
30.0,60.0,15.0,4,61.5,121,c006,105.0,28.571428571428573,57.142857142857146,14.285714285714286
30.0,55.0,15.0,4,70.75,116,c006,100.0,30.0,55.0,15.0
0.0,30.0,0.0,5,39.0,51,c006,30.0,0.0,100.0,0.0
0.0,40.0,0.0,4,59.25,56,c006,40.0,0.0,100.0,0.0
0.0,25.0,0.0,4,45.5,41,c006,25.0,0.0,100.0,0.0
0.0,25.0,0.0,4,55.75,41,c006,25.0,0.0,100.0,0.0
0.0,30.0,0.0,4,59.75,51,c006,30.0,0.0,100.0,0.0
45.0,125.0,15.0,7,59.57142857142857,215,c006,185.0,24.324324324324323,67.56756756756756,8.108108108108109
0.0,25.0,0.0,4,40.75,41,c006,25.0,0.0,100.0,0.0
5.0,45.0,0.0,4,103.5,66,c006,50.0,10.0,90.0,0.0
60.0,55.0,0.0,4,59.0,160,c006,115.0,52.17391304347826,47.82608695652174,0.0
30.0,0.0,0.0,5,45.8,51,c006,30.0,100.0,0.0,0.0
0.0,45.0,0.0,4,57.75,61,c006,45.0,0.0,100.0,0.0
0.0,30.0,0.0,5,49.6,46,c006,30.0,0.0,100.0,0.0
25.0,45.0,0.0,4,63.0,86,c006,70.0,35.714285714285715,64.28571428571429,0.0
45.0,25.0,0.0,3,69.66666666666667,86,c006,70.0,64.28571428571429,35.714285714285715,0.0
30.0,45.0,0.0,7,43.714285714285715,76,c006,75.0,40.0,60.0,0.0
5.0,45.0,0.0,4,53.75,66,c006,50.0,10.0,90.0,0.0
60.0,80.0,15.0,4,88.25,170,c006,155.0,38.70967741935484,51.61290322580645,9.67741935483871
30.0,15.0,0.0,4,53.25,61,c006,45.0,66.66666666666667,33.333333333333336,0.0
0.0,30.0,0.0,5,48.6,51,c006,30.0,0.0,100.0,0.0
0.0,45.0,0.0,4,43.5,61,c006,45.0,0.0,100.0,0.0
45.0,90.0,15.0,6,47.666666666666664,175,c006,150.0,30.0,60.0,10.0
60.0,90.0,0.0,3,47.333333333333336,180,c006,150.0,40.0,60.0,0.0
15.0,50.0,0.0,4,52.0,96,c006,65.0,23.076923076923077,76.92307692307692,0.0
60.0,75.0,0.0,4,45.5,180,c006,135.0,44.44444444444444,55.55555555555556,0.0
30.0,20.0,0.0,4,54.75,66,c006,50.0,60.0,40.0,0.0
0.0,20.0,0.0,4,74.25,36,c006,20.0,0.0,100.0,0.0
0.0,65.0,0.0,4,44.0,96,c006,65.0,0.0,100.0,0.0
95.0,180.0,0.0,4,44.5,335,c006,275.0,34.54545454545455,65.45454545454545,0.0
15.0,75.0,15.0,6,42.166666666666664,121,c006,105.0,14.285714285714286,71.42857142857143,14.285714285714286
0.0,30.0,0.0,5,50.0,46,c006,30.0,0.0,100.0,0.0
30.0,60.0,15.0,4,48.5,121,c006,105.0,28.571428571428573,57.142857142857146,14.285714285714286
30.0,45.0,0.0,9,61.333333333333336,91,c006,75.0,40.0,60.0,0.0
30.0,0.0,0.0,3,45.333333333333336,46,c006,30.0,100.0,0.0,0.0
0.0,55.0,0.0,3,63.333333333333336,71,c006,55.0,0.0,100.0,0.0
90.0,75.0,0.0,4,53.25,225,c006,165.0,54.54545454545455,45.45454545454545,0.0
75.0,150.0,0.0,4,46.75,270,c006,225.0,33.333333333333336,66.66666666666667,0.0
20.0,0.0,0.0,4,68.5,36,c006,20.0,100.0,0.0,0.0
30.0,25.0,0.0,3,51.333333333333336,71,c006,55.0,54.54545454545455,45.45454545454545,0.0
20.0,45.0,0.0,4,54.0,81,c006,65.0,30.76923076923077,69.23076923076923,0.0
0.0,20.0,0.0,3,47.0,36,c006,20.0,0.0,100.0,0.0
30.0,30.0,15.0,7,52.0,76,c006,75.0,40.0,40.0,20.0
35.0,30.0,0.0,4,40.5,111,c006,65.0,53.84615384615385,46.15384615384615,0.0
30.0,0.0,0.0,3,36.666666666666664,51,c006,30.0,100.0,0.0,0.0
75.0,180.0,15.0,4,44.25,315,c006,270.0,27.77777777777778,66.66666666666667,5.555555555555555
30.0,15.0,0.0,3,56.666666666666664,61,c006,45.0,66.66666666666667,33.333333333333336,0.0
0.0,25.0,0.0,4,60.0,41,c006,25.0,0.0,100.0,0.0
30.0,45.0,0.0,4,38.5,101,c006,75.0,40.0,60.0,0.0
45.0,120.0,30.0,4,52.75,215,c006,195.0,23.076923076923077,61.53846153846154,15.384615384615385
0.0,40.0,0.0,4,49.75,56,c006,40.0,0.0,100.0,0.0
70.0,210.0,15.0,4,42.0,340,c006,295.0,23.728813559322035,71.1864406779661,5.084745762711864
20.0,0.0,0.0,4,56.5,36,c006,20.0,100.0,0.0,0.0
30.0,105.0,0.0,5,41.2,165,c006,135.0,22.22222222222222,77.77777777777777,0.0
30.0,25.0,0.0,5,55.4,71,c006,55.0,54.54545454545455,45.45454545454545,0.0
0.0,25.0,0.0,4,63.75,41,c006,25.0,0.0,100.0,0.0
0.0,20.0,0.0,4,50.0,36,c006,20.0,0.0,100.0,0.0
50.0,60.0,15.0,4,48.75,140,c006,125.0,40.0,48.0,12.0
30.0,0.0,0.0,4,55.25,46,c006,30.0,100.0,0.0,0.0
0.0,25.0,0.0,4,58.5,41,c006,25.0,0.0,100.0,0.0
60.0,120.0,0.0,4,60.5,225,c006,180.0,33.333333333333336,66.66666666666667,0.0
30.0,0.0,0.0,3,41.333333333333336,46,c006,30.0,100.0,0.0,0.0
0.0,30.0,0.0,4,50.75,51,c006,30.0,0.0,100.0,0.0
15.0,60.0,0.0,4,61.0,106,c006,75.0,20.0,80.0,0.0
5.0,45.0,0.0,4,89.5,66,c006,50.0,10.0,90.0,0.0
30.0,10.0,0.0,4,45.25,56,c006,40.0,75.0,25.0,0.0
30.0,30.0,0.0,4,70.75,91,c006,60.0,50.0,50.0,0.0
15.0,0.0,0.0,3,61.333333333333336,31,c006,15.0,100.0,0.0,0.0
0.0,30.0,0.0,4,57.5,46,c006,30.0,0.0,100.0,0.0
0.0,45.0,0.0,4,39.5,66,c006,45.0,0.0,100.0,0.0
105.0,180.0,0.0,5,40.6,345,c006,285.0,36.8421052631579,63.1578947368421,0.0
50.0,45.0,0.0,4,52.5,125,c006,95.0,52.63157894736842,47.36842105263158,0.0
0.0,40.0,0.0,4,62.5,56,c006,40.0,0.0,100.0,0.0
0.0,40.0,0.0,4,33.75,56,c006,40.0,0.0,100.0,0.0
55.0,60.0,30.0,6,47.5,145,c006,145.0,37.93103448275862,41.37931034482759,20.689655172413794
45.0,65.0,15.0,7,47.857142857142854,125,c006,125.0,36.0,52.0,12.0
0.0,25.0,0.0,4,39.5,41,c006,25.0,0.0,100.0,0.0
0.0,55.0,0.0,4,43.25,71,c006,55.0,0.0,100.0,0.0
60.0,75.0,0.0,4,48.0,205,c006,135.0,44.44444444444444,55.55555555555556,0.0
0.0,25.0,0.0,4,62.0,41,c006,25.0,0.0,100.0,0.0
0.0,25.0,0.0,4,73.0,41,c006,25.0,0.0,100.0,0.0
0.0,55.0,0.0,4,50.25,71,c006,55.0,0.0,100.0,0.0
45.0,105.0,15.0,4,48.0,205,c006,165.0,27.272727272727273,63.63636363636363,9.090909090909092
40.0,15.0,0.0,4,61.25,71,c006,55.0,72.72727272727273,27.272727272727273,0.0
60.0,115.0,15.0,4,45.75,235,c006,190.0,31.57894736842105,60.526315789473685,7.894736842105263
15.0,60.0,10.0,4,37.5,101,c006,85.0,17.647058823529413,70.58823529411765,11.764705882352942
0.0,25.0,0.0,4,42.75,41,c006,25.0,0.0,100.0,0.0
0.0,30.0,0.0,4,31.75,46,c006,30.0,0.0,100.0,0.0
75.0,135.0,0.0,4,37.5,285,c006,210.0,35.714285714285715,64.28571428571429,0.0
10.0,0.0,0.0,2,44.0,26,c006,10.0,100.0,0.0,0.0
0.0,45.0,0.0,1,33.0,46,c006,45.0,0.0,100.0,0.0
0.0,40.0,0.0,1,71.0,41,c006,40.0,0.0,100.0,0.0
75.0,120.0,15.0,6,37.5,275,c006,210.0,35.714285714285715,57.142857142857146,7.142857142857143
0.0,40.0,0.0,4,82.25,56,c006,40.0,0.0,100.0,0.0
60.0,60.0,0.0,12,66.75,150,c006,120.0,50.0,50.0,0.0
30.0,15.0,0.0,3,69.33333333333333,81,c006,45.0,66.66666666666667,33.333333333333336,0.0
30.0,0.0,0.0,4,52.5,46,c006,30.0,100.0,0.0,0.0
0.0,30.0,0.0,1,120.0,46,c006,30.0,0.0,100.0,0.0
120.0,140.0,15.0,4,41.0,335,c006,275.0,43.63636363636363,50.90909090909091,5.454545454545454
0.0,45.0,0.0,4,50.5,61,c006,45.0,0.0,100.0,0.0
0.0,40.0,0.0,4,53.5,56,c006,40.0,0.0,100.0,0.0
45.0,90.0,0.0,5,63.8,190,c006,135.0,33.333333333333336,66.66666666666667,0.0
30.0,40.0,0.0,3,44.333333333333336,86,c006,70.0,42.857142857142854,57.142857142857146,0.0
0.0,30.0,0.0,4,56.0,46,c006,30.0,0.0,100.0,0.0
90.0,120.0,0.0,4,73.25,255,c006,210.0,42.857142857142854,57.142857142857146,0.0
25.0,0.0,0.0,3,70.33333333333333,41,c006,25.0,100.0,0.0,0.0
0.0,75.0,0.0,4,37.75,91,c006,75.0,0.0,100.0,0.0
0.0,20.0,0.0,4,71.0,36,c006,20.0,0.0,100.0,0.0
90.0,90.0,0.0,4,56.0,250,c006,180.0,50.0,50.0,0.0
15.0,0.0,0.0,4,46.25,31,c006,15.0,100.0,0.0,0.0
90.0,120.0,15.0,4,51.75,255,c006,225.0,40.0,53.333333333333336,6.666666666666667
30.0,15.0,0.0,3,59.333333333333336,61,c006,45.0,66.66666666666667,33.333333333333336,0.0
0.0,40.0,15.0,6,49.833333333333336,56,c006,55.0,0.0,72.72727272727273,27.272727272727273
0.0,45.0,0.0,4,39.75,61,c006,45.0,0.0,100.0,0.0
85.0,135.0,15.0,4,40.75,280,c006,235.0,36.170212765957444,57.4468085106383,6.382978723404255
50.0,90.0,0.0,4,54.5,185,c006,140.0,35.714285714285715,64.28571428571429,0.0
60.0,60.0,5.0,3,58.666666666666664,200,c006,125.0,48.0,48.0,4.0
0.0,25.0,0.0,4,58.5,41,c006,25.0,0.0,100.0,0.0
15.0,50.0,0.0,4,42.0,96,c006,65.0,23.076923076923077,76.92307692307692,0.0
55.0,30.0,0.0,4,42.5,130,c006,85.0,64.70588235294117,35.294117647058826,0.0
15.0,0.0,0.0,3,44.0,31,c006,15.0,100.0,0.0,0.0
35.0,45.0,0.0,4,43.25,96,c006,80.0,43.75,56.25,0.0
0.0,25.0,0.0,4,70.5,41,c006,25.0,0.0,100.0,0.0
70.0,45.0,0.0,9,46.44444444444444,145,c006,115.0,60.869565217391305,39.130434782608695,0.0
30.0,10.0,0.0,3,51.333333333333336,56,c006,40.0,75.0,25.0,0.0
0.0,40.0,0.0,4,63.5,56,c006,40.0,0.0,100.0,0.0
75.0,70.0,0.0,5,38.4,175,c006,145.0,51.724137931034484,48.275862068965516,0.0
25.0,0.0,0.0,3,49.666666666666664,41,c006,25.0,100.0,0.0,0.0
30.0,0.0,0.0,3,45.333333333333336,46,c006,30.0,100.0,0.0,0.0
45.0,120.0,15.0,4,50.25,210,c006,180.0,25.0,66.66666666666667,8.333333333333334
45.0,75.0,15.0,3,48.0,165,c006,135.0,33.333333333333336,55.55555555555556,11.11111111111111
0.0,40.0,0.0,4,73.75,56,c006,40.0,0.0,100.0,0.0
50.0,45.0,15.0,5,57.4,140,c006,110.0,45.45454545454545,40.90909090909091,13.636363636363637
30.0,0.0,0.0,3,52.666666666666664,51,c006,30.0,100.0,0.0,0.0
0.0,25.0,0.0,0,,41,c006,25.0,0.0,100.0,0.0
15.0,130.0,0.0,0,,175,c006,145.0,10.344827586206897,89.65517241379311,0.0
30.0,45.0,0.0,0,,106,c006,75.0,40.0,60.0,0.0
30.0,25.0,0.0,0,,56,c006,55.0,54.54545454545455,45.45454545454545,0.0
0.0,40.0,0.0,5,38.6,56,c006,40.0,0.0,100.0,0.0
0.0,25.0,0.0,4,54.75,41,c006,25.0,0.0,100.0,0.0
45.0,60.0,0.0,5,78.4,150,c006,105.0,42.857142857142854,57.142857142857146,0.0
0.0,30.0,0.0,4,48.75,46,c006,30.0,0.0,100.0,0.0
0.0,30.0,0.0,4,41.75,51,c006,30.0,0.0,100.0,0.0
15.0,105.0,15.0,5,69.8,150,c006,135.0,11.11111111111111,77.77777777777777,11.11111111111111
55.0,60.0,15.0,4,43.75,145,c006,130.0,42.30769230769231,46.15384615384615,11.538461538461538
20.0,0.0,0.0,3,39.0,36,c006,20.0,100.0,0.0,0.0
0.0,30.0,0.0,3,37.333333333333336,46,c006,30.0,0.0,100.0,0.0
30.0,50.0,0.0,3,53.0,96,c006,80.0,37.5,62.5,0.0
30.0,15.0,0.0,3,61.666666666666664,81,c006,45.0,66.66666666666667,33.333333333333336,0.0
45.0,95.0,0.0,4,39.5,170,c006,140.0,32.142857142857146,67.85714285714286,0.0
30.0,25.0,0.0,3,41.333333333333336,71,c006,55.0,54.54545454545455,45.45454545454545,0.0
30.0,0.0,0.0,3,57.333333333333336,51,c006,30.0,100.0,0.0,0.0
0.0,30.0,0.0,3,49.666666666666664,46,c006,30.0,0.0,100.0,0.0
25.0,45.0,0.0,4,53.75,86,c006,70.0,35.714285714285715,64.28571428571429,0.0
75.0,75.0,15.0,4,77.75,180,c006,165.0,45.45454545454545,45.45454545454545,9.090909090909092
10.0,0.0,0.0,2,48.5,26,c006,10.0,100.0,0.0,0.0
0.0,30.0,0.0,0,,51,c006,30.0,0.0,100.0,0.0
0.0,20.0,0.0,4,70.25,36,c006,20.0,0.0,100.0,0.0
5.0,75.0,0.0,4,56.0,111,c006,80.0,6.25,93.75,0.0
45.0,35.0,0.0,8,76.5,81,c006,80.0,56.25,43.75,0.0
30.0,25.0,0.0,3,49.666666666666664,71,c006,55.0,54.54545454545455,45.45454545454545,0.0
30.0,0.0,0.0,3,74.0,46,c006,30.0,100.0,0.0,0.0
5.0,45.0,0.0,5,36.4,66,c006,50.0,10.0,90.0,0.0
0.0,30.0,0.0,0,,51,c006,30.0,0.0,100.0,0.0
55.0,60.0,0.0,0,,160,c006,115.0,47.82608695652174,52.17391304347826,0.0
15.0,0.0,0.0,0,,31,c006,15.0,100.0,0.0,0.0
0.0,25.0,0.0,0,,41,c006,25.0,0.0,100.0,0.0
15.0,75.0,0.0,0,,121,c006,90.0,16.666666666666668,83.33333333333333,0.0
60.0,170.0,0.0,0,,290,c006,230.0,26.08695652173913,73.91304347826087,0.0
45.0,105.0,5.0,0,,200,c006,155.0,29.032258064516128,67.74193548387096,3.225806451612903
15.0,0.0,0.0,0,,31,c006,15.0,100.0,0.0,0.0
0.0,25.0,0.0,0,,41,c006,25.0,0.0,100.0,0.0
30.0,45.0,0.0,0,,106,c006,75.0,40.0,60.0,0.0
30.0,0.0,0.0,0,,46,c006,30.0,100.0,0.0,0.0
55.0,75.0,0.0,0,,175,c006,130.0,42.30769230769231,57.69230769230769,0.0
30.0,25.0,0.0,0,,71,c006,55.0,54.54545454545455,45.45454545454545,0.0
0.0,30.0,0.0,0,,51,c006,30.0,0.0,100.0,0.0
25.0,45.0,0.0,0,,86,c006,70.0,35.714285714285715,64.28571428571429,0.0
30.0,35.0,15.0,0,,81,c006,80.0,37.5,43.75,18.75
30.0,15.0,0.0,0,,71,c006,45.0,66.66666666666667,33.333333333333336,0.0
5.0,45.0,0.0,0,,66,c006,50.0,10.0,90.0,0.0
30.0,45.0,0.0,0,,121,c006,75.0,40.0,60.0,0.0
65.0,30.0,0.0,0,,140,c006,95.0,68.42105263157895,31.57894736842105,0.0
30.0,30.0,0.0,0,,76,c006,60.0,50.0,50.0,0.0
0.0,45.0,0.0,0,,81,c006,45.0,0.0,100.0,0.0
75.0,125.0,15.0,0,,260,c006,215.0,34.883720930232556,58.13953488372093,6.976744186046512
15.0,0.0,0.0,0,,31,c006,15.0,100.0,0.0,0.0
25.0,0.0,0.0,0,,41,c006,25.0,100.0,0.0,0.0
5.0,45.0,0.0,0,,66,c006,50.0,10.0,90.0,0.0
0.0,30.0,0.0,0,,46,c006,30.0,0.0,100.0,0.0
35.0,60.0,0.0,0,,111,c006,95.0,36.8421052631579,63.1578947368421,0.0
0.0,45.0,0.0,0,,61,c006,45.0,0.0,100.0,0.0
30.0,70.0,15.0,0,,116,c006,115.0,26.08695652173913,60.869565217391305,13.043478260869565
0.0,20.0,0.0,0,,36,c006,20.0,0.0,100.0,0.0
0.0,45.0,0.0,0,,61,c006,45.0,0.0,100.0,0.0
20.0,45.0,0.0,0,,81,c006,65.0,30.76923076923077,69.23076923076923,0.0
30.0,10.0,0.0,0,,56,c006,40.0,75.0,25.0,0.0
30.0,40.0,0.0,0,,86,c006,70.0,42.857142857142854,57.142857142857146,0.0
30.0,60.0,0.0,0,,111,c006,90.0,33.333333333333336,66.66666666666667,0.0
15.0,45.0,0.0,0,,86,c006,60.0,25.0,75.0,0.0
0.0,50.0,0.0,0,,81,c006,50.0,0.0,100.0,0.0
30.0,45.0,0.0,0,,91,c006,75.0,40.0,60.0,0.0
60.0,60.0,0.0,0,,135,c006,120.0,50.0,50.0,0.0
20.0,45.0,0.0,0,,81,c006,65.0,30.76923076923077,69.23076923076923,0.0
0.0,30.0,0.0,0,,46,c006,30.0,0.0,100.0,0.0
30.0,60.0,0.0,0,,121,c006,90.0,33.333333333333336,66.66666666666667,0.0
0.0,30.0,0.0,0,,51,c006,30.0,0.0,100.0,0.0
15.0,50.0,0.0,0,,81,c006,65.0,23.076923076923077,76.92307692307692,0.0
30.0,45.0,0.0,0,,101,c006,75.0,40.0,60.0,0.0
20.0,0.0,0.0,0,,36,c006,20.0,100.0,0.0,0.0
15.0,45.0,0.0,0,,76,c006,60.0,25.0,75.0,0.0
0.0,40.0,0.0,0,,56,c006,40.0,0.0,100.0,0.0
30.0,0.0,0.0,3,69.33333333333333,51,c006,30.0,100.0,0.0,0.0
25.0,0.0,0.0,3,50.333333333333336,41,c006,25.0,100.0,0.0,0.0
20.0,45.0,15.0,0,,81,c006,80.0,25.0,56.25,18.75
0.0,50.0,0.0,5,50.2,66,c006,50.0,0.0,100.0,0.0
30.0,45.0,15.0,4,49.5,106,c006,90.0,33.333333333333336,50.0,16.666666666666668
0.0,30.0,0.0,4,95.75,51,c006,30.0,0.0,100.0,0.0
10.0,45.0,0.0,0,,71,c006,55.0,18.181818181818183,81.81818181818181,0.0
30.0,10.0,15.0,0,,56,c006,55.0,54.54545454545455,18.181818181818183,27.272727272727273
30.0,10.0,0.0,0,,56,c006,40.0,75.0,25.0,0.0
25.0,0.0,0.0,0,,41,c006,25.0,100.0,0.0,0.0
25.0,0.0,0.0,0,,41,c006,25.0,100.0,0.0,0.0
0.0,30.0,0.0,0,,46,c006,30.0,0.0,100.0,0.0
0.0,40.0,0.0,0,,56,c006,40.0,0.0,100.0,0.0
0.0,30.0,0.0,0,,51,c006,30.0,0.0,100.0,0.0
5.0,45.0,0.0,4,84.5,66,c006,50.0,10.0,90.0,0.0
0.0,40.0,0.0,4,62.75,56,c006,40.0,0.0,100.0,0.0
30.0,45.0,0.0,0,,91,c006,75.0,40.0,60.0,0.0
35.0,30.0,0.0,0,,111,c006,65.0,53.84615384615385,46.15384615384615,0.0
30.0,15.0,0.0,0,,51,c006,45.0,66.66666666666667,33.333333333333336,0.0
0.0,40.0,0.0,4,36.75,56,c006,40.0,0.0,100.0,0.0
20.0,0.0,0.0,0,,36,c006,20.0,100.0,0.0,0.0
30.0,45.0,0.0,0,,96,c006,75.0,40.0,60.0,0.0
30.0,50.0,0.0,0,,125,c006,80.0,37.5,62.5,0.0
30.0,135.0,0.0,0,,205,c006,165.0,18.181818181818183,81.81818181818181,0.0
60.0,45.0,0.0,0,,165,c006,105.0,57.142857142857146,42.857142857142854,0.0
30.0,0.0,0.0,2,98.5,51,c006,30.0,100.0,0.0,0.0
0.0,65.0,0.0,4,50.75,96,c006,65.0,0.0,100.0,0.0
0.0,30.0,0.0,0,,51,c006,30.0,0.0,100.0,0.0
30.0,75.0,0.0,0,,121,c006,105.0,28.571428571428573,71.42857142857143,0.0
15.0,45.0,0.0,0,,76,c006,60.0,25.0,75.0,0.0
20.0,0.0,0.0,3,45.333333333333336,36,c006,20.0,100.0,0.0,0.0
30.0,15.0,0.0,1,116.0,46,c006,45.0,66.66666666666667,33.333333333333336,0.0
0.0,45.0,0.0,0,,76,c006,45.0,0.0,100.0,0.0
0.0,40.0,0.0,0,,56,c006,40.0,0.0,100.0,0.0
115.0,255.0,30.0,4,49.0,475,c006,400.0,28.75,63.75,7.5
0.0,25.0,0.0,4,48.5,41,c006,25.0,0.0,100.0,0.0
0.0,20.0,0.0,3,59.333333333333336,36,c006,20.0,0.0,100.0,0.0
0.0,25.0,0.0,0,,41,c006,25.0,0.0,100.0,0.0
60.0,90.0,0.0,0,,195,c006,150.0,40.0,60.0,0.0
35.0,60.0,0.0,0,,111,c006,95.0,36.8421052631579,63.1578947368421,0.0
20.0,0.0,0.0,3,67.33333333333333,36,c006,20.0,100.0,0.0,0.0
40.0,45.0,15.0,0,,116,c006,100.0,40.0,45.0,15.0
30.0,65.0,0.0,0,,111,c006,95.0,31.57894736842105,68.42105263157895,0.0
5.0,45.0,0.0,0,,66,c006,50.0,10.0,90.0,0.0
30.0,20.0,0.0,0,,66,c006,50.0,60.0,40.0,0.0
0.0,25.0,0.0,4,49.5,41,c006,25.0,0.0,100.0,0.0
0.0,30.0,0.0,0,,46,c006,30.0,0.0,100.0,0.0
0.0,45.0,0.0,0,,61,c006,45.0,0.0,100.0,0.0
35.0,60.0,0.0,0,,111,c006,95.0,36.8421052631579,63.1578947368421,0.0
160.0,120.0,0.0,46,68.91304347826087,641,c006,280.0,57.142857142857146,42.857142857142854,0.0
0.0,120.0,0.0,7,99.85714285714286,121,c006,120.0,0.0,100.0,0.0
5.0,45.0,0.0,0,,66,c006,50.0,10.0,90.0,0.0
15.0,65.0,0.0,0,,111,c006,80.0,18.75,81.25,0.0
45.0,105.0,15.0,0,,190,c006,165.0,27.272727272727273,63.63636363636363,9.090909090909092
30.0,0.0,0.0,0,,46,c006,30.0,100.0,0.0,0.0
30.0,0.0,0.0,0,,51,c006,30.0,100.0,0.0,0.0
0.0,45.0,0.0,4,45.0,61,c006,45.0,0.0,100.0,0.0
10.0,45.0,0.0,0,,71,c006,55.0,18.181818181818183,81.81818181818181,0.0
30.0,125.0,0.0,0,,185,c006,155.0,19.35483870967742,80.64516129032258,0.0
0.0,20.0,0.0,0,,36,c006,20.0,0.0,100.0,0.0
20.0,45.0,0.0,0,,81,c006,65.0,30.76923076923077,69.23076923076923,0.0
0.0,40.0,0.0,0,,56,c006,40.0,0.0,100.0,0.0
35.0,45.0,0.0,0,,96,c006,80.0,43.75,56.25,0.0
30.0,75.0,0.0,0,,150,c006,105.0,28.571428571428573,71.42857142857143,0.0
30.0,10.0,0.0,0,,56,c006,40.0,75.0,25.0,0.0
15.0,15.0,0.0,0,,51,c006,30.0,50.0,50.0,0.0
0.0,95.0,0.0,0,,111,c006,95.0,0.0,100.0,0.0
150.0,150.0,15.0,4,51.25,375,c006,315.0,47.61904761904762,47.61904761904762,4.761904761904762
15.0,0.0,0.0,3,42.0,31,c006,15.0,100.0,0.0,0.0
0.0,30.0,0.0,4,47.75,51,c006,30.0,0.0,100.0,0.0
75.0,100.0,15.0,4,69.25,250,c006,190.0,39.473684210526315,52.63157894736842,7.894736842105263
30.0,0.0,0.0,0,,46,c006,30.0,100.0,0.0,0.0
15.0,80.0,0.0,0,,125,c006,95.0,15.789473684210526,84.21052631578948,0.0
50.0,30.0,0.0,0,,125,c006,80.0,62.5,37.5,0.0
40.0,60.0,15.0,0,,130,c006,115.0,34.78260869565217,52.17391304347826,13.043478260869565
0.0,25.0,0.0,4,44.75,41,c006,25.0,0.0,100.0,0.0
15.0,45.0,0.0,3,47.666666666666664,76,c006,60.0,25.0,75.0,0.0
0.0,30.0,0.0,0,,46,c006,30.0,0.0,100.0,0.0
50.0,60.0,0.0,7,115.0,125,c006,110.0,45.45454545454545,54.54545454545455,0.0
0.0,60.0,0.0,0,,76,c006,60.0,0.0,100.0,0.0
0.0,30.0,0.0,0,,46,c006,30.0,0.0,100.0,0.0
30.0,45.0,0.0,3,77.33333333333333,101,c006,75.0,40.0,60.0,0.0
30.0,70.0,15.0,7,84.28571428571429,116,c006,115.0,26.08695652173913,60.869565217391305,13.043478260869565
30.0,15.0,0.0,3,47.0,61,c006,45.0,66.66666666666667,33.333333333333336,0.0
0.0,30.0,0.0,0,,46,c006,30.0,0.0,100.0,0.0
0.0,30.0,0.0,4,51.25,46,c006,30.0,0.0,100.0,0.0
0.0,30.0,0.0,4,54.0,46,c006,30.0,0.0,100.0,0.0
20.0,0.0,0.0,4,38.25,36,c006,20.0,100.0,0.0,0.0
0.0,30.0,0.0,2,45.5,46,c006,30.0,0.0,100.0,0.0
15.0,45.0,0.0,0,,106,c006,60.0,25.0,75.0,0.0
15.0,65.0,0.0,4,45.25,111,c006,80.0,18.75,81.25,0.0
0.0,40.0,0.0,4,82.25,56,c006,40.0,0.0,100.0,0.0
5.0,45.0,0.0,0,,66,c006,50.0,10.0,90.0,0.0
0.0,30.0,0.0,0,,46,c006,30.0,0.0,100.0,0.0
15.0,0.0,0.0,0,,31,c006,15.0,100.0,0.0,0.0
30.0,95.0,15.0,4,46.5,155,c006,140.0,21.428571428571427,67.85714285714286,10.714285714285714
30.0,45.0,0.0,4,62.25,91,c006,75.0,40.0,60.0,0.0
15.0,75.0,0.0,0,,121,c006,90.0,16.666666666666668,83.33333333333333,0.0
0.0,40.0,0.0,4,46.75,56,c006,40.0,0.0,100.0,0.0
0.0,60.0,0.0,0,,81,c006,60.0,0.0,100.0,0.0
10.0,0.0,0.0,3,46.0,26,c006,10.0,100.0,0.0,0.0
0.0,60.0,0.0,0,,86,c006,60.0,0.0,100.0,0.0
0.0,45.0,0.0,0,,76,c006,45.0,0.0,100.0,0.0
15.0,60.0,0.0,0,,91,c006,75.0,20.0,80.0,0.0
30.0,30.0,10.0,3,68.33333333333333,101,c006,70.0,42.857142857142854,42.857142857142854,14.285714285714286
15.0,5.0,0.0,4,62.75,36,c006,20.0,75.0,25.0,0.0
15.0,10.0,0.0,1,53.0,41,c006,25.0,60.0,40.0,0.0
10.0,45.0,0.0,0,,71,c006,55.0,18.181818181818183,81.81818181818181,0.0
0.0,25.0,0.0,1,54.0,41,c006,25.0,0.0,100.0,0.0
0.0,80.0,0.0,0,,111,c006,80.0,0.0,100.0,0.0
60.0,60.0,15.0,0,,150,c006,135.0,44.44444444444444,44.44444444444444,11.11111111111111
30.0,25.0,0.0,0,,71,c006,55.0,54.54545454545455,45.45454545454545,0.0
25.0,105.0,0.0,4,43.25,160,c006,130.0,19.23076923076923,80.76923076923077,0.0
45.0,15.0,45.0,0,,251,c006,105.0,42.857142857142854,14.285714285714286,42.857142857142854
30.0,20.0,0.0,0,,66,c006,50.0,60.0,40.0,0.0
25.0,0.0,0.0,0,,41,c006,25.0,100.0,0.0,0.0
0.0,40.0,0.0,0,,56,c006,40.0,0.0,100.0,0.0
0.0,30.0,0.0,0,,46,c006,30.0,0.0,100.0,0.0
0.0,30.0,0.0,0,,51,c006,30.0,0.0,100.0,0.0
25.0,45.0,0.0,0,,86,c006,70.0,35.714285714285715,64.28571428571429,0.0
40.0,30.0,0.0,0,,116,c006,70.0,57.142857142857146,42.857142857142854,0.0
30.0,15.0,0.0,3,33.666666666666664,61,c007,45.0,66.66666666666667,33.333333333333336,0.0
30.0,0.0,0.0,4,34.0,46,c007,30.0,100.0,0.0,0.0
20.0,15.0,0.0,1,39.0,36,c007,35.0,57.142857142857146,42.857142857142854,0.0
65.0,30.0,0.0,3,49.0,140,c007,95.0,68.42105263157895,31.57894736842105,0.0
25.0,0.0,0.0,4,36.75,41,c007,25.0,100.0,0.0,0.0
30.0,20.0,0.0,4,49.25,66,c007,50.0,60.0,40.0,0.0
30.0,30.0,0.0,4,47.25,86,c007,60.0,50.0,50.0,0.0
20.0,0.0,0.0,4,37.25,36,c007,20.0,100.0,0.0,0.0
25.0,0.0,0.0,4,35.25,41,c007,25.0,100.0,0.0,0.0
30.0,15.0,0.0,1,41.0,51,c007,45.0,66.66666666666667,33.333333333333336,0.0
45.0,55.0,15.0,7,40.42857142857143,130,c007,115.0,39.130434782608695,47.82608695652174,13.043478260869565
30.0,45.0,0.0,1,42.0,76,c007,75.0,40.0,60.0,0.0
0.0,40.0,0.0,4,35.0,56,c007,40.0,0.0,100.0,0.0
5.0,45.0,0.0,4,53.75,66,c007,50.0,10.0,90.0,0.0
20.0,0.0,0.0,4,34.5,36,c007,20.0,100.0,0.0,0.0
30.0,0.0,0.0,3,53.333333333333336,46,c007,30.0,100.0,0.0,0.0
30.0,20.0,0.0,3,37.0,66,c007,50.0,60.0,40.0,0.0
30.0,35.0,0.0,1,36.0,66,c007,65.0,46.15384615384615,53.84615384615385,0.0
20.0,15.0,0.0,1,35.0,36,c007,35.0,57.142857142857146,42.857142857142854,0.0
20.0,0.0,0.0,4,35.75,36,c007,20.0,100.0,0.0,0.0
30.0,0.0,0.0,4,39.0,46,c007,30.0,100.0,0.0,0.0
30.0,10.0,0.0,3,50.0,56,c007,40.0,75.0,25.0,0.0
30.0,40.0,0.0,1,36.0,71,c007,70.0,42.857142857142854,57.142857142857146,0.0
30.0,45.0,0.0,1,37.0,76,c007,75.0,40.0,60.0,0.0
0.0,20.0,0.0,3,46.0,36,c007,20.0,0.0,100.0,0.0
0.0,30.0,0.0,4,37.25,51,c007,30.0,0.0,100.0,0.0
15.0,0.0,0.0,3,86.66666666666667,31,c007,15.0,100.0,0.0,0.0
30.0,0.0,0.0,5,47.2,46,c007,30.0,100.0,0.0,0.0
30.0,45.0,0.0,5,56.2,96,c007,75.0,40.0,60.0,0.0
60.0,80.0,0.0,1,67.0,155,c007,140.0,42.857142857142854,57.142857142857146,0.0
15.0,75.0,0.0,0,,106,c007,90.0,16.666666666666668,83.33333333333333,0.0
0.0,45.0,0.0,4,38.0,61,c007,45.0,0.0,100.0,0.0
0.0,30.0,0.0,0,,51,c007,30.0,0.0,100.0,0.0
15.0,45.0,0.0,0,,76,c007,60.0,25.0,75.0,0.0
30.0,15.0,0.0,0,,71,c007,45.0,66.66666666666667,33.333333333333336,0.0
30.0,15.0,0.0,0,,61,c007,45.0,66.66666666666667,33.333333333333336,0.0
60.0,60.0,0.0,0,,175,c007,120.0,50.0,50.0,0.0
0.0,15.0,0.0,0,,31,c007,15.0,0.0,100.0,0.0
0.0,25.0,0.0,4,36.75,41,c007,25.0,0.0,100.0,0.0
0.0,75.0,0.0,5,32.2,101,c007,75.0,0.0,100.0,0.0
0.0,20.0,0.0,3,33.0,36,c007,20.0,0.0,100.0,0.0
120.0,135.0,15.0,4,39.5,365,c007,270.0,44.44444444444444,50.0,5.555555555555555
30.0,60.0,15.0,0,,530,c007,105.0,28.571428571428573,57.142857142857146,14.285714285714286
20.0,0.0,0.0,3,48.0,36,c007,20.0,100.0,0.0,0.0
30.0,45.0,0.0,3,41.666666666666664,106,c007,75.0,40.0,60.0,0.0
30.0,0.0,0.0,3,53.333333333333336,46,c007,30.0,100.0,0.0,0.0
0.0,45.0,0.0,0,,61,c007,45.0,0.0,100.0,0.0
20.0,0.0,0.0,0,,36,c007,20.0,100.0,0.0,0.0
30.0,15.0,0.0,0,,46,c007,45.0,66.66666666666667,33.333333333333336,0.0
30.0,0.0,0.0,0,,46,c007,30.0,100.0,0.0,0.0
60.0,100.0,0.0,0,,175,c007,160.0,37.5,62.5,0.0
0.0,30.0,0.0,4,33.75,46,c007,30.0,0.0,100.0,0.0
55.0,60.0,0.0,3,44.333333333333336,160,c007,115.0,47.82608695652174,52.17391304347826,0.0
50.0,75.0,15.0,4,41.25,155,c007,140.0,35.714285714285715,53.57142857142857,10.714285714285714
15.0,70.0,0.0,0,,86,c007,85.0,17.647058823529413,82.3529411764706,0.0
20.0,0.0,0.0,0,,36,c007,20.0,100.0,0.0,0.0
30.0,0.0,0.0,0,,51,c007,30.0,100.0,0.0,0.0
30.0,15.0,15.0,0,,66,c007,60.0,50.0,25.0,25.0
30.0,65.0,0.0,0,,96,c007,95.0,31.57894736842105,68.42105263157895,0.0
20.0,0.0,0.0,0,,36,c007,20.0,100.0,0.0,0.0
0.0,65.0,0.0,4,46.5,96,c007,65.0,0.0,100.0,0.0
0.0,30.0,0.0,4,40.75,46,c007,30.0,0.0,100.0,0.0
0.0,30.0,0.0,4,39.25,51,c007,30.0,0.0,100.0,0.0
5.0,45.0,0.0,4,33.5,66,c007,50.0,10.0,90.0,0.0
0.0,50.0,0.0,4,41.5,66,c007,50.0,0.0,100.0,0.0
60.0,45.0,0.0,4,35.75,150,c007,105.0,57.142857142857146,42.857142857142854,0.0
40.0,60.0,0.0,3,44.0,145,c007,100.0,40.0,60.0,0.0
25.0,0.0,0.0,4,37.25,41,c007,25.0,100.0,0.0,0.0
15.0,80.0,0.0,0,,230,c007,95.0,15.789473684210526,84.21052631578948,0.0
0.0,30.0,0.0,4,37.5,51,c007,30.0,0.0,100.0,0.0
30.0,95.0,0.0,4,51.5,155,c007,125.0,24.0,76.0,0.0
15.0,60.0,0.0,4,33.5,91,c007,75.0,20.0,80.0,0.0
15.0,60.0,10.0,4,46.25,101,c007,85.0,17.647058823529413,70.58823529411765,11.764705882352942
120.0,135.0,15.0,4,38.0,330,c007,270.0,44.44444444444444,50.0,5.555555555555555
25.0,0.0,0.0,3,38.333333333333336,41,c007,25.0,100.0,0.0,0.0
15.0,45.0,0.0,4,56.5,76,c007,60.0,25.0,75.0,0.0
30.0,45.0,0.0,4,56.75,91,c007,75.0,40.0,60.0,0.0
0.0,25.0,0.0,4,46.5,41,c007,25.0,0.0,100.0,0.0
0.0,60.0,0.0,4,51.25,76,c007,60.0,0.0,100.0,0.0
90.0,90.0,0.0,4,57.0,250,c007,180.0,50.0,50.0,0.0
55.0,30.0,15.0,3,66.0,130,c007,100.0,55.0,30.0,15.0
0.0,30.0,0.0,4,41.0,51,c007,30.0,0.0,100.0,0.0
30.0,45.0,0.0,5,52.2,96,c007,75.0,40.0,60.0,0.0
0.0,25.0,0.0,4,37.25,41,c007,25.0,0.0,100.0,0.0
105.0,230.0,15.0,4,32.25,455,c007,350.0,30.0,65.71428571428571,4.285714285714286
25.0,0.0,0.0,4,46.75,41,c007,25.0,100.0,0.0,0.0
0.0,60.0,0.0,0,,86,c007,60.0,0.0,100.0,0.0
25.0,45.0,0.0,0,,86,c007,70.0,35.714285714285715,64.28571428571429,0.0
20.0,45.0,0.0,0,,81,c007,65.0,30.76923076923077,69.23076923076923,0.0
120.0,155.0,30.0,0,,365,c007,305.0,39.34426229508197,50.81967213114754,9.836065573770492
10.0,45.0,0.0,0,,71,c007,55.0,18.181818181818183,81.81818181818181,0.0
0.0,50.0,0.0,0,,66,c007,50.0,0.0,100.0,0.0
5.0,45.0,0.0,0,,66,c007,50.0,10.0,90.0,0.0
15.0,60.0,0.0,0,,101,c007,75.0,20.0,80.0,0.0
0.0,90.0,0.0,0,,106,c007,90.0,0.0,100.0,0.0
95.0,165.0,0.0,0,,335,c007,260.0,36.53846153846154,63.46153846153846,0.0
25.0,0.0,0.0,0,,41,c007,25.0,100.0,0.0,0.0
0.0,75.0,0.0,4,47.75,91,c007,75.0,0.0,100.0,0.0
15.0,60.0,10.0,4,32.5,101,c007,85.0,17.647058823529413,70.58823529411765,11.764705882352942
15.0,95.0,0.0,4,34.75,140,c007,110.0,13.636363636363637,86.36363636363636,0.0
0.0,45.0,0.0,4,56.5,61,c007,45.0,0.0,100.0,0.0
0.0,45.0,0.0,4,54.25,61,c007,45.0,0.0,100.0,0.0
105.0,215.0,30.0,4,41.75,410,c007,350.0,30.0,61.42857142857143,8.571428571428571
0.0,30.0,0.0,4,63.75,51,c007,30.0,0.0,100.0,0.0
120.0,205.0,15.0,4,31.75,430,c007,340.0,35.294117647058826,60.294117647058826,4.411764705882353
25.0,0.0,0.0,3,38.0,41,c007,25.0,100.0,0.0,0.0
0.0,30.0,0.0,4,59.75,46,c007,30.0,0.0,100.0,0.0
15.0,60.0,0.0,4,45.5,101,c007,75.0,20.0,80.0,0.0
0.0,30.0,0.0,4,57.75,51,c007,30.0,0.0,100.0,0.0
10.0,45.0,0.0,5,62.0,71,c007,55.0,18.181818181818183,81.81818181818181,0.0
0.0,60.0,0.0,4,56.5,86,c007,60.0,0.0,100.0,0.0
120.0,190.0,15.0,3,40.0,370,c007,325.0,36.92307692307692,58.46153846153846,4.615384615384615
10.0,45.0,0.0,1,91.0,71,c007,55.0,18.181818181818183,81.81818181818181,0.0
0.0,45.0,0.0,0,,61,c007,45.0,0.0,100.0,0.0
110.0,165.0,15.0,0,,335,c007,290.0,37.93103448275862,56.89655172413793,5.172413793103448
30.0,45.0,10.0,5,36.6,101,c007,85.0,35.294117647058826,52.94117647058823,11.764705882352942
5.0,45.0,0.0,0,,66,c007,50.0,10.0,90.0,0.0
0.0,25.0,0.0,0,,41,c007,25.0,0.0,100.0,0.0
135.0,180.0,0.0,0,,385,c007,315.0,42.857142857142854,57.142857142857146,0.0
30.0,45.0,0.0,0,,91,c007,75.0,40.0,60.0,0.0
0.0,40.0,0.0,4,50.0,56,c007,40.0,0.0,100.0,0.0
0.0,30.0,0.0,4,41.25,51,c007,30.0,0.0,100.0,0.0
10.0,45.0,0.0,4,43.75,71,c007,55.0,18.181818181818183,81.81818181818181,0.0
120.0,190.0,15.0,4,39.25,370,c007,325.0,36.92307692307692,58.46153846153846,4.615384615384615
15.0,45.0,0.0,8,86.625,260,c007,60.0,25.0,75.0,0.0
0.0,30.0,0.0,4,36.5,51,c007,30.0,0.0,100.0,0.0
0.0,45.0,0.0,6,38.0,61,c007,45.0,0.0,100.0,0.0
0.0,45.0,0.0,4,39.5,61,c007,45.0,0.0,100.0,0.0
135.0,165.0,30.0,4,33.0,420,c007,330.0,40.90909090909091,50.0,9.090909090909092
0.0,60.0,0.0,4,35.75,81,c007,60.0,0.0,100.0,0.0
0.0,30.0,0.0,4,36.25,46,c007,30.0,0.0,100.0,0.0
135.0,225.0,30.0,4,32.75,440,c007,390.0,34.61538461538461,57.69230769230769,7.6923076923076925
0.0,60.0,0.0,4,60.5,76,c007,60.0,0.0,100.0,0.0
0.0,25.0,0.0,0,,41,c007,25.0,0.0,100.0,0.0
0.0,45.0,0.0,0,,61,c007,45.0,0.0,100.0,0.0
135.0,165.0,0.0,4,71.5,385,c007,300.0,45.0,55.0,0.0
30.0,0.0,0.0,4,36.75,51,c007,30.0,100.0,0.0,0.0
0.0,40.0,0.0,5,102.6,56,c007,40.0,0.0,100.0,0.0
0.0,30.0,0.0,4,37.5,51,c007,30.0,0.0,100.0,0.0
90.0,150.0,0.0,4,39.0,305,c007,240.0,37.5,62.5,0.0
60.0,60.0,0.0,4,36.25,525,c007,120.0,50.0,50.0,0.0
30.0,55.0,0.0,4,45.75,130,c007,85.0,35.294117647058826,64.70588235294117,0.0
300.0,630.0,0.0,3,34.666666666666664,1215,c007,930.0,32.25806451612903,67.74193548387096,0.0
0.0,30.0,0.0,3,44.0,51,c007,30.0,0.0,100.0,0.0
105.0,200.0,30.0,4,41.0,380,c007,335.0,31.34328358208955,59.701492537313435,8.955223880597014
5.0,45.0,0.0,4,46.0,66,c007,50.0,10.0,90.0,0.0
15.0,115.0,0.0,0,,145,c007,130.0,11.538461538461538,88.46153846153847,0.0
150.0,180.0,0.0,0,,450,c007,330.0,45.45454545454545,54.54545454545455,0.0
10.0,60.0,0.0,0,,71,c007,70.0,14.285714285714286,85.71428571428571,0.0
15.0,60.0,0.0,5,32.0,91,c007,75.0,20.0,80.0,0.0
0.0,25.0,0.0,4,36.25,41,c007,25.0,0.0,100.0,0.0
0.0,40.0,0.0,4,41.0,56,c007,40.0,0.0,100.0,0.0
0.0,105.0,0.0,0,,135,c007,105.0,0.0,100.0,0.0
5.0,45.0,0.0,4,38.75,66,c007,50.0,10.0,90.0,0.0
0.0,50.0,0.0,3,61.666666666666664,66,c007,50.0,0.0,100.0,0.0
130.0,210.0,0.0,4,74.25,475,c007,340.0,38.23529411764706,61.76470588235294,0.0
25.0,15.0,0.0,1,113.0,41,c007,40.0,62.5,37.5,0.0
0.0,95.0,0.0,12,84.91666666666667,111,c007,95.0,0.0,100.0,0.0
15.0,45.0,0.0,4,64.25,76,c007,60.0,25.0,75.0,0.0
90.0,90.0,0.0,4,39.0,255,c007,180.0,50.0,50.0,0.0
45.0,75.0,30.0,6,40.0,150,c007,150.0,30.0,50.0,20.0
0.0,30.0,0.0,0,,51,c007,30.0,0.0,100.0,0.0
0.0,25.0,0.0,0,,41,c007,25.0,0.0,100.0,0.0
0.0,25.0,0.0,0,,41,c007,25.0,0.0,100.0,0.0
20.0,45.0,0.0,0,,81,c007,65.0,30.76923076923077,69.23076923076923,0.0
120.0,160.0,15.0,0,,370,c007,295.0,40.67796610169491,54.23728813559322,5.084745762711864
0.0,60.0,0.0,0,,76,c007,60.0,0.0,100.0,0.0
0.0,75.0,10.0,0,,101,c007,85.0,0.0,88.23529411764706,11.764705882352942
30.0,45.0,0.0,3,32.666666666666664,91,c007,75.0,40.0,60.0,0.0
0.0,45.0,0.0,4,30.75,61,c007,45.0,0.0,100.0,0.0
0.0,30.0,0.0,4,36.25,51,c007,30.0,0.0,100.0,0.0
120.0,120.0,0.0,4,45.25,345,c007,240.0,50.0,50.0,0.0
30.0,65.0,0.0,0,,111,c007,95.0,31.57894736842105,68.42105263157895,0.0
10.0,45.0,0.0,4,29.75,71,c007,55.0,18.181818181818183,81.81818181818181,0.0
0.0,25.0,0.0,4,31.0,41,c007,25.0,0.0,100.0,0.0
15.0,0.0,0.0,3,35.333333333333336,31,c007,15.0,100.0,0.0,0.0
145.0,135.0,15.0,0,,340,c007,295.0,49.152542372881356,45.76271186440678,5.084745762711864
0.0,45.0,0.0,4,52.25,66,c007,45.0,0.0,100.0,0.0
10.0,45.0,0.0,4,37.5,71,c007,55.0,18.181818181818183,81.81818181818181,0.0
30.0,0.0,0.0,3,30.666666666666668,51,c007,30.0,100.0,0.0,0.0
30.0,35.0,0.0,0,,66,c007,65.0,46.15384615384615,53.84615384615385,0.0
90.0,140.0,0.0,4,49.5,290,c007,230.0,39.130434782608695,60.869565217391305,0.0
15.0,60.0,0.0,4,35.25,101,c007,75.0,20.0,80.0,0.0
0.0,30.0,0.0,0,,51,c007,30.0,0.0,100.0,0.0
20.0,45.0,0.0,4,35.0,81,c007,65.0,30.76923076923077,69.23076923076923,0.0
20.0,0.0,0.0,3,37.0,36,c007,20.0,100.0,0.0,0.0
25.0,0.0,0.0,4,35.25,41,c007,25.0,100.0,0.0,0.0
105.0,120.0,0.0,4,40.75,285,c007,225.0,46.666666666666664,53.333333333333336,0.0
20.0,0.0,0.0,4,41.75,36,c007,20.0,100.0,0.0,0.0
30.0,0.0,0.0,1,125.0,101,c007,30.0,100.0,0.0,0.0
0.0,40.0,0.0,4,46.75,56,c007,40.0,0.0,100.0,0.0
0.0,30.0,0.0,4,32.25,51,c007,30.0,0.0,100.0,0.0
0.0,50.0,0.0,4,33.5,66,c007,50.0,0.0,100.0,0.0
0.0,40.0,0.0,4,49.5,56,c007,40.0,0.0,100.0,0.0
75.0,125.0,15.0,3,31.333333333333332,290,c007,215.0,34.883720930232556,58.13953488372093,6.976744186046512
0.0,65.0,0.0,4,31.0,96,c007,65.0,0.0,100.0,0.0
30.0,30.0,0.0,4,38.75,76,c007,60.0,50.0,50.0,0.0
115.0,135.0,15.0,4,46.5,325,c007,265.0,43.39622641509434,50.943396226415096,5.660377358490566
10.0,45.0,0.0,0,,71,c007,55.0,18.181818181818183,81.81818181818181,0.0
0.0,20.0,0.0,0,,36,c007,20.0,0.0,100.0,0.0
30.0,0.0,0.0,0,,51,c007,30.0,100.0,0.0,0.0
90.0,125.0,0.0,0,,275,c007,215.0,41.86046511627907,58.13953488372093,0.0
30.0,45.0,15.0,6,37.5,111,c007,90.0,33.333333333333336,50.0,16.666666666666668
15.0,55.0,0.0,4,36.0,86,c007,70.0,21.428571428571427,78.57142857142857,0.0
90.0,105.0,0.0,3,38.666666666666664,270,c007,195.0,46.15384615384615,53.84615384615385,0.0
30.0,25.0,0.0,3,35.333333333333336,71,c007,55.0,54.54545454545455,45.45454545454545,0.0
0.0,25.0,0.0,4,41.75,41,c007,25.0,0.0,100.0,0.0
0.0,25.0,0.0,4,36.25,41,c007,25.0,0.0,100.0,0.0
0.0,30.0,0.0,4,51.5,51,c007,30.0,0.0,100.0,0.0
30.0,45.0,0.0,4,36.5,91,c007,75.0,40.0,60.0,0.0
20.0,45.0,0.0,4,56.5,81,c007,65.0,30.76923076923077,69.23076923076923,0.0
150.0,150.0,0.0,3,31.0,555,c007,300.0,50.0,50.0,0.0
30.0,55.0,0.0,4,44.75,130,c007,85.0,35.294117647058826,64.70588235294117,0.0
0.0,30.0,0.0,4,35.0,51,c007,30.0,0.0,100.0,0.0
0.0,20.0,0.0,3,33.333333333333336,36,c007,20.0,0.0,100.0,0.0
135.0,165.0,15.0,4,52.0,390,c007,315.0,42.857142857142854,52.38095238095238,4.761904761904762
15.0,45.0,0.0,4,38.0,76,c007,60.0,25.0,75.0,0.0
0.0,25.0,0.0,4,39.0,41,c007,25.0,0.0,100.0,0.0
0.0,20.0,0.0,3,34.666666666666664,36,c007,20.0,0.0,100.0,0.0
0.0,60.0,0.0,4,30.75,91,c007,60.0,0.0,100.0,0.0
90.0,180.0,15.0,3,38.0,330,c007,285.0,31.57894736842105,63.1578947368421,5.2631578947368425
0.0,20.0,0.0,4,39.5,36,c007,20.0,0.0,100.0,0.0
0.0,25.0,0.0,4,54.75,41,c007,25.0,0.0,100.0,0.0
5.0,45.0,0.0,4,33.5,66,c007,50.0,10.0,90.0,0.0
110.0,195.0,30.0,4,36.75,380,c007,335.0,32.83582089552239,58.208955223880594,8.955223880597014
0.0,95.0,0.0,4,40.75,136,c007,95.0,0.0,100.0,0.0
20.0,45.0,0.0,0,,81,c007,65.0,30.76923076923077,69.23076923076923,0.0
150.0,105.0,0.0,0,,355,c007,255.0,58.8235294117647,41.1764705882353,0.0
0.0,40.0,0.0,4,40.75,56,c007,40.0,0.0,100.0,0.0
10.0,45.0,0.0,4,40.0,71,c007,55.0,18.181818181818183,81.81818181818181,0.0
120.0,150.0,5.0,4,34.25,350,c007,275.0,43.63636363636363,54.54545454545455,1.8181818181818181
0.0,45.0,0.0,0,,61,c007,45.0,0.0,100.0,0.0
0.0,45.0,0.0,0,,61,c007,45.0,0.0,100.0,0.0
15.0,45.0,0.0,0,,76,c007,60.0,25.0,75.0,0.0
15.0,90.0,0.0,0,,135,c007,105.0,14.285714285714286,85.71428571428571,0.0
15.0,125.0,0.0,0,,185,c007,140.0,10.714285714285714,89.28571428571429,0.0
30.0,135.0,0.0,0,,210,c007,165.0,18.181818181818183,81.81818181818181,0.0
135.0,360.0,45.0,0,,615,c007,540.0,25.0,66.66666666666667,8.333333333333334
60.0,300.0,15.0,0,,390,c007,375.0,16.0,80.0,4.0
0.0,40.0,0.0,0,,56,c007,40.0,0.0,100.0,0.0
0.0,25.0,0.0,0,,41,c007,25.0,0.0,100.0,0.0
50.0,30.0,0.0,0,,125,c007,80.0,62.5,37.5,0.0
75.0,155.0,30.0,0,,320,c007,260.0,28.846153846153847,59.61538461538461,11.538461538461538
345.0,1065.0,90.0,0,,1680,c007,1500.0,23.0,71.0,6.0
110.0,330.0,45.0,4,93.5,485,c007,485.0,22.68041237113402,68.04123711340206,9.278350515463918
0.0,30.0,0.0,0,,51,c007,30.0,0.0,100.0,0.0
30.0,0.0,0.0,4,36.0,46,c007,30.0,100.0,0.0,0.0
100.0,150.0,15.0,4,36.25,340,c007,265.0,37.735849056603776,56.60377358490566,5.660377358490566
0.0,30.0,0.0,0,,51,c007,30.0,0.0,100.0,0.0
0.0,45.0,0.0,0,,61,c007,45.0,0.0,100.0,0.0
150.0,150.0,15.0,0,,420,c007,315.0,47.61904761904762,47.61904761904762,4.761904761904762
120.0,590.0,0.0,0,,830,c007,710.0,16.901408450704224,83.09859154929578,0.0
0.0,45.0,0.0,0,,61,c007,45.0,0.0,100.0,0.0
15.0,50.0,0.0,0,,81,c007,65.0,23.076923076923077,76.92307692307692,0.0
105.0,150.0,15.0,0,,360,c007,270.0,38.888888888888886,55.55555555555556,5.555555555555555
5.0,45.0,0.0,0,,66,c007,50.0,10.0,90.0,0.0
15.0,45.0,0.0,0,,76,c007,60.0,25.0,75.0,0.0
30.0,0.0,0.0,0,,46,c007,30.0,100.0,0.0,0.0
120.0,165.0,25.0,0,,400,c007,310.0,38.70967741935484,53.225806451612904,8.064516129032258
0.0,30.0,0.0,0,,46,c007,30.0,0.0,100.0,0.0
30.0,10.0,0.0,0,,56,c007,40.0,75.0,25.0,0.0
120.0,135.0,5.0,0,,350,c007,260.0,46.15384615384615,51.92307692307692,1.9230769230769231
5.0,45.0,0.0,0,,66,c007,50.0,10.0,90.0,0.0
0.0,25.0,0.0,0,,41,c007,25.0,0.0,100.0,0.0
585.0,1245.0,60.0,0,,2295,c007,1890.0,30.952380952380953,65.87301587301587,3.1746031746031744
0.0,30.0,0.0,0,,46,c007,30.0,0.0,100.0,0.0
0.0,45.0,0.0,4,54.75,61,c007,45.0,0.0,100.0,0.0
45.0,135.0,0.0,0,,225,c007,180.0,25.0,75.0,0.0
120.0,180.0,15.0,3,66.0,400,c007,315.0,38.095238095238095,57.142857142857146,4.761904761904762
0.0,20.0,0.0,3,34.666666666666664,36,c007,20.0,0.0,100.0,0.0
0.0,75.0,0.0,0,,101,c007,75.0,0.0,100.0,0.0
0.0,45.0,0.0,0,,61,c007,45.0,0.0,100.0,0.0
0.0,40.0,0.0,0,,56,c007,40.0,0.0,100.0,0.0
0.0,25.0,0.0,0,,41,c007,25.0,0.0,100.0,0.0
5.0,45.0,0.0,0,,66,c007,50.0,10.0,90.0,0.0
25.0,0.0,0.0,0,,41,c007,25.0,100.0,0.0,0.0
135.0,135.0,0.0,0,,345,c007,270.0,50.0,50.0,0.0
30.0,155.0,0.0,0,,215,c007,185.0,16.216216216216218,83.78378378378379,0.0
0.0,30.0,0.0,0,,51,c007,30.0,0.0,100.0,0.0
0.0,30.0,0.0,0,,46,c007,30.0,0.0,100.0,0.0
0.0,45.0,0.0,0,,61,c007,45.0,0.0,100.0,0.0
5.0,45.0,0.0,1,38.0,66,c007,50.0,10.0,90.0,0.0
15.0,75.0,0.0,4,57.75,121,c007,90.0,16.666666666666668,83.33333333333333,0.0
30.0,105.0,0.0,3,33.0,184,c007,135.0,22.22222222222222,77.77777777777777,0.0
0.0,20.0,0.0,0,,36,c007,20.0,0.0,100.0,0.0
0.0,25.0,0.0,0,,41,c007,25.0,0.0,100.0,0.0
0.0,105.0,0.0,0,,121,c007,105.0,0.0,100.0,0.0
35.0,90.0,15.0,0,,140,c007,140.0,25.0,64.28571428571429,10.714285714285714
15.0,60.0,0.0,0,,86,c007,75.0,20.0,80.0,0.0
0.0,30.0,0.0,0,,46,c007,30.0,0.0,100.0,0.0
0.0,40.0,0.0,0,,56,c007,40.0,0.0,100.0,0.0
10.0,45.0,0.0,0,,71,c007,55.0,18.181818181818183,81.81818181818181,0.0
0.0,30.0,0.0,0,,51,c007,30.0,0.0,100.0,0.0
130.0,195.0,30.0,0,,430,c007,355.0,36.61971830985915,54.929577464788736,8.450704225352112
45.0,55.0,15.0,0,,116,c007,115.0,39.130434782608695,47.82608695652174,13.043478260869565
0.0,100.0,0.0,0,,116,c007,100.0,0.0,100.0,0.0
0.0,45.0,0.0,0,,61,c007,45.0,0.0,100.0,0.0
0.0,30.0,0.0,0,,51,c007,30.0,0.0,100.0,0.0
0.0,30.0,0.0,0,,51,c007,30.0,0.0,100.0,0.0
135.0,170.0,30.0,0,,425,c007,335.0,40.298507462686565,50.74626865671642,8.955223880597014
0.0,25.0,0.0,0,,41,c007,25.0,0.0,100.0,0.0
0.0,55.0,0.0,0,,86,c007,55.0,0.0,100.0,0.0
0.0,30.0,0.0,0,,51,c007,30.0,0.0,100.0,0.0
0.0,25.0,0.0,0,,41,c007,25.0,0.0,100.0,0.0
0.0,25.0,0.0,4,37.5,41,c007,25.0,0.0,100.0,0.0
0.0,100.0,0.0,0,,116,c007,100.0,0.0,100.0,0.0
0.0,60.0,0.0,0,,81,c007,60.0,0.0,100.0,0.0
375.0,995.0,45.0,0,,1685,c007,1415.0,26.501766784452297,70.31802120141343,3.1802120141342756
0.0,145.0,0.0,0,,160,c007,145.0,0.0,100.0,0.0
15.0,100.0,0.0,0,,145,c007,115.0,13.043478260869565,86.95652173913044,0.0
0.0,25.0,0.0,0,,41,c007,25.0,0.0,100.0,0.0
120.0,210.0,0.0,0,,420,c007,330.0,36.36363636363637,63.63636363636363,0.0
0.0,45.0,0.0,0,,61,c007,45.0,0.0,100.0,0.0
150.0,180.0,0.0,0,,435,c007,330.0,45.45454545454545,54.54545454545455,0.0
10.0,45.0,0.0,0,,71,c007,55.0,18.181818181818183,81.81818181818181,0.0
15.0,45.0,0.0,0,,86,c007,60.0,25.0,75.0,0.0
100.0,120.0,0.0,0,,295,c007,220.0,45.45454545454545,54.54545454545455,0.0
25.0,0.0,0.0,0,,41,c007,25.0,100.0,0.0,0.0
0.0,25.0,0.0,0,,41,c007,25.0,0.0,100.0,0.0
0.0,45.0,0.0,0,,61,c007,45.0,0.0,100.0,0.0
0.0,30.0,0.0,0,,51,c007,30.0,0.0,100.0,0.0
0.0,20.0,0.0,0,,36,c007,20.0,0.0,100.0,0.0
0.0,25.0,0.0,0,,41,c007,25.0,0.0,100.0,0.0
0.0,75.0,0.0,6,33.5,106,c007,75.0,0.0,100.0,0.0
0.0,80.0,0.0,3,62.333333333333336,111,c007,80.0,0.0,100.0,0.0
165.0,315.0,45.0,0,,630,c007,525.0,31.428571428571427,60.0,8.571428571428571
15.0,45.0,0.0,2,34.5,76,c007,60.0,25.0,75.0,0.0
0.0,80.0,0.0,4,39.5,111,c007,80.0,0.0,100.0,0.0
0.0,30.0,0.0,4,37.0,46,c007,30.0,0.0,100.0,0.0
120.0,260.0,15.0,4,37.25,485,c007,395.0,30.379746835443036,65.82278481012658,3.7974683544303796
5.0,45.0,0.0,4,35.25,66,c007,50.0,10.0,90.0,0.0
0.0,30.0,0.0,4,40.0,51,c007,30.0,0.0,100.0,0.0
15.0,85.0,0.0,9,96.11111111111111,116,c007,100.0,15.0,85.0,0.0
0.0,40.0,0.0,4,90.5,56,c007,40.0,0.0,100.0,0.0
15.0,45.0,0.0,5,35.8,91,c008,60.0,25.0,75.0,0.0
60.0,75.0,0.0,4,33.5,195,c008,135.0,44.44444444444444,55.55555555555556,0.0
30.0,30.0,0.0,1,33.0,76,c008,60.0,50.0,50.0,0.0
50.0,45.0,0.0,1,33.0,125,c008,95.0,52.63157894736842,47.36842105263158,0.0
30.0,25.0,0.0,1,33.0,56,c008,55.0,54.54545454545455,45.45454545454545,0.0
0.0,45.0,0.0,4,33.25,61,c008,45.0,0.0,100.0,0.0
60.0,75.0,0.0,4,40.0,190,c008,135.0,44.44444444444444,55.55555555555556,0.0
45.0,75.0,15.0,7,45.142857142857146,155,c008,135.0,33.333333333333336,55.55555555555556,11.11111111111111
30.0,45.0,0.0,4,41.5,91,c008,75.0,40.0,60.0,0.0
165.0,150.0,0.0,5,34.0,435,c008,315.0,52.38095238095238,47.61904761904762,0.0
30.0,10.0,0.0,3,36.0,56,c008,40.0,75.0,25.0,0.0
0.0,20.0,0.0,3,32.333333333333336,36,c008,20.0,0.0,100.0,0.0
30.0,25.0,0.0,3,37.0,86,c008,55.0,54.54545454545455,45.45454545454545,0.0
40.0,30.0,0.0,2,32.0,116,c008,70.0,57.142857142857146,42.857142857142854,0.0
30.0,30.0,0.0,3,32.333333333333336,91,c008,60.0,50.0,50.0,0.0
30.0,75.0,15.0,4,34.25,135,c008,120.0,25.0,62.5,12.5
70.0,30.0,0.0,5,34.8,145,c008,100.0,70.0,30.0,0.0
45.0,30.0,0.0,4,41.5,121,c008,75.0,60.0,40.0,0.0
65.0,30.0,0.0,1,34.0,140,c008,95.0,68.42105263157895,31.57894736842105,0.0
30.0,0.0,0.0,3,33.0,51,c008,30.0,100.0,0.0,0.0
0.0,30.0,0.0,4,46.25,51,c008,30.0,0.0,100.0,0.0
50.0,45.0,15.0,3,32.666666666666664,125,c008,110.0,45.45454545454545,40.90909090909091,13.636363636363637
80.0,150.0,15.0,1,32.0,260,c008,245.0,32.6530612244898,61.224489795918366,6.122448979591836
30.0,15.0,0.0,3,35.666666666666664,61,c008,45.0,66.66666666666667,33.333333333333336,0.0
0.0,40.0,0.0,3,34.333333333333336,56,c008,40.0,0.0,100.0,0.0
80.0,90.0,0.0,4,35.75,230,c008,170.0,47.05882352941177,52.94117647058823,0.0
45.0,80.0,0.0,2,37.0,170,c008,125.0,36.0,64.0,0.0
30.0,35.0,0.0,0,,66,c008,65.0,46.15384615384615,53.84615384615385,0.0
0.0,45.0,0.0,1,33.0,51,c008,45.0,0.0,100.0,0.0
15.0,45.0,0.0,4,55.5,96,c008,60.0,25.0,75.0,0.0
30.0,55.0,15.0,4,59.25,116,c008,100.0,30.0,55.0,15.0
40.0,60.0,15.0,2,40.5,130,c008,115.0,34.78260869565217,52.17391304347826,13.043478260869565
45.0,60.0,15.0,4,34.75,150,c008,120.0,37.5,50.0,12.5
15.0,10.0,0.0,4,39.0,41,c008,25.0,60.0,40.0,0.0
0.0,60.0,0.0,2,71.5,76,c008,60.0,0.0,100.0,0.0
30.0,30.0,0.0,4,57.75,86,c008,60.0,50.0,50.0,0.0
30.0,30.0,0.0,3,38.333333333333336,81,c008,60.0,50.0,50.0,0.0
35.0,60.0,15.0,4,34.75,125,c008,110.0,31.818181818181817,54.54545454545455,13.636363636363637
30.0,15.0,0.0,2,34.0,61,c008,45.0,66.66666666666667,33.333333333333336,0.0
15.0,60.0,0.0,3,32.0,91,c008,75.0,20.0,80.0,0.0
0.0,60.0,0.0,4,31.75,76,c008,60.0,0.0,100.0,0.0
30.0,10.0,0.0,4,34.5,56,c008,40.0,75.0,25.0,0.0
50.0,30.0,0.0,2,37.0,125,c008,80.0,62.5,37.5,0.0
30.0,30.0,0.0,3,35.333333333333336,76,c008,60.0,50.0,50.0,0.0
30.0,35.0,0.0,4,34.0,111,c008,65.0,46.15384615384615,53.84615384615385,0.0
30.0,30.0,0.0,3,34.0,91,c008,60.0,50.0,50.0,0.0
25.0,45.0,0.0,0,,86,c008,70.0,35.714285714285715,64.28571428571429,0.0
30.0,45.0,0.0,0,,106,c008,75.0,40.0,60.0,0.0
75.0,60.0,0.0,0,,195,c008,135.0,55.55555555555556,44.44444444444444,0.0
85.0,120.0,15.0,0,,235,c008,220.0,38.63636363636363,54.54545454545455,6.818181818181818
15.0,65.0,0.0,4,55.75,111,c008,80.0,18.75,81.25,0.0
45.0,45.0,0.0,4,60.5,121,c008,90.0,50.0,50.0,0.0
55.0,45.0,0.0,2,32.0,130,c008,100.0,55.0,45.0,0.0
55.0,75.0,0.0,0,,160,c008,130.0,42.30769230769231,57.69230769230769,0.0
0.0,30.0,0.0,4,35.5,46,c008,30.0,0.0,100.0,0.0
0.0,30.0,0.0,5,31.4,51,c008,30.0,0.0,100.0,0.0
50.0,60.0,15.0,3,38.333333333333336,140,c008,125.0,40.0,48.0,12.0
60.0,55.0,0.0,2,34.0,160,c008,115.0,52.17391304347826,47.82608695652174,0.0
30.0,25.0,0.0,3,36.333333333333336,71,c008,55.0,54.54545454545455,45.45454545454545,0.0
5.0,45.0,0.0,3,33.333333333333336,66,c008,50.0,10.0,90.0,0.0
60.0,30.0,0.0,2,30.5,135,c008,90.0,66.66666666666667,33.333333333333336,0.0
30.0,15.0,0.0,4,32.0,76,c008,45.0,66.66666666666667,33.333333333333336,0.0
30.0,30.0,0.0,3,39.0,96,c008,60.0,50.0,50.0,0.0
30.0,65.0,0.0,1,33.0,125,c008,95.0,31.57894736842105,68.42105263157895,0.0
0.0,25.0,0.0,2,37.5,41,c008,25.0,0.0,100.0,0.0
5.0,45.0,0.0,4,41.0,66,c008,50.0,10.0,90.0,0.0
0.0,20.0,0.0,4,35.75,36,c008,20.0,0.0,100.0,0.0
75.0,145.0,15.0,4,35.25,265,c008,235.0,31.914893617021278,61.702127659574465,6.382978723404255
45.0,60.0,15.0,3,34.333333333333336,135,c008,120.0,37.5,50.0,12.5
30.0,45.0,0.0,7,41.57142857142857,91,c008,75.0,40.0,60.0,0.0
70.0,45.0,0.0,4,33.75,160,c008,115.0,60.869565217391305,39.130434782608695,0.0
30.0,15.0,0.0,2,33.5,61,c008,45.0,66.66666666666667,33.333333333333336,0.0
30.0,60.0,15.0,0,,121,c008,105.0,28.571428571428573,57.142857142857146,14.285714285714286
30.0,55.0,0.0,0,,86,c008,85.0,35.294117647058826,64.70588235294117,0.0
0.0,70.0,0.0,4,39.25,86,c008,70.0,0.0,100.0,0.0
60.0,90.0,0.0,4,35.75,205,c008,150.0,40.0,60.0,0.0
30.0,45.0,15.0,2,32.5,106,c008,90.0,33.333333333333336,50.0,16.666666666666668
30.0,30.0,0.0,3,34.333333333333336,76,c008,60.0,50.0,50.0,0.0
20.0,45.0,0.0,4,45.25,81,c008,65.0,30.76923076923077,69.23076923076923,0.0
60.0,55.0,0.0,3,47.333333333333336,160,c008,115.0,52.17391304347826,47.82608695652174,0.0
60.0,30.0,0.0,5,36.6,135,c008,90.0,66.66666666666667,33.333333333333336,0.0
60.0,60.0,0.0,4,36.25,150,c008,120.0,50.0,50.0,0.0
15.0,60.0,0.0,2,36.5,96,c008,75.0,20.0,80.0,0.0
30.0,75.0,15.0,4,35.25,150,c008,120.0,25.0,62.5,12.5
75.0,45.0,0.0,3,42.333333333333336,205,c008,120.0,62.5,37.5,0.0
30.0,45.0,0.0,3,39.666666666666664,96,c008,75.0,40.0,60.0,0.0
15.0,45.0,0.0,4,34.25,91,c008,60.0,25.0,75.0,0.0
25.0,0.0,0.0,4,33.25,41,c008,25.0,100.0,0.0,0.0
30.0,15.0,0.0,3,36.666666666666664,61,c008,45.0,66.66666666666667,33.333333333333336,0.0
30.0,45.0,15.0,5,32.8,111,c008,90.0,33.333333333333336,50.0,16.666666666666668
75.0,55.0,0.0,4,63.5,175,c008,130.0,57.69230769230769,42.30769230769231,0.0
0.0,30.0,0.0,3,35.0,51,c008,30.0,0.0,100.0,0.0
5.0,45.0,0.0,4,36.0,66,c008,50.0,10.0,90.0,0.0
0.0,105.0,0.0,3,51.666666666666664,121,c008,105.0,0.0,100.0,0.0
0.0,30.0,0.0,4,54.75,51,c008,30.0,0.0,100.0,0.0
90.0,90.0,0.0,2,34.5,240,c008,180.0,50.0,50.0,0.0
30.0,35.0,0.0,5,33.6,111,c008,65.0,46.15384615384615,53.84615384615385,0.0
30.0,20.0,0.0,4,33.25,66,c008,50.0,60.0,40.0,0.0
30.0,45.0,10.0,3,35.0,101,c008,85.0,35.294117647058826,52.94117647058823,11.764705882352942
95.0,75.0,0.0,3,51.333333333333336,245,c008,170.0,55.88235294117647,44.11764705882353,0.0
60.0,65.0,0.0,1,34.0,185,c008,125.0,48.0,52.0,0.0
0.0,25.0,0.0,4,38.75,41,c008,25.0,0.0,100.0,0.0
0.0,65.0,0.0,3,52.666666666666664,81,c008,65.0,0.0,100.0,0.0
30.0,30.0,0.0,2,37.5,76,c008,60.0,50.0,50.0,0.0
30.0,25.0,0.0,2,32.5,71,c008,55.0,54.54545454545455,45.45454545454545,0.0
30.0,45.0,0.0,2,38.0,106,c008,75.0,40.0,60.0,0.0
30.0,60.0,0.0,1,34.0,91,c008,90.0,33.333333333333336,66.66666666666667,0.0
25.0,45.0,0.0,6,92.66666666666667,71,c008,70.0,35.714285714285715,64.28571428571429,0.0
5.0,45.0,0.0,2,33.0,66,c008,50.0,10.0,90.0,0.0
30.0,15.0,0.0,3,37.666666666666664,71,c008,45.0,66.66666666666667,33.333333333333336,0.0
30.0,45.0,0.0,4,37.25,91,c008,75.0,40.0,60.0,0.0
30.0,30.0,0.0,0,,61,c008,60.0,50.0,50.0,0.0
75.0,75.0,0.0,3,63.666666666666664,205,c008,150.0,50.0,50.0,0.0
15.0,55.0,0.0,3,32.333333333333336,86,c008,70.0,21.428571428571427,78.57142857142857,0.0
90.0,125.0,0.0,4,48.75,260,c008,215.0,41.86046511627907,58.13953488372093,0.0
45.0,105.0,15.0,6,36.0,210,c008,165.0,27.272727272727273,63.63636363636363,9.090909090909092
0.0,45.0,0.0,4,35.25,61,c008,45.0,0.0,100.0,0.0
30.0,60.0,15.0,3,58.333333333333336,121,c008,105.0,28.571428571428573,57.142857142857146,14.285714285714286
50.0,75.0,0.0,5,32.2,170,c008,125.0,40.0,60.0,0.0
55.0,30.0,0.0,2,43.0,130,c008,85.0,64.70588235294117,35.294117647058826,0.0
15.0,60.0,0.0,5,50.6,106,c008,75.0,20.0,80.0,0.0
60.0,90.0,0.0,3,40.333333333333336,195,c008,150.0,40.0,60.0,0.0
60.0,40.0,0.0,3,32.666666666666664,145,c008,100.0,60.0,40.0,0.0
30.0,45.0,0.0,3,33.333333333333336,121,c008,75.0,40.0,60.0,0.0
0.0,60.0,0.0,3,37.666666666666664,91,c008,60.0,0.0,100.0,0.0
60.0,120.0,15.0,4,35.75,240,c008,195.0,30.76923076923077,61.53846153846154,7.6923076923076925
60.0,90.0,0.0,3,37.333333333333336,180,c008,150.0,40.0,60.0,0.0
75.0,60.0,0.0,2,39.5,210,c008,135.0,55.55555555555556,44.44444444444444,0.0
60.0,75.0,15.0,4,35.75,165,c008,150.0,40.0,50.0,10.0
30.0,0.0,0.0,0,,51,c008,30.0,100.0,0.0,0.0
0.0,60.0,0.0,3,34.0,76,c008,60.0,0.0,100.0,0.0
90.0,105.0,0.0,3,37.666666666666664,275,c008,195.0,46.15384615384615,53.84615384615385,0.0
45.0,75.0,0.0,3,56.666666666666664,150,c008,120.0,37.5,62.5,0.0
0.0,45.0,0.0,3,31.0,61,c008,45.0,0.0,100.0,0.0
0.0,20.0,0.0,2,34.0,36,c008,20.0,0.0,100.0,0.0
60.0,90.0,0.0,2,34.5,195,c008,150.0,40.0,60.0,0.0
60.0,55.0,0.0,4,44.75,145,c008,115.0,52.17391304347826,47.82608695652174,0.0
30.0,45.0,0.0,2,33.5,116,c008,75.0,40.0,60.0,0.0
0.0,55.0,0.0,4,32.5,71,c008,55.0,0.0,100.0,0.0
30.0,45.0,0.0,2,35.0,91,c008,75.0,40.0,60.0,0.0
30.0,30.0,10.0,3,40.0,101,c008,70.0,42.857142857142854,42.857142857142854,14.285714285714286
40.0,30.0,0.0,4,32.25,116,c008,70.0,57.142857142857146,42.857142857142854,0.0
30.0,30.0,15.0,6,37.5,81,c008,75.0,40.0,40.0,20.0
30.0,135.0,5.0,4,32.75,200,c008,170.0,17.647058823529413,79.41176470588235,2.9411764705882355
0.0,20.0,0.0,2,36.0,36,c008,20.0,0.0,100.0,0.0
0.0,30.0,0.0,4,40.0,46,c008,30.0,0.0,100.0,0.0
110.0,210.0,15.0,3,37.666666666666664,425,c008,335.0,32.83582089552239,62.6865671641791,4.477611940298507
30.0,40.0,0.0,0,,71,c008,70.0,42.857142857142854,57.142857142857146,0.0
30.0,30.0,0.0,4,33.25,101,c008,60.0,50.0,50.0,0.0
45.0,30.0,15.0,2,41.0,111,c008,90.0,50.0,33.333333333333336,16.666666666666668
30.0,45.0,0.0,5,31.2,106,c008,75.0,40.0,60.0,0.0
15.0,0.0,0.0,2,32.0,31,c008,15.0,100.0,0.0,0.0
30.0,10.0,0.0,3,36.333333333333336,56,c008,40.0,75.0,25.0,0.0
5.0,45.0,0.0,4,44.0,66,c008,50.0,10.0,90.0,0.0
60.0,30.0,0.0,2,32.5,135,c008,90.0,66.66666666666667,33.333333333333336,0.0
60.0,80.0,15.0,3,35.666666666666664,170,c008,155.0,38.70967741935484,51.61290322580645,9.67741935483871
30.0,25.0,0.0,0,,56,c008,55.0,54.54545454545455,45.45454545454545,0.0
10.0,45.0,0.0,4,36.0,71,c008,55.0,18.181818181818183,81.81818181818181,0.0
75.0,110.0,0.0,4,34.0,245,c008,185.0,40.54054054054054,59.45945945945946,0.0
30.0,50.0,0.0,2,34.0,125,c008,80.0,37.5,62.5,0.0
30.0,40.0,0.0,3,32.0,86,c008,70.0,42.857142857142854,57.142857142857146,0.0
0.0,30.0,0.0,5,33.4,51,c008,30.0,0.0,100.0,0.0
30.0,0.0,0.0,4,33.5,51,c008,30.0,100.0,0.0,0.0
30.0,30.0,0.0,3,32.0,81,c008,60.0,50.0,50.0,0.0
85.0,90.0,15.0,3,46.666666666666664,235,c008,190.0,44.73684210526316,47.36842105263158,7.894736842105263
30.0,15.0,0.0,3,34.333333333333336,61,c008,45.0,66.66666666666667,33.333333333333336,0.0
50.0,60.0,0.0,4,41.75,155,c008,110.0,45.45454545454545,54.54545454545455,0.0
60.0,80.0,0.0,2,31.5,185,c008,140.0,42.857142857142854,57.142857142857146,0.0
30.0,0.0,0.0,3,41.666666666666664,51,c008,30.0,100.0,0.0,0.0
45.0,45.0,0.0,4,34.0,135,c008,90.0,50.0,50.0,0.0
60.0,80.0,0.0,3,42.666666666666664,185,c008,140.0,42.857142857142854,57.142857142857146,0.0
30.0,45.0,0.0,4,33.75,91,c008,75.0,40.0,60.0,0.0
90.0,100.0,0.0,3,37.333333333333336,295,c008,190.0,47.36842105263158,52.63157894736842,0.0
30.0,40.0,0.0,3,33.333333333333336,86,c008,70.0,42.857142857142854,57.142857142857146,0.0
30.0,35.0,0.0,0,,66,c008,65.0,46.15384615384615,53.84615384615385,0.0
0.0,20.0,0.0,3,33.666666666666664,36,c008,20.0,0.0,100.0,0.0
0.0,40.0,0.0,4,32.75,56,c008,40.0,0.0,100.0,0.0
20.0,0.0,0.0,3,40.0,36,c008,20.0,100.0,0.0,0.0
45.0,90.0,0.0,3,34.666666666666664,180,c008,135.0,33.333333333333336,66.66666666666667,0.0
60.0,60.0,0.0,3,33.0,185,c008,120.0,50.0,50.0,0.0
0.0,30.0,0.0,4,32.75,46,c008,30.0,0.0,100.0,0.0
105.0,95.0,0.0,4,35.0,260,c008,200.0,52.5,47.5,0.0
30.0,25.0,0.0,4,35.0,71,c008,55.0,54.54545454545455,45.45454545454545,0.0
30.0,45.0,0.0,3,34.666666666666664,101,c008,75.0,40.0,60.0,0.0
65.0,30.0,0.0,2,52.0,140,c008,95.0,68.42105263157895,31.57894736842105,0.0
40.0,30.0,0.0,4,33.25,116,c008,70.0,57.142857142857146,42.857142857142854,0.0
30.0,15.0,0.0,3,33.333333333333336,91,c008,45.0,66.66666666666667,33.333333333333336,0.0
30.0,45.0,0.0,1,35.0,76,c008,75.0,40.0,60.0,0.0
10.0,45.0,0.0,4,42.25,86,c008,55.0,18.181818181818183,81.81818181818181,0.0
60.0,105.0,20.0,3,35.0,200,c008,185.0,32.432432432432435,56.75675675675676,10.81081081081081
30.0,40.0,0.0,3,56.0,86,c008,70.0,42.857142857142854,57.142857142857146,0.0
50.0,60.0,15.0,0,,140,c008,125.0,40.0,48.0,12.0
25.0,45.0,0.0,3,32.666666666666664,86,c008,70.0,35.714285714285715,64.28571428571429,0.0
0.0,25.0,0.0,3,103.33333333333333,41,c008,25.0,0.0,100.0,0.0
45.0,60.0,15.0,3,33.333333333333336,135,c008,120.0,37.5,50.0,12.5
30.0,55.0,0.0,1,123.0,116,c008,85.0,35.294117647058826,64.70588235294117,0.0
30.0,50.0,0.0,1,34.0,81,c008,80.0,37.5,62.5,0.0
30.0,35.0,0.0,5,35.6,81,c008,65.0,46.15384615384615,53.84615384615385,0.0
0.0,40.0,0.0,3,34.333333333333336,56,c008,40.0,0.0,100.0,0.0
45.0,90.0,0.0,4,33.75,165,c008,135.0,33.333333333333336,66.66666666666667,0.0
35.0,45.0,0.0,3,36.333333333333336,111,c008,80.0,43.75,56.25,0.0
55.0,60.0,0.0,0,,130,c008,115.0,47.82608695652174,52.17391304347826,0.0
30.0,15.0,0.0,0,,46,c008,45.0,66.66666666666667,33.333333333333336,0.0
15.0,60.0,0.0,5,35.2,96,c008,75.0,20.0,80.0,0.0
30.0,20.0,0.0,3,35.0,66,c008,50.0,60.0,40.0,0.0
60.0,75.0,0.0,1,35.0,180,c008,135.0,44.44444444444444,55.55555555555556,0.0
30.0,45.0,0.0,1,36.0,91,c008,75.0,40.0,60.0,0.0
5.0,45.0,0.0,4,39.0,66,c008,50.0,10.0,90.0,0.0
0.0,20.0,0.0,2,121.0,36,c008,20.0,0.0,100.0,0.0
90.0,165.0,15.0,2,51.5,345,c008,270.0,33.333333333333336,61.111111111111114,5.555555555555555
30.0,45.0,15.0,2,33.0,106,c008,90.0,33.333333333333336,50.0,16.666666666666668
15.0,45.0,0.0,3,31.666666666666668,76,c008,60.0,25.0,75.0,0.0
75.0,85.0,15.0,5,44.4,220,c008,175.0,42.857142857142854,48.57142857142857,8.571428571428571
30.0,55.0,0.0,5,44.8,130,c008,85.0,35.294117647058826,64.70588235294117,0.0
30.0,30.0,0.0,3,43.666666666666664,76,c008,60.0,50.0,50.0,0.0
30.0,45.0,0.0,2,34.5,91,c008,75.0,40.0,60.0,0.0
30.0,45.0,0.0,3,38.333333333333336,101,c008,75.0,40.0,60.0,0.0
30.0,65.0,15.0,0,,125,c008,110.0,27.272727272727273,59.09090909090909,13.636363636363637
30.0,45.0,0.0,1,33.0,76,c008,75.0,40.0,60.0,0.0
30.0,15.0,0.0,0,,51,c008,45.0,66.66666666666667,33.333333333333336,0.0
15.0,45.0,0.0,0,,81,c008,60.0,25.0,75.0,0.0
75.0,145.0,0.0,0,,280,c008,220.0,34.09090909090909,65.9090909090909,0.0
60.0,90.0,15.0,0,,195,c008,165.0,36.36363636363637,54.54545454545455,9.090909090909092
0.0,45.0,0.0,0,,61,c008,45.0,0.0,100.0,0.0
0.0,45.0,0.0,0,,61,c008,45.0,0.0,100.0,0.0
45.0,105.0,0.0,0,,190,c008,150.0,30.0,70.0,0.0
60.0,60.0,0.0,0,,170,c008,120.0,50.0,50.0,0.0
30.0,30.0,0.0,0,,106,c008,60.0,50.0,50.0,0.0
15.0,75.0,0.0,0,,121,c008,90.0,16.666666666666668,83.33333333333333,0.0
15.0,60.0,0.0,0,,96,c008,75.0,20.0,80.0,0.0
75.0,80.0,0.0,0,,185,c008,155.0,48.38709677419355,51.61290322580645,0.0
90.0,100.0,0.0,0,,250,c008,190.0,47.36842105263158,52.63157894736842,0.0
0.0,30.0,0.0,0,,46,c008,30.0,0.0,100.0,0.0
60.0,30.0,0.0,0,,135,c008,90.0,66.66666666666667,33.333333333333336,0.0
30.0,20.0,0.0,0,,96,c008,50.0,60.0,40.0,0.0
30.0,40.0,0.0,0,,71,c008,70.0,42.857142857142854,57.142857142857146,0.0
30.0,25.0,0.0,0,,56,c008,55.0,54.54545454545455,45.45454545454545,0.0
30.0,30.0,0.0,0,,61,c008,60.0,50.0,50.0,0.0
100.0,165.0,15.0,0,,340,c008,280.0,35.714285714285715,58.92857142857143,5.357142857142857
30.0,30.0,0.0,0,,91,c008,60.0,50.0,50.0,0.0
30.0,0.0,0.0,0,,51,c008,30.0,100.0,0.0,0.0
60.0,60.0,15.0,0,,165,c008,135.0,44.44444444444444,44.44444444444444,11.11111111111111
75.0,85.0,0.0,0,,190,c008,160.0,46.875,53.125,0.0
15.0,45.0,0.0,0,,91,c008,60.0,25.0,75.0,0.0
60.0,65.0,0.0,0,,155,c008,125.0,48.0,52.0,0.0
45.0,75.0,0.0,0,,165,c008,120.0,37.5,62.5,0.0
30.0,60.0,0.0,0,,91,c008,90.0,33.333333333333336,66.66666666666667,0.0
0.0,25.0,0.0,0,,41,c008,25.0,0.0,100.0,0.0
30.0,30.0,0.0,0,,76,c008,60.0,50.0,50.0,0.0
30.0,45.0,0.0,0,,91,c008,75.0,40.0,60.0,0.0
50.0,45.0,15.0,0,,125,c008,110.0,45.45454545454545,40.90909090909091,13.636363636363637
30.0,55.0,0.0,0,,86,c008,85.0,35.294117647058826,64.70588235294117,0.0
30.0,15.0,0.0,0,,51,c008,45.0,66.66666666666667,33.333333333333336,0.0
165.0,110.0,15.0,0,,701,c008,290.0,56.89655172413793,37.93103448275862,5.172413793103448
60.0,75.0,15.0,0,,195,c008,150.0,40.0,50.0,10.0
30.0,10.0,0.0,0,,56,c008,40.0,75.0,25.0,0.0
0.0,25.0,0.0,0,,41,c008,25.0,0.0,100.0,0.0
25.0,0.0,0.0,0,,41,c008,25.0,100.0,0.0,0.0
80.0,135.0,15.0,0,,305,c008,230.0,34.78260869565217,58.69565217391305,6.521739130434782
30.0,30.0,0.0,0,,81,c008,60.0,50.0,50.0,0.0
0.0,45.0,0.0,0,,61,c008,45.0,0.0,100.0,0.0
0.0,20.0,0.0,0,,36,c008,20.0,0.0,100.0,0.0
75.0,75.0,15.0,0,,180,c008,165.0,45.45454545454545,45.45454545454545,9.090909090909092
40.0,60.0,15.0,0,,130,c008,115.0,34.78260869565217,52.17391304347826,13.043478260869565
30.0,45.0,0.0,0,,96,c008,75.0,40.0,60.0,0.0
30.0,20.0,0.0,0,,66,c008,50.0,60.0,40.0,0.0
45.0,75.0,0.0,0,,165,c008,120.0,37.5,62.5,0.0
15.0,0.0,0.0,0,,31,c008,15.0,100.0,0.0,0.0
30.0,50.0,0.0,0,,81,c008,80.0,37.5,62.5,0.0
30.0,45.0,0.0,0,,91,c008,75.0,40.0,60.0,0.0
30.0,10.0,0.0,0,,56,c008,40.0,75.0,25.0,0.0
0.0,25.0,0.0,0,,41,c008,25.0,0.0,100.0,0.0
60.0,90.0,10.0,0,,205,c008,160.0,37.5,56.25,6.25
35.0,45.0,15.0,0,,111,c008,95.0,36.8421052631579,47.36842105263158,15.789473684210526
55.0,45.0,0.0,0,,130,c008,100.0,55.0,45.0,0.0
0.0,25.0,0.0,0,,41,c008,25.0,0.0,100.0,0.0
75.0,70.0,0.0,0,,220,c008,145.0,51.724137931034484,48.275862068965516,0.0
30.0,65.0,0.0,0,,125,c008,95.0,31.57894736842105,68.42105263157895,0.0
30.0,50.0,0.0,0,,81,c008,80.0,37.5,62.5,0.0
40.0,15.0,0.0,0,,71,c008,55.0,72.72727272727273,27.272727272727273,0.0
15.0,45.0,15.0,0,,76,c008,75.0,20.0,60.0,20.0
0.0,30.0,0.0,0,,46,c008,30.0,0.0,100.0,0.0
45.0,105.0,15.0,0,,210,c008,165.0,27.272727272727273,63.63636363636363,9.090909090909092
60.0,45.0,0.0,0,,135,c008,105.0,57.142857142857146,42.857142857142854,0.0
30.0,30.0,0.0,0,,76,c008,60.0,50.0,50.0,0.0
0.0,30.0,0.0,0,,46,c008,30.0,0.0,100.0,0.0
30.0,35.0,0.0,0,,111,c008,65.0,46.15384615384615,53.84615384615385,0.0
65.0,105.0,0.0,0,,215,c008,170.0,38.23529411764706,61.76470588235294,0.0
40.0,30.0,0.0,0,,116,c008,70.0,57.142857142857146,42.857142857142854,0.0
0.0,40.0,0.0,0,,56,c008,40.0,0.0,100.0,0.0
90.0,135.0,0.0,0,,270,c008,225.0,40.0,60.0,0.0
65.0,45.0,0.0,0,,140,c008,110.0,59.09090909090909,40.90909090909091,0.0
15.0,50.0,0.0,0,,66,c008,65.0,23.076923076923077,76.92307692307692,0.0
0.0,45.0,0.0,0,,81,c008,45.0,0.0,100.0,0.0
30.0,60.0,0.0,0,,121,c008,90.0,33.333333333333336,66.66666666666667,0.0
0.0,40.0,0.0,0,,41,c008,40.0,0.0,100.0,0.0
0.0,25.0,0.0,0,,41,c008,25.0,0.0,100.0,0.0
0.0,45.0,0.0,0,,61,c008,45.0,0.0,100.0,0.0
60.0,75.0,0.0,0,,185,c008,135.0,44.44444444444444,55.55555555555556,0.0
30.0,35.0,0.0,0,,96,c008,65.0,46.15384615384615,53.84615384615385,0.0
30.0,30.0,0.0,0,,81,c008,60.0,50.0,50.0,0.0
150.0,200.0,30.0,0,,425,c008,380.0,39.473684210526315,52.63157894736842,7.894736842105263
30.0,15.0,0.0,5,48.6,61,c008,45.0,66.66666666666667,33.333333333333336,0.0
60.0,30.0,0.0,0,,135,c008,90.0,66.66666666666667,33.333333333333336,0.0
30.0,45.0,0.0,0,,106,c008,75.0,40.0,60.0,0.0
15.0,45.0,0.0,3,34.666666666666664,76,c008,60.0,25.0,75.0,0.0
15.0,60.0,0.0,1,34.0,96,c008,75.0,20.0,80.0,0.0
30.0,15.0,0.0,0,,61,c008,45.0,66.66666666666667,33.333333333333336,0.0
30.0,45.0,0.0,0,,81,c008,75.0,40.0,60.0,0.0
30.0,10.0,0.0,0,,56,c008,40.0,75.0,25.0,0.0
30.0,0.0,0.0,0,,51,c008,30.0,100.0,0.0,0.0
15.0,0.0,0.0,2,35.5,31,c008,15.0,100.0,0.0,0.0
30.0,25.0,0.0,1,40.0,56,c008,55.0,54.54545454545455,45.45454545454545,0.0
15.0,50.0,0.0,1,32.0,81,c008,65.0,23.076923076923077,76.92307692307692,0.0
5.0,45.0,15.0,5,39.0,66,c008,65.0,7.6923076923076925,69.23076923076923,23.076923076923077
0.0,30.0,0.0,2,34.5,51,c008,30.0,0.0,100.0,0.0
45.0,75.0,0.0,3,36.0,160,c008,120.0,37.5,62.5,0.0
30.0,30.0,0.0,2,74.0,76,c008,60.0,50.0,50.0,0.0
30.0,65.0,0.0,0,,125,c008,95.0,31.57894736842105,68.42105263157895,0.0
30.0,45.0,0.0,1,46.0,76,c008,75.0,40.0,60.0,0.0
0.0,45.0,0.0,0,,51,c008,45.0,0.0,100.0,0.0
15.0,45.0,0.0,4,34.75,76,c008,60.0,25.0,75.0,0.0
75.0,90.0,20.0,3,63.0,200,c008,185.0,40.54054054054054,48.648648648648646,10.81081081081081
60.0,90.0,0.0,0,,185,c008,150.0,40.0,60.0,0.0
30.0,30.0,0.0,0,,76,c008,60.0,50.0,50.0,0.0
25.0,45.0,0.0,0,,86,c008,70.0,35.714285714285715,64.28571428571429,0.0
70.0,105.0,0.0,0,,220,c008,175.0,40.0,60.0,0.0
85.0,90.0,15.0,1,35.0,235,c008,190.0,44.73684210526316,47.36842105263158,7.894736842105263
0.0,45.0,0.0,1,47.0,61,c009,45.0,0.0,100.0,0.0
30.0,0.0,0.0,4,36.25,46,c009,30.0,100.0,0.0,0.0
30.0,25.0,0.0,6,96.33333333333333,71,c009,55.0,54.54545454545455,45.45454545454545,0.0
25.0,0.0,0.0,4,32.5,41,c009,25.0,100.0,0.0,0.0
30.0,0.0,0.0,4,33.25,46,c009,30.0,100.0,0.0,0.0
30.0,70.0,0.0,7,35.714285714285715,130,c009,100.0,30.0,70.0,0.0
30.0,45.0,0.0,11,49.27272727272727,106,c009,75.0,40.0,60.0,0.0
0.0,20.0,0.0,1,122.0,36,c009,20.0,0.0,100.0,0.0
30.0,0.0,0.0,4,32.25,46,c009,30.0,100.0,0.0,0.0
0.0,20.0,0.0,3,80.0,36,c009,20.0,0.0,100.0,0.0
15.0,60.0,0.0,9,82.66666666666667,91,c009,75.0,20.0,80.0,0.0
20.0,0.0,0.0,4,81.75,36,c009,20.0,100.0,0.0,0.0
30.0,0.0,0.0,5,70.8,46,c009,30.0,100.0,0.0,0.0
45.0,15.0,0.0,7,61.42857142857143,76,c009,60.0,75.0,25.0,0.0
65.0,45.0,0.0,0,,140,c009,110.0,59.09090909090909,40.90909090909091,0.0
30.0,30.0,0.0,0,,86,c009,60.0,50.0,50.0,0.0
30.0,60.0,0.0,0,,106,c009,90.0,33.333333333333336,66.66666666666667,0.0
20.0,0.0,0.0,0,,36,c009,20.0,100.0,0.0,0.0
0.0,20.0,0.0,2,64.5,36,c009,20.0,0.0,100.0,0.0
30.0,15.0,0.0,0,,61,c009,45.0,66.66666666666667,33.333333333333336,0.0
30.0,35.0,0.0,3,75.0,66,c009,65.0,46.15384615384615,53.84615384615385,0.0
45.0,15.0,0.0,7,58.57142857142857,81,c009,60.0,75.0,25.0,0.0
30.0,0.0,0.0,3,79.66666666666667,51,c009,30.0,100.0,0.0,0.0
45.0,85.0,0.0,16,67.0,190,c009,130.0,34.61538461538461,65.38461538461539,0.0
30.0,25.0,0.0,2,40.0,71,c009,55.0,54.54545454545455,45.45454545454545,0.0
25.0,0.0,0.0,4,42.5,41,c009,25.0,100.0,0.0,0.0
15.0,50.0,0.0,0,,81,c009,65.0,23.076923076923077,76.92307692307692,0.0
60.0,90.0,0.0,23,91.65217391304348,225,c009,150.0,40.0,60.0,0.0
30.0,25.0,0.0,0,,71,c009,55.0,54.54545454545455,45.45454545454545,0.0
30.0,0.0,0.0,0,,46,c009,30.0,100.0,0.0,0.0
30.0,30.0,0.0,0,,91,c009,60.0,50.0,50.0,0.0
30.0,15.0,0.0,0,,61,c009,45.0,66.66666666666667,33.333333333333336,0.0
30.0,15.0,0.0,0,,76,c009,45.0,66.66666666666667,33.333333333333336,0.0
30.0,30.0,0.0,0,,101,c009,60.0,50.0,50.0,0.0
40.0,15.0,0.0,0,,71,c009,55.0,72.72727272727273,27.272727272727273,0.0
45.0,60.0,0.0,0,,135,c009,105.0,42.857142857142854,57.142857142857146,0.0
30.0,15.0,0.0,0,,61,c009,45.0,66.66666666666667,33.333333333333336,0.0
30.0,10.0,0.0,0,,56,c009,40.0,75.0,25.0,0.0
60.0,90.0,0.0,0,,195,c009,150.0,40.0,60.0,0.0
75.0,90.0,30.0,0,,205,c009,195.0,38.46153846153846,46.15384615384615,15.384615384615385
25.0,15.0,0.0,0,,41,c009,40.0,62.5,37.5,0.0
0.0,60.0,0.0,0,,101,c009,60.0,0.0,100.0,0.0
60.0,60.0,0.0,0,,170,c009,120.0,50.0,50.0,0.0
35.0,75.0,0.0,0,,155,c009,110.0,31.818181818181817,68.18181818181819,0.0
0.0,20.0,0.0,0,,36,c009,20.0,0.0,100.0,0.0
30.0,15.0,0.0,0,,61,c009,45.0,66.66666666666667,33.333333333333336,0.0
30.0,15.0,0.0,0,,61,c009,45.0,66.66666666666667,33.333333333333336,0.0
30.0,0.0,0.0,0,,51,c009,30.0,100.0,0.0,0.0
30.0,45.0,15.0,0,,111,c009,90.0,33.333333333333336,50.0,16.666666666666668
45.0,20.0,0.0,0,,81,c009,65.0,69.23076923076923,30.76923076923077,0.0
55.0,165.0,0.0,0,,785,c009,220.0,25.0,75.0,0.0
20.0,60.0,0.0,0,,96,c009,80.0,25.0,75.0,0.0
30.0,40.0,0.0,0,,86,c009,70.0,42.857142857142854,57.142857142857146,0.0
30.0,10.0,0.0,0,,56,c009,40.0,75.0,25.0,0.0
0.0,25.0,0.0,0,,41,c009,25.0,0.0,100.0,0.0
0.0,30.0,0.0,0,,51,c009,30.0,0.0,100.0,0.0
45.0,95.0,0.0,0,,185,c009,140.0,32.142857142857146,67.85714285714286,0.0
30.0,20.0,0.0,0,,66,c009,50.0,60.0,40.0,0.0
0.0,40.0,0.0,0,,56,c009,40.0,0.0,100.0,0.0
35.0,0.0,0.0,0,,635,c009,35.0,100.0,0.0,0.0
0.0,40.0,0.0,0,,56,c009,40.0,0.0,100.0,0.0
45.0,15.0,0.0,0,,76,c009,60.0,75.0,25.0,0.0
30.0,0.0,0.0,0,,51,c009,30.0,100.0,0.0,0.0
0.0,10.0,0.0,0,,26,c009,10.0,0.0,100.0,0.0
15.0,40.0,0.0,0,,56,c009,55.0,27.272727272727273,72.72727272727273,0.0
0.0,25.0,0.0,0,,41,c009,25.0,0.0,100.0,0.0
5.0,45.0,0.0,0,,66,c009,50.0,10.0,90.0,0.0
0.0,40.0,0.0,0,,56,c009,40.0,0.0,100.0,0.0
35.0,45.0,0.0,0,,81,c009,80.0,43.75,56.25,0.0
30.0,20.0,0.0,0,,66,c009,50.0,60.0,40.0,0.0
20.0,0.0,0.0,0,,36,c009,20.0,100.0,0.0,0.0
55.0,45.0,0.0,0,,145,c009,100.0,55.0,45.0,0.0
0.0,40.0,0.0,0,,56,c009,40.0,0.0,100.0,0.0
55.0,60.0,15.0,0,,145,c009,130.0,42.30769230769231,46.15384615384615,11.538461538461538
45.0,60.0,15.0,0,,135,c009,120.0,37.5,50.0,12.5
15.0,30.0,0.0,0,,51,c009,45.0,33.333333333333336,66.66666666666667,0.0
15.0,60.0,0.0,0,,96,c009,75.0,20.0,80.0,0.0
30.0,30.0,0.0,0,,91,c009,60.0,50.0,50.0,0.0
55.0,75.0,0.0,0,,175,c009,130.0,42.30769230769231,57.69230769230769,0.0
45.0,15.0,0.0,0,,96,c009,60.0,75.0,25.0,0.0
0.0,45.0,0.0,0,,76,c009,45.0,0.0,100.0,0.0
60.0,40.0,0.0,0,,145,c009,100.0,60.0,40.0,0.0
30.0,45.0,10.0,0,,101,c009,85.0,35.294117647058826,52.94117647058823,11.764705882352942
30.0,15.0,0.0,0,,76,c009,45.0,66.66666666666667,33.333333333333336,0.0
45.0,60.0,15.0,0,,121,c009,120.0,37.5,50.0,12.5
0.0,40.0,0.0,0,,56,c009,40.0,0.0,100.0,0.0
75.0,55.0,0.0,0,,175,c009,130.0,57.69230769230769,42.30769230769231,0.0
25.0,0.0,0.0,0,,41,c009,25.0,100.0,0.0,0.0
30.0,35.0,0.0,0,,96,c009,65.0,46.15384615384615,53.84615384615385,0.0
45.0,35.0,0.0,0,,111,c009,80.0,56.25,43.75,0.0
0.0,25.0,0.0,0,,41,c009,25.0,0.0,100.0,0.0
15.0,45.0,0.0,0,,76,c009,60.0,25.0,75.0,0.0
30.0,20.0,0.0,0,,66,c009,50.0,60.0,40.0,0.0
30.0,0.0,0.0,0,,51,c009,30.0,100.0,0.0,0.0
30.0,35.0,0.0,0,,81,c009,65.0,46.15384615384615,53.84615384615385,0.0
45.0,35.0,0.0,0,,81,c009,80.0,56.25,43.75,0.0
30.0,30.0,0.0,0,,86,c009,60.0,50.0,50.0,0.0
30.0,10.0,0.0,0,,56,c009,40.0,75.0,25.0,0.0
30.0,60.0,0.0,0,,91,c009,90.0,33.333333333333336,66.66666666666667,0.0
30.0,45.0,0.0,0,,96,c009,75.0,40.0,60.0,0.0
15.0,120.0,0.0,0,,150,c009,135.0,11.11111111111111,88.88888888888889,0.0
0.0,25.0,0.0,0,,41,c009,25.0,0.0,100.0,0.0
30.0,30.0,0.0,0,,91,c009,60.0,50.0,50.0,0.0
30.0,30.0,15.0,0,,76,c009,75.0,40.0,40.0,20.0
30.0,30.0,0.0,0,,76,c009,60.0,50.0,50.0,0.0
25.0,15.0,0.0,0,,41,c009,40.0,62.5,37.5,0.0
30.0,15.0,15.0,0,,61,c009,60.0,50.0,25.0,25.0
0.0,30.0,0.0,0,,46,c009,30.0,0.0,100.0,0.0
0.0,75.0,0.0,0,,76,c009,75.0,0.0,100.0,0.0
0.0,30.0,0.0,0,,51,c009,30.0,0.0,100.0,0.0
0.0,50.0,0.0,4,33.0,66,c010,50.0,0.0,100.0,0.0
60.0,60.0,0.0,5,41.0,165,c010,120.0,50.0,50.0,0.0
30.0,30.0,0.0,3,35.666666666666664,91,c010,60.0,50.0,50.0,0.0
15.0,60.0,0.0,0,,76,c010,75.0,20.0,80.0,0.0
0.0,40.0,0.0,4,29.25,56,c010,40.0,0.0,100.0,0.0
135.0,120.0,5.0,4,40.75,350,c010,260.0,51.92307692307692,46.15384615384615,1.9230769230769231
25.0,45.0,0.0,0,,71,c010,70.0,35.714285714285715,64.28571428571429,0.0
60.0,60.0,0.0,4,30.0,170,c010,120.0,50.0,50.0,0.0
30.0,15.0,0.0,4,42.5,61,c010,45.0,66.66666666666667,33.333333333333336,0.0
0.0,30.0,0.0,4,34.75,46,c010,30.0,0.0,100.0,0.0
0.0,40.0,0.0,4,29.5,56,c010,40.0,0.0,100.0,0.0
0.0,30.0,0.0,4,34.25,46,c010,30.0,0.0,100.0,0.0
75.0,140.0,15.0,4,31.5,290,c010,230.0,32.608695652173914,60.869565217391305,6.521739130434782
0.0,30.0,0.0,4,30.5,46,c010,30.0,0.0,100.0,0.0
0.0,40.0,0.0,4,31.0,56,c010,40.0,0.0,100.0,0.0
30.0,0.0,0.0,4,36.5,51,c010,30.0,100.0,0.0,0.0
50.0,75.0,15.0,3,31.0,155,c010,140.0,35.714285714285715,53.57142857142857,10.714285714285714
30.0,30.0,0.0,3,33.666666666666664,96,c010,60.0,50.0,50.0,0.0
30.0,70.0,0.0,4,36.75,130,c010,100.0,30.0,70.0,0.0
75.0,120.0,30.0,5,35.0,240,c010,225.0,33.333333333333336,53.333333333333336,13.333333333333334
20.0,45.0,0.0,4,31.75,81,c010,65.0,30.76923076923077,69.23076923076923,0.0
90.0,105.0,0.0,4,45.75,255,c010,195.0,46.15384615384615,53.84615384615385,0.0
30.0,15.0,0.0,1,32.0,51,c010,45.0,66.66666666666667,33.333333333333336,0.0
40.0,15.0,0.0,3,34.333333333333336,71,c010,55.0,72.72727272727273,27.272727272727273,0.0
0.0,55.0,0.0,4,30.0,86,c010,55.0,0.0,100.0,0.0
75.0,90.0,0.0,4,28.0,235,c010,165.0,45.45454545454545,54.54545454545455,0.0
30.0,35.0,0.0,4,33.0,111,c010,65.0,46.15384615384615,53.84615384615385,0.0
0.0,45.0,0.0,4,43.25,61,c010,45.0,0.0,100.0,0.0
30.0,30.0,0.0,4,32.25,96,c010,60.0,50.0,50.0,0.0
45.0,40.0,0.0,4,26.25,130,c010,85.0,52.94117647058823,47.05882352941177,0.0
5.0,45.0,0.0,3,53.0,66,c010,50.0,10.0,90.0,0.0
0.0,40.0,0.0,4,27.0,56,c010,40.0,0.0,100.0,0.0
0.0,45.0,0.0,4,30.5,71,c010,45.0,0.0,100.0,0.0
25.0,0.0,0.0,3,38.666666666666664,41,c010,25.0,100.0,0.0,0.0
60.0,45.0,0.0,3,33.333333333333336,150,c010,105.0,57.142857142857146,42.857142857142854,0.0
25.0,0.0,0.0,1,127.0,81,c010,25.0,100.0,0.0,0.0
0.0,45.0,0.0,4,30.75,61,c010,45.0,0.0,100.0,0.0
45.0,75.0,0.0,4,37.25,165,c010,120.0,37.5,62.5,0.0
75.0,75.0,45.0,6,31.166666666666668,210,c010,195.0,38.46153846153846,38.46153846153846,23.076923076923077
10.0,45.0,0.0,4,33.75,71,c010,55.0,18.181818181818183,81.81818181818181,0.0
60.0,105.0,15.0,4,30.25,205,c010,180.0,33.333333333333336,58.333333333333336,8.333333333333334
60.0,45.0,0.0,3,32.666666666666664,150,c010,105.0,57.142857142857146,42.857142857142854,0.0
65.0,90.0,0.0,3,43.666666666666664,215,c010,155.0,41.935483870967744,58.064516129032256,0.0
30.0,25.0,0.0,3,35.0,71,c010,55.0,54.54545454545455,45.45454545454545,0.0
20.0,15.0,0.0,1,67.0,36,c010,35.0,57.142857142857146,42.857142857142854,0.0
15.0,45.0,0.0,5,33.2,76,c010,60.0,25.0,75.0,0.0
90.0,130.0,15.0,4,30.75,310,c010,235.0,38.297872340425535,55.319148936170215,6.382978723404255
30.0,15.0,0.0,3,43.666666666666664,61,c010,45.0,66.66666666666667,33.333333333333336,0.0
15.0,0.0,0.0,1,120.0,86,c010,15.0,100.0,0.0,0.0
0.0,45.0,0.0,4,30.0,66,c010,45.0,0.0,100.0,0.0
85.0,105.0,0.0,3,36.333333333333336,265,c010,190.0,44.73684210526316,55.26315789473684,0.0
30.0,0.0,0.0,3,53.0,46,c010,30.0,100.0,0.0,0.0
15.0,60.0,0.0,1,126.0,150,c010,75.0,20.0,80.0,0.0
0.0,30.0,0.0,4,32.25,51,c010,30.0,0.0,100.0,0.0
60.0,70.0,0.0,4,42.5,175,c010,130.0,46.15384615384615,53.84615384615385,0.0
60.0,60.0,15.0,4,31.0,150,c010,135.0,44.44444444444444,44.44444444444444,11.11111111111111
0.0,25.0,0.0,4,29.75,41,c010,25.0,0.0,100.0,0.0
45.0,50.0,15.0,4,31.25,125,c010,110.0,40.90909090909091,45.45454545454545,13.636363636363637
45.0,90.0,15.0,4,38.75,165,c010,150.0,30.0,60.0,10.0
30.0,30.0,0.0,4,55.25,76,c010,60.0,50.0,50.0,0.0
30.0,35.0,0.0,0,,81,c010,65.0,46.15384615384615,53.84615384615385,0.0
80.0,120.0,15.0,0,,245,c010,215.0,37.2093023255814,55.81395348837209,6.976744186046512
30.0,60.0,0.0,0,,106,c010,90.0,33.333333333333336,66.66666666666667,0.0
75.0,100.0,30.0,4,27.25,235,c010,205.0,36.58536585365854,48.78048780487805,14.634146341463415
45.0,45.0,0.0,3,29.666666666666668,135,c010,90.0,50.0,50.0,0.0
10.0,45.0,0.0,4,36.75,71,c010,55.0,18.181818181818183,81.81818181818181,0.0
75.0,75.0,15.0,4,29.25,195,c010,165.0,45.45454545454545,45.45454545454545,9.090909090909092
60.0,80.0,15.0,3,44.0,170,c010,155.0,38.70967741935484,51.61290322580645,9.67741935483871
25.0,0.0,0.0,4,90.25,41,c010,25.0,100.0,0.0,0.0
105.0,180.0,35.0,4,34.25,350,c010,320.0,32.8125,56.25,10.9375
0.0,30.0,0.0,0,,46,c010,30.0,0.0,100.0,0.0
0.0,110.0,0.0,0,,140,c010,110.0,0.0,100.0,0.0
55.0,45.0,0.0,0,,130,c010,100.0,55.0,45.0,0.0
55.0,45.0,0.0,0,,130,c010,100.0,55.0,45.0,0.0
0.0,50.0,0.0,0,,66,c010,50.0,0.0,100.0,0.0
30.0,10.0,0.0,0,,56,c010,40.0,75.0,25.0,0.0
75.0,105.0,15.0,0,,260,c010,195.0,38.46153846153846,53.84615384615385,7.6923076923076925
30.0,15.0,0.0,0,,61,c010,45.0,66.66666666666667,33.333333333333336,0.0
85.0,120.0,0.0,0,,235,c010,205.0,41.46341463414634,58.53658536585366,0.0
30.0,25.0,0.0,0,,71,c010,55.0,54.54545454545455,45.45454545454545,0.0
0.0,25.0,0.0,0,,41,c010,25.0,0.0,100.0,0.0
15.0,0.0,0.0,0,,86,c010,15.0,100.0,0.0,0.0
35.0,45.0,15.0,0,,125,c010,95.0,36.8421052631579,47.36842105263158,15.789473684210526
30.0,25.0,15.0,0,,71,c010,70.0,42.857142857142854,35.714285714285715,21.428571428571427
30.0,25.0,0.0,0,,71,c010,55.0,54.54545454545455,45.45454545454545,0.0
20.0,0.0,0.0,0,,36,c010,20.0,100.0,0.0,0.0
30.0,15.0,0.0,0,,71,c010,45.0,66.66666666666667,33.333333333333336,0.0
30.0,15.0,0.0,0,,81,c010,45.0,66.66666666666667,33.333333333333336,0.0
60.0,60.0,0.0,0,,150,c010,120.0,50.0,50.0,0.0
30.0,0.0,0.0,0,,51,c010,30.0,100.0,0.0,0.0
20.0,45.0,0.0,0,,81,c010,65.0,30.76923076923077,69.23076923076923,0.0
135.0,175.0,30.0,0,,385,c010,340.0,39.705882352941174,51.470588235294116,8.823529411764707
15.0,45.0,10.0,0,,101,c010,70.0,21.428571428571427,64.28571428571429,14.285714285714286
30.0,20.0,0.0,0,,66,c010,50.0,60.0,40.0,0.0
30.0,0.0,0.0,0,,46,c010,30.0,100.0,0.0,0.0
30.0,45.0,0.0,0,,101,c010,75.0,40.0,60.0,0.0
30.0,15.0,0.0,0,,61,c010,45.0,66.66666666666667,33.333333333333336,0.0
15.0,100.0,0.0,0,,145,c010,115.0,13.043478260869565,86.95652173913044,0.0
0.0,115.0,0.0,0,,116,c010,115.0,0.0,100.0,0.0
30.0,25.0,0.0,0,,71,c010,55.0,54.54545454545455,45.45454545454545,0.0
30.0,0.0,0.0,0,,51,c010,30.0,100.0,0.0,0.0
75.0,90.0,5.0,0,,200,c010,170.0,44.11764705882353,52.94117647058823,2.9411764705882355
30.0,0.0,0.0,0,,46,c010,30.0,100.0,0.0,0.0
0.0,25.0,0.0,0,,41,c010,25.0,0.0,100.0,0.0
30.0,65.0,15.0,0,,125,c010,110.0,27.272727272727273,59.09090909090909,13.636363636363637
55.0,90.0,0.0,0,,190,c010,145.0,37.93103448275862,62.06896551724138,0.0
0.0,25.0,0.0,0,,41,c010,25.0,0.0,100.0,0.0
30.0,60.0,0.0,0,,121,c010,90.0,33.333333333333336,66.66666666666667,0.0
0.0,30.0,0.0,0,,46,c010,30.0,0.0,100.0,0.0
30.0,0.0,0.0,0,,51,c010,30.0,100.0,0.0,0.0
30.0,40.0,30.0,0,,116,c010,100.0,30.0,40.0,30.0
30.0,35.0,0.0,0,,96,c010,65.0,46.15384615384615,53.84615384615385,0.0
50.0,45.0,0.0,0,,125,c010,95.0,52.63157894736842,47.36842105263158,0.0
25.0,45.0,0.0,0,,71,c010,70.0,35.714285714285715,64.28571428571429,0.0
0.0,40.0,0.0,0,,56,c010,40.0,0.0,100.0,0.0
30.0,35.0,0.0,0,,81,c010,65.0,46.15384615384615,53.84615384615385,0.0
30.0,55.0,15.0,0,,116,c010,100.0,30.0,55.0,15.0
35.0,30.0,0.0,0,,81,c010,65.0,53.84615384615385,46.15384615384615,0.0
0.0,25.0,0.0,0,,41,c010,25.0,0.0,100.0,0.0
15.0,65.0,0.0,0,,96,c010,80.0,18.75,81.25,0.0
90.0,125.0,0.0,0,,260,c010,215.0,41.86046511627907,58.13953488372093,0.0
10.0,0.0,0.0,0,,26,c010,10.0,100.0,0.0,0.0
0.0,20.0,0.0,0,,36,c010,20.0,0.0,100.0,0.0
60.0,35.0,0.0,0,,140,c010,95.0,63.1578947368421,36.8421052631579,0.0
60.0,90.0,0.0,0,,210,c010,150.0,40.0,60.0,0.0
30.0,30.0,0.0,0,,76,c010,60.0,50.0,50.0,0.0
10.0,0.0,0.0,0,,66,c010,10.0,100.0,0.0,0.0
0.0,60.0,0.0,0,,91,c010,60.0,0.0,100.0,0.0
120.0,135.0,5.0,0,,350,c010,260.0,46.15384615384615,51.92307692307692,1.9230769230769231
0.0,30.0,0.0,0,,46,c010,30.0,0.0,100.0,0.0
30.0,0.0,0.0,0,,51,c010,30.0,100.0,0.0,0.0
30.0,15.0,0.0,0,,61,c010,45.0,66.66666666666667,33.333333333333336,0.0
30.0,15.0,0.0,0,,61,c010,45.0,66.66666666666667,33.333333333333336,0.0
75.0,60.0,0.0,0,,165,c010,135.0,55.55555555555556,44.44444444444444,0.0
0.0,40.0,0.0,0,,56,c010,40.0,0.0,100.0,0.0
30.0,55.0,30.0,0,,116,c010,115.0,26.08695652173913,47.82608695652174,26.08695652173913
45.0,65.0,15.0,0,,140,c010,125.0,36.0,52.0,12.0
30.0,30.0,0.0,0,,76,c010,60.0,50.0,50.0,0.0
0.0,40.0,0.0,0,,56,c010,40.0,0.0,100.0,0.0
35.0,30.0,0.0,0,,111,c010,65.0,53.84615384615385,46.15384615384615,0.0
60.0,60.0,0.0,0,,150,c010,120.0,50.0,50.0,0.0
0.0,30.0,0.0,0,,46,c010,30.0,0.0,100.0,0.0
10.0,45.0,0.0,0,,71,c010,55.0,18.181818181818183,81.81818181818181,0.0
105.0,115.0,15.0,0,,295,c010,235.0,44.680851063829785,48.93617021276596,6.382978723404255
30.0,30.0,0.0,0,,106,c010,60.0,50.0,50.0,0.0
60.0,75.0,0.0,0,,180,c010,135.0,44.44444444444444,55.55555555555556,0.0
30.0,0.0,0.0,0,,46,c010,30.0,100.0,0.0,0.0
20.0,0.0,0.0,0,,36,c010,20.0,100.0,0.0,0.0
90.0,170.0,0.0,0,,335,c010,260.0,34.61538461538461,65.38461538461539,0.0
0.0,30.0,0.0,0,,51,c010,30.0,0.0,100.0,0.0
60.0,50.0,0.0,0,,155,c010,110.0,54.54545454545455,45.45454545454545,0.0
30.0,20.0,0.0,0,,66,c010,50.0,60.0,40.0,0.0
0.0,30.0,0.0,0,,51,c010,30.0,0.0,100.0,0.0
105.0,145.0,30.0,0,,295,c010,280.0,37.5,51.785714285714285,10.714285714285714
0.0,25.0,0.0,0,,41,c010,25.0,0.0,100.0,0.0
0.0,30.0,0.0,0,,51,c010,30.0,0.0,100.0,0.0
30.0,45.0,0.0,0,,106,c010,75.0,40.0,60.0,0.0
30.0,55.0,15.0,0,,116,c010,100.0,30.0,55.0,15.0
30.0,45.0,15.0,0,,106,c010,90.0,33.333333333333336,50.0,16.666666666666668
30.0,80.0,0.0,0,,140,c010,110.0,27.272727272727273,72.72727272727273,0.0
35.0,60.0,15.0,0,,125,c010,110.0,31.818181818181817,54.54545454545455,13.636363636363637
60.0,90.0,15.0,0,,205,c010,165.0,36.36363636363637,54.54545454545455,9.090909090909092
30.0,45.0,0.0,0,,111,c010,75.0,40.0,60.0,0.0
45.0,30.0,0.0,0,,121,c010,75.0,60.0,40.0,0.0
30.0,0.0,0.0,0,,51,c010,30.0,100.0,0.0,0.0
35.0,15.0,0.0,0,,66,c010,50.0,70.0,30.0,0.0
10.0,0.0,0.0,0,,665,c010,10.0,100.0,0.0,0.0
30.0,105.0,0.0,0,,175,c010,135.0,22.22222222222222,77.77777777777777,0.0
30.0,35.0,0.0,0,,81,c010,65.0,46.15384615384615,53.84615384615385,0.0
30.0,30.0,0.0,0,,81,c010,60.0,50.0,50.0,0.0
75.0,275.0,30.0,0,,575,c010,380.0,19.736842105263158,72.36842105263158,7.894736842105263
30.0,20.0,0.0,0,,66,c010,50.0,60.0,40.0,0.0
30.0,50.0,0.0,0,,111,c010,80.0,37.5,62.5,0.0
30.0,45.0,10.0,0,,101,c010,85.0,35.294117647058826,52.94117647058823,11.764705882352942
135.0,555.0,15.0,0,,1590,c010,705.0,19.148936170212767,78.72340425531915,2.127659574468085
15.0,45.0,0.0,0,,76,c010,60.0,25.0,75.0,0.0
70.0,30.0,0.0,0,,145,c010,100.0,70.0,30.0,0.0
60.0,85.0,0.0,0,,190,c010,145.0,41.37931034482759,58.62068965517241,0.0
45.0,30.0,0.0,0,,76,c010,75.0,60.0,40.0,0.0
0.0,25.0,0.0,0,,41,c010,25.0,0.0,100.0,0.0
0.0,30.0,0.0,0,,51,c010,30.0,0.0,100.0,0.0
55.0,60.0,15.0,0,,160,c010,130.0,42.30769230769231,46.15384615384615,11.538461538461538
75.0,90.0,0.0,0,,225,c010,165.0,45.45454545454545,54.54545454545455,0.0
15.0,70.0,0.0,0,,130,c010,85.0,17.647058823529413,82.3529411764706,0.0
90.0,75.0,0.0,0,,240,c010,165.0,54.54545454545455,45.45454545454545,0.0
20.0,0.0,0.0,0,,36,c010,20.0,100.0,0.0,0.0
0.0,45.0,0.0,0,,61,c010,45.0,0.0,100.0,0.0
15.0,95.0,0.0,0,,140,c010,110.0,13.636363636363637,86.36363636363636,0.0
30.0,35.0,0.0,0,,81,c010,65.0,46.15384615384615,53.84615384615385,0.0
60.0,105.0,25.0,0,,205,c010,190.0,31.57894736842105,55.26315789473684,13.157894736842104
45.0,205.0,0.0,0,,340,c010,250.0,18.0,82.0,0.0
60.0,60.0,0.0,0,,175,c010,120.0,50.0,50.0,0.0
30.0,0.0,0.0,0,,51,c010,30.0,100.0,0.0,0.0
30.0,45.0,0.0,0,,111,c010,75.0,40.0,60.0,0.0
0.0,25.0,0.0,0,,41,c010,25.0,0.0,100.0,0.0
0.0,10.0,0.0,0,,130,c010,10.0,0.0,100.0,0.0
30.0,15.0,0.0,0,,61,c010,45.0,66.66666666666667,33.333333333333336,0.0
75.0,95.0,0.0,0,,215,c010,170.0,44.11764705882353,55.88235294117647,0.0
15.0,40.0,15.0,0,,370,c010,70.0,21.428571428571427,57.142857142857146,21.428571428571427
30.0,10.0,0.0,0,,56,c010,40.0,75.0,25.0,0.0
30.0,40.0,0.0,0,,86,c010,70.0,42.857142857142854,57.142857142857146,0.0
30.0,120.0,0.0,0,,185,c010,150.0,20.0,80.0,0.0
80.0,150.0,0.0,0,,290,c010,230.0,34.78260869565217,65.21739130434783,0.0
105.0,165.0,10.0,0,,400,c010,280.0,37.5,58.92857142857143,3.5714285714285716
60.0,45.0,0.0,0,,180,c010,105.0,57.142857142857146,42.857142857142854,0.0
30.0,0.0,0.0,0,,51,c010,30.0,100.0,0.0,0.0
120.0,135.0,15.0,0,,320,c010,270.0,44.44444444444444,50.0,5.555555555555555
25.0,45.0,0.0,0,,71,c010,70.0,35.714285714285715,64.28571428571429,0.0
15.0,0.0,0.0,0,,31,c010,15.0,100.0,0.0,0.0
80.0,90.0,0.0,0,,230,c010,170.0,47.05882352941177,52.94117647058823,0.0
30.0,45.0,0.0,0,,96,c010,75.0,40.0,60.0,0.0
30.0,75.0,15.0,0,,121,c010,120.0,25.0,62.5,12.5
30.0,30.0,0.0,0,,76,c010,60.0,50.0,50.0,0.0
30.0,35.0,0.0,0,,96,c010,65.0,46.15384615384615,53.84615384615385,0.0
55.0,45.0,0.0,0,,145,c010,100.0,55.0,45.0,0.0
585.0,1105.0,105.0,4,24.5,2140,c010,1795.0,32.590529247910865,61.559888579387184,5.8495821727019495
0.0,120.0,0.0,2,117.0,121,c010,120.0,0.0,100.0,0.0
240.0,450.0,15.0,0,,866,c010,705.0,34.04255319148936,63.829787234042556,2.127659574468085
35.0,15.0,0.0,3,33.0,66,c010,50.0,70.0,30.0,0.0
15.0,80.0,30.0,0,,125,c010,125.0,12.0,64.0,24.0
0.0,45.0,0.0,0,,61,c010,45.0,0.0,100.0,0.0
55.0,30.0,0.0,0,,130,c010,85.0,64.70588235294117,35.294117647058826,0.0
30.0,30.0,0.0,3,30.666666666666668,81,c010,60.0,50.0,50.0,0.0
30.0,10.0,0.0,3,28.0,56,c010,40.0,75.0,25.0,0.0
30.0,15.0,0.0,4,69.75,61,c010,45.0,66.66666666666667,33.333333333333336,0.0
55.0,75.0,15.0,0,,160,c010,145.0,37.93103448275862,51.724137931034484,10.344827586206897
50.0,45.0,0.0,0,,125,c010,95.0,52.63157894736842,47.36842105263158,0.0
30.0,85.0,15.0,0,,130,c010,130.0,23.076923076923077,65.38461538461539,11.538461538461538
30.0,20.0,0.0,0,,96,c010,50.0,60.0,40.0,0.0
90.0,90.0,0.0,0,,240,c010,180.0,50.0,50.0,0.0
210.0,500.0,0.0,0,,921,c010,710.0,29.577464788732396,70.4225352112676,0.0
30.0,45.0,15.0,0,,106,c010,90.0,33.333333333333336,50.0,16.666666666666668
30.0,15.0,0.0,0,,61,c010,45.0,66.66666666666667,33.333333333333336,0.0
30.0,15.0,0.0,0,,91,c010,45.0,66.66666666666667,33.333333333333336,0.0
60.0,85.0,0.0,0,,190,c010,145.0,41.37931034482759,58.62068965517241,0.0
75.0,210.0,0.0,0,,360,c010,285.0,26.31578947368421,73.6842105263158,0.0
660.0,1860.0,120.0,0,,3241,c010,2640.0,25.0,70.45454545454545,4.545454545454546
30.0,10.0,0.0,4,33.25,56,c011,40.0,75.0,25.0,0.0
0.0,25.0,0.0,0,,41,c011,25.0,0.0,100.0,0.0
30.0,10.0,0.0,4,118.0,56,c011,40.0,75.0,25.0,0.0
30.0,30.0,0.0,1,43.0,61,c011,60.0,50.0,50.0,0.0
20.0,0.0,0.0,3,31.666666666666668,36,c011,20.0,100.0,0.0,0.0
30.0,0.0,0.0,5,31.2,46,c011,30.0,100.0,0.0,0.0
0.0,30.0,0.0,1,34.0,31,c011,30.0,0.0,100.0,0.0
30.0,10.0,0.0,3,37.666666666666664,56,c011,40.0,75.0,25.0,0.0
30.0,15.0,0.0,1,52.0,51,c011,45.0,66.66666666666667,33.333333333333336,0.0
30.0,15.0,0.0,1,38.0,51,c011,45.0,66.66666666666667,33.333333333333336,0.0
30.0,0.0,0.0,5,33.8,51,c011,30.0,100.0,0.0,0.0
15.0,0.0,0.0,3,30.666666666666668,31,c011,15.0,100.0,0.0,0.0
25.0,0.0,0.0,3,54.0,41,c011,25.0,100.0,0.0,0.0
30.0,45.0,0.0,1,60.0,76,c011,75.0,40.0,60.0,0.0
20.0,0.0,0.0,0,,36,c011,20.0,100.0,0.0,0.0
30.0,0.0,0.0,3,91.33333333333333,51,c011,30.0,100.0,0.0,0.0
30.0,25.0,0.0,1,121.0,56,c011,55.0,54.54545454545455,45.45454545454545,0.0
20.0,0.0,0.0,4,27.0,36,c011,20.0,100.0,0.0,0.0
30.0,0.0,0.0,4,29.25,46,c011,30.0,100.0,0.0,0.0
30.0,10.0,0.0,3,27.666666666666668,56,c011,40.0,75.0,25.0,0.0
0.0,25.0,0.0,3,87.33333333333333,41,c011,25.0,0.0,100.0,0.0
0.0,45.0,0.0,4,80.5,61,c011,45.0,0.0,100.0,0.0
0.0,25.0,0.0,4,28.25,41,c011,25.0,0.0,100.0,0.0
30.0,10.0,0.0,5,65.8,56,c011,40.0,75.0,25.0,0.0
30.0,15.0,0.0,1,90.0,46,c011,45.0,66.66666666666667,33.333333333333336,0.0
30.0,10.0,0.0,3,28.0,56,c011,40.0,75.0,25.0,0.0
0.0,55.0,0.0,4,33.0,71,c011,55.0,0.0,100.0,0.0
25.0,0.0,0.0,4,28.75,41,c011,25.0,100.0,0.0,0.0
30.0,35.0,0.0,3,62.666666666666664,81,c011,65.0,46.15384615384615,53.84615384615385,0.0
5.0,15.0,0.0,0,,21,c011,20.0,25.0,75.0,0.0
30.0,15.0,0.0,3,68.0,61,c011,45.0,66.66666666666667,33.333333333333336,0.0
30.0,30.0,10.0,4,49.0,101,c011,70.0,42.857142857142854,42.857142857142854,14.285714285714286
25.0,0.0,0.0,0,,41,c011,25.0,100.0,0.0,0.0
25.0,0.0,0.0,0,,41,c011,25.0,100.0,0.0,0.0
30.0,0.0,0.0,0,,46,c011,30.0,100.0,0.0,0.0
30.0,0.0,0.0,0,,46,c011,30.0,100.0,0.0,0.0
25.0,0.0,0.0,0,,41,c011,25.0,100.0,0.0,0.0
30.0,25.0,0.0,0,,56,c011,55.0,54.54545454545455,45.45454545454545,0.0
30.0,15.0,0.0,0,,51,c011,45.0,66.66666666666667,33.333333333333336,0.0
30.0,40.0,0.0,0,,71,c011,70.0,42.857142857142854,57.142857142857146,0.0
0.0,25.0,0.0,0,,41,c011,25.0,0.0,100.0,0.0
30.0,0.0,0.0,0,,51,c011,30.0,100.0,0.0,0.0
30.0,0.0,0.0,0,,46,c011,30.0,100.0,0.0,0.0
30.0,25.0,0.0,0,,56,c011,55.0,54.54545454545455,45.45454545454545,0.0
30.0,40.0,0.0,0,,71,c011,70.0,42.857142857142854,57.142857142857146,0.0
30.0,15.0,0.0,0,,61,c011,45.0,66.66666666666667,33.333333333333336,0.0
5.0,45.0,0.0,0,,66,c011,50.0,10.0,90.0,0.0
30.0,35.0,0.0,0,,81,c011,65.0,46.15384615384615,53.84615384615385,0.0
30.0,0.0,0.0,0,,46,c011,30.0,100.0,0.0,0.0
25.0,0.0,0.0,0,,41,c011,25.0,100.0,0.0,0.0
30.0,45.0,10.0,0,,101,c011,85.0,35.294117647058826,52.94117647058823,11.764705882352942
30.0,30.0,0.0,0,,61,c011,60.0,50.0,50.0,0.0
15.0,0.0,0.0,0,,31,c011,15.0,100.0,0.0,0.0
30.0,40.0,0.0,0,,86,c011,70.0,42.857142857142854,57.142857142857146,0.0
25.0,0.0,0.0,0,,41,c011,25.0,100.0,0.0,0.0
30.0,0.0,0.0,0,,51,c011,30.0,100.0,0.0,0.0
30.0,0.0,0.0,0,,51,c011,30.0,100.0,0.0,0.0
20.0,0.0,0.0,0,,36,c011,20.0,100.0,0.0,0.0
30.0,50.0,0.0,0,,81,c011,80.0,37.5,62.5,0.0
0.0,15.0,0.0,0,,16,c011,15.0,0.0,100.0,0.0
30.0,0.0,0.0,0,,46,c011,30.0,100.0,0.0,0.0
25.0,0.0,0.0,0,,41,c011,25.0,100.0,0.0,0.0
30.0,0.0,0.0,0,,46,c011,30.0,100.0,0.0,0.0
20.0,0.0,0.0,0,,36,c011,20.0,100.0,0.0,0.0
30.0,0.0,0.0,0,,51,c011,30.0,100.0,0.0,0.0
30.0,30.0,0.0,0,,61,c011,60.0,50.0,50.0,0.0
30.0,0.0,0.0,0,,46,c011,30.0,100.0,0.0,0.0
30.0,0.0,0.0,0,,51,c011,30.0,100.0,0.0,0.0
25.0,0.0,0.0,0,,41,c011,25.0,100.0,0.0,0.0
0.0,20.0,0.0,0,,36,c011,20.0,0.0,100.0,0.0
30.0,0.0,0.0,0,,46,c011,30.0,100.0,0.0,0.0
20.0,0.0,0.0,0,,36,c011,20.0,100.0,0.0,0.0
25.0,0.0,0.0,0,,41,c011,25.0,100.0,0.0,0.0
30.0,25.0,0.0,0,,56,c011,55.0,54.54545454545455,45.45454545454545,0.0
30.0,0.0,0.0,0,,46,c011,30.0,100.0,0.0,0.0
60.0,105.0,15.0,0,,180,c011,180.0,33.333333333333336,58.333333333333336,8.333333333333334
0.0,25.0,0.0,0,,41,c011,25.0,0.0,100.0,0.0
30.0,0.0,0.0,0,,46,c011,30.0,100.0,0.0,0.0
30.0,25.0,0.0,0,,56,c011,55.0,54.54545454545455,45.45454545454545,0.0
30.0,45.0,0.0,0,,96,c011,75.0,40.0,60.0,0.0
30.0,0.0,0.0,0,,51,c011,30.0,100.0,0.0,0.0
30.0,0.0,0.0,0,,51,c011,30.0,100.0,0.0,0.0
30.0,0.0,0.0,0,,46,c011,30.0,100.0,0.0,0.0
30.0,15.0,0.0,0,,51,c011,45.0,66.66666666666667,33.333333333333336,0.0
15.0,0.0,0.0,0,,31,c011,15.0,100.0,0.0,0.0
30.0,15.0,0.0,0,,61,c011,45.0,66.66666666666667,33.333333333333336,0.0
30.0,45.0,0.0,0,,76,c011,75.0,40.0,60.0,0.0
30.0,15.0,0.0,0,,51,c011,45.0,66.66666666666667,33.333333333333336,0.0
45.0,30.0,0.0,0,,121,c011,75.0,60.0,40.0,0.0
30.0,0.0,0.0,0,,46,c011,30.0,100.0,0.0,0.0
20.0,0.0,0.0,0,,36,c011,20.0,100.0,0.0,0.0
15.0,0.0,0.0,0,,31,c011,15.0,100.0,0.0,0.0
25.0,0.0,0.0,0,,41,c011,25.0,100.0,0.0,0.0
15.0,0.0,0.0,0,,31,c011,15.0,100.0,0.0,0.0
25.0,0.0,0.0,0,,41,c011,25.0,100.0,0.0,0.0
30.0,15.0,0.0,0,,66,c011,45.0,66.66666666666667,33.333333333333336,0.0
20.0,45.0,0.0,0,,81,c011,65.0,30.76923076923077,69.23076923076923,0.0
25.0,0.0,0.0,0,,41,c011,25.0,100.0,0.0,0.0
30.0,25.0,0.0,0,,56,c011,55.0,54.54545454545455,45.45454545454545,0.0
30.0,10.0,0.0,0,,56,c011,40.0,75.0,25.0,0.0
30.0,15.0,0.0,0,,51,c011,45.0,66.66666666666667,33.333333333333336,0.0
20.0,0.0,0.0,0,,36,c011,20.0,100.0,0.0,0.0
15.0,0.0,0.0,0,,31,c011,15.0,100.0,0.0,0.0
30.0,15.0,0.0,0,,61,c011,45.0,66.66666666666667,33.333333333333336,0.0
0.0,25.0,0.0,0,,41,c011,25.0,0.0,100.0,0.0
30.0,10.0,0.0,0,,56,c011,40.0,75.0,25.0,0.0
30.0,25.0,0.0,0,,56,c011,55.0,54.54545454545455,45.45454545454545,0.0
30.0,15.0,15.0,0,,61,c011,60.0,50.0,25.0,25.0
30.0,25.0,15.0,0,,71,c011,70.0,42.857142857142854,35.714285714285715,21.428571428571427
30.0,30.0,0.0,0,,61,c011,60.0,50.0,50.0,0.0
25.0,15.0,0.0,0,,41,c011,40.0,62.5,37.5,0.0
0.0,30.0,0.0,0,,46,c011,30.0,0.0,100.0,0.0
30.0,15.0,0.0,0,,61,c011,45.0,66.66666666666667,33.333333333333336,0.0
60.0,30.0,0.0,0,,116,c011,90.0,66.66666666666667,33.333333333333336,0.0
10.0,0.0,0.0,0,,26,c011,10.0,100.0,0.0,0.0
30.0,30.0,0.0,0,,81,c011,60.0,50.0,50.0,0.0
30.0,15.0,0.0,0,,81,c011,45.0,66.66666666666667,33.333333333333336,0.0
25.0,15.0,0.0,0,,41,c011,40.0,62.5,37.5,0.0
30.0,30.0,0.0,0,,106,c011,60.0,50.0,50.0,0.0
30.0,15.0,0.0,0,,51,c011,45.0,66.66666666666667,33.333333333333336,0.0
0.0,20.0,0.0,0,,36,c011,20.0,0.0,100.0,0.0
0.0,25.0,0.0,0,,41,c011,25.0,0.0,100.0,0.0
0.0,65.0,0.0,0,,96,c011,65.0,0.0,100.0,0.0
30.0,0.0,0.0,0,,46,c011,30.0,100.0,0.0,0.0
25.0,0.0,0.0,0,,41,c011,25.0,100.0,0.0,0.0
15.0,0.0,0.0,0,,31,c011,15.0,100.0,0.0,0.0
30.0,50.0,0.0,0,,111,c011,80.0,37.5,62.5,0.0
15.0,0.0,0.0,0,,31,c011,15.0,100.0,0.0,0.0
5.0,45.0,15.0,0,,66,c011,65.0,7.6923076923076925,69.23076923076923,23.076923076923077
30.0,0.0,0.0,0,,46,c011,30.0,100.0,0.0,0.0
30.0,45.0,0.0,0,,111,c011,75.0,40.0,60.0,0.0
30.0,30.0,0.0,0,,76,c011,60.0,50.0,50.0,0.0
0.0,25.0,0.0,0,,41,c011,25.0,0.0,100.0,0.0
30.0,45.0,0.0,0,,116,c011,75.0,40.0,60.0,0.0
30.0,0.0,0.0,0,,46,c011,30.0,100.0,0.0,0.0
0.0,10.0,0.0,0,,130,c011,10.0,0.0,100.0,0.0
30.0,0.0,0.0,0,,46,c011,30.0,100.0,0.0,0.0
30.0,60.0,0.0,0,,91,c011,90.0,33.333333333333336,66.66666666666667,0.0
30.0,30.0,0.0,0,,76,c011,60.0,50.0,50.0,0.0
30.0,15.0,0.0,0,,46,c011,45.0,66.66666666666667,33.333333333333336,0.0
0.0,40.0,0.0,0,,56,c011,40.0,0.0,100.0,0.0
30.0,40.0,0.0,0,,86,c011,70.0,42.857142857142854,57.142857142857146,0.0
30.0,50.0,0.0,0,,96,c011,80.0,37.5,62.5,0.0
30.0,30.0,0.0,0,,76,c011,60.0,50.0,50.0,0.0
30.0,0.0,0.0,0,,46,c011,30.0,100.0,0.0,0.0
30.0,45.0,0.0,0,,91,c011,75.0,40.0,60.0,0.0
30.0,25.0,0.0,0,,71,c011,55.0,54.54545454545455,45.45454545454545,0.0
30.0,30.0,0.0,0,,61,c011,60.0,50.0,50.0,0.0
30.0,65.0,15.0,0,,111,c011,110.0,27.272727272727273,59.09090909090909,13.636363636363637
25.0,0.0,0.0,0,,41,c011,25.0,100.0,0.0,0.0
30.0,30.0,0.0,0,,91,c011,60.0,50.0,50.0,0.0
30.0,15.0,0.0,0,,101,c011,45.0,66.66666666666667,33.333333333333336,0.0
30.0,0.0,0.0,0,,46,c011,30.0,100.0,0.0,0.0
30.0,15.0,0.0,0,,46,c011,45.0,66.66666666666667,33.333333333333336,0.0
15.0,0.0,0.0,0,,31,c011,15.0,100.0,0.0,0.0
30.0,0.0,0.0,0,,51,c011,30.0,100.0,0.0,0.0
30.0,15.0,0.0,0,,51,c011,45.0,66.66666666666667,33.333333333333336,0.0
30.0,20.0,0.0,0,,66,c011,50.0,60.0,40.0,0.0
30.0,80.0,15.0,0,,125,c011,125.0,24.0,64.0,12.0
25.0,0.0,0.0,0,,41,c011,25.0,100.0,0.0,0.0
20.0,15.0,0.0,0,,36,c011,35.0,57.142857142857146,42.857142857142854,0.0
0.0,10.0,0.0,0,,11,c011,10.0,0.0,100.0,0.0
0.0,30.0,0.0,0,,51,c011,30.0,0.0,100.0,0.0
30.0,30.0,0.0,0,,106,c011,60.0,50.0,50.0,0.0
45.0,50.0,0.0,0,,96,c011,95.0,47.36842105263158,52.63157894736842,0.0
25.0,0.0,0.0,0,,41,c011,25.0,100.0,0.0,0.0
30.0,0.0,0.0,0,,51,c011,30.0,100.0,0.0,0.0
30.0,30.0,0.0,0,,76,c011,60.0,50.0,50.0,0.0
0.0,10.0,0.0,0,,11,c011,10.0,0.0,100.0,0.0
30.0,0.0,0.0,0,,46,c011,30.0,100.0,0.0,0.0
30.0,45.0,15.0,0,,91,c011,90.0,33.333333333333336,50.0,16.666666666666668
0.0,25.0,0.0,0,,41,c011,25.0,0.0,100.0,0.0
30.0,15.0,0.0,0,,61,c011,45.0,66.66666666666667,33.333333333333336,0.0
15.0,0.0,0.0,0,,31,c011,15.0,100.0,0.0,0.0
30.0,15.0,0.0,0,,51,c011,45.0,66.66666666666667,33.333333333333336,0.0
30.0,0.0,0.0,0,,46,c011,30.0,100.0,0.0,0.0
30.0,0.0,0.0,0,,51,c011,30.0,100.0,0.0,0.0
30.0,10.0,0.0,0,,56,c011,40.0,75.0,25.0,0.0
0.0,25.0,0.0,0,,26,c011,25.0,0.0,100.0,0.0
30.0,10.0,0.0,0,,56,c011,40.0,75.0,25.0,0.0
30.0,30.0,0.0,0,,81,c011,60.0,50.0,50.0,0.0
30.0,15.0,0.0,0,,61,c011,45.0,66.66666666666667,33.333333333333336,0.0
30.0,15.0,0.0,0,,81,c011,45.0,66.66666666666667,33.333333333333336,0.0
30.0,30.0,0.0,0,,91,c011,60.0,50.0,50.0,0.0
25.0,15.0,0.0,0,,41,c011,40.0,62.5,37.5,0.0
30.0,0.0,0.0,0,,46,c011,30.0,100.0,0.0,0.0
30.0,20.0,0.0,0,,66,c011,50.0,60.0,40.0,0.0
30.0,0.0,0.0,0,,51,c011,30.0,100.0,0.0,0.0
30.0,25.0,0.0,0,,56,c011,55.0,54.54545454545455,45.45454545454545,0.0
15.0,15.0,0.0,0,,31,c011,30.0,50.0,50.0,0.0
30.0,20.0,15.0,0,,66,c011,65.0,46.15384615384615,30.76923076923077,23.076923076923077
0.0,40.0,0.0,0,,56,c011,40.0,0.0,100.0,0.0
30.0,0.0,0.0,0,,51,c011,30.0,100.0,0.0,0.0
55.0,75.0,15.0,0,,160,c011,145.0,37.93103448275862,51.724137931034484,10.344827586206897
30.0,20.0,0.0,0,,66,c011,50.0,60.0,40.0,0.0
15.0,80.0,0.0,0,,111,c011,95.0,15.789473684210526,84.21052631578948,0.0
30.0,30.0,0.0,0,,91,c011,60.0,50.0,50.0,0.0
15.0,0.0,0.0,0,,31,c011,15.0,100.0,0.0,0.0
25.0,0.0,0.0,0,,41,c011,25.0,100.0,0.0,0.0
20.0,0.0,0.0,0,,36,c011,20.0,100.0,0.0,0.0
30.0,30.0,10.0,0,,101,c011,70.0,42.857142857142854,42.857142857142854,14.285714285714286
30.0,0.0,0.0,0,,46,c011,30.0,100.0,0.0,0.0
15.0,0.0,0.0,0,,31,c011,15.0,100.0,0.0,0.0
30.0,65.0,15.0,0,,125,c011,110.0,27.272727272727273,59.09090909090909,13.636363636363637
30.0,45.0,15.0,0,,111,c011,90.0,33.333333333333336,50.0,16.666666666666668
30.0,0.0,0.0,0,,46,c011,30.0,100.0,0.0,0.0
60.0,60.0,0.0,0,,150,c011,120.0,50.0,50.0,0.0
30.0,20.0,0.0,0,,66,c011,50.0,60.0,40.0,0.0
30.0,30.0,0.0,0,,81,c011,60.0,50.0,50.0,0.0
5.0,45.0,0.0,0,,66,c011,50.0,10.0,90.0,0.0
30.0,30.0,0.0,0,,91,c011,60.0,50.0,50.0,0.0
30.0,40.0,0.0,0,,86,c011,70.0,42.857142857142854,57.142857142857146,0.0
30.0,35.0,0.0,0,,66,c011,65.0,46.15384615384615,53.84615384615385,0.0
30.0,15.0,0.0,0,,46,c011,45.0,66.66666666666667,33.333333333333336,0.0
25.0,0.0,0.0,0,,41,c011,25.0,100.0,0.0,0.0
15.0,60.0,0.0,0,,76,c011,75.0,20.0,80.0,0.0
30.0,20.0,0.0,0,,66,c011,50.0,60.0,40.0,0.0
30.0,35.0,0.0,0,,66,c011,65.0,46.15384615384615,53.84615384615385,0.0
0.0,75.0,0.0,0,,91,c011,75.0,0.0,100.0,0.0
15.0,60.0,0.0,0,,86,c011,75.0,20.0,80.0,0.0
20.0,0.0,0.0,0,,36,c011,20.0,100.0,0.0,0.0
30.0,20.0,0.0,0,,66,c011,50.0,60.0,40.0,0.0
30.0,60.0,15.0,0,,111,c011,105.0,28.571428571428573,57.142857142857146,14.285714285714286
15.0,20.0,0.0,0,,36,c011,35.0,42.857142857142854,57.142857142857146,0.0
30.0,30.0,0.0,0,,86,c011,60.0,50.0,50.0,0.0
30.0,40.0,0.0,0,,71,c011,70.0,42.857142857142854,57.142857142857146,0.0
30.0,40.0,0.0,0,,71,c011,70.0,42.857142857142854,57.142857142857146,0.0
30.0,30.0,0.0,0,,61,c011,60.0,50.0,50.0,0.0
30.0,10.0,0.0,0,,56,c011,40.0,75.0,25.0,0.0
30.0,25.0,0.0,0,,56,c011,55.0,54.54545454545455,45.45454545454545,0.0
30.0,45.0,0.0,0,,81,c011,75.0,40.0,60.0,0.0
30.0,25.0,0.0,0,,71,c011,55.0,54.54545454545455,45.45454545454545,0.0
30.0,10.0,0.0,0,,56,c011,40.0,75.0,25.0,0.0
30.0,25.0,0.0,0,,56,c011,55.0,54.54545454545455,45.45454545454545,0.0
25.0,0.0,0.0,0,,41,c011,25.0,100.0,0.0,0.0
25.0,15.0,0.0,0,,41,c011,40.0,62.5,37.5,0.0
30.0,25.0,0.0,0,,56,c011,55.0,54.54545454545455,45.45454545454545,0.0
30.0,25.0,0.0,0,,71,c011,55.0,54.54545454545455,45.45454545454545,0.0
0.0,20.0,0.0,0,,21,c011,20.0,0.0,100.0,0.0
20.0,0.0,0.0,0,,36,c011,20.0,100.0,0.0,0.0
30.0,30.0,0.0,0,,61,c011,60.0,50.0,50.0,0.0
30.0,30.0,0.0,0,,61,c011,60.0,50.0,50.0,0.0
30.0,15.0,0.0,0,,51,c011,45.0,66.66666666666667,33.333333333333336,0.0
0.0,30.0,0.0,0,,46,c011,30.0,0.0,100.0,0.0
0.0,25.0,0.0,0,,41,c011,25.0,0.0,100.0,0.0
30.0,0.0,0.0,0,,46,c011,30.0,100.0,0.0,0.0
0.0,45.0,0.0,0,,76,c011,45.0,0.0,100.0,0.0
0.0,30.0,0.0,5,38.0,46,c012,30.0,0.0,100.0,0.0
30.0,20.0,0.0,4,49.5,66,c012,50.0,60.0,40.0,0.0
30.0,30.0,0.0,1,56.0,66,c012,60.0,50.0,50.0,0.0
60.0,55.0,15.0,3,81.0,160,c012,130.0,46.15384615384615,42.30769230769231,11.538461538461538
30.0,15.0,0.0,3,67.33333333333333,86,c012,45.0,66.66666666666667,33.333333333333336,0.0
45.0,75.0,0.0,4,84.75,175,c012,120.0,37.5,62.5,0.0
60.0,100.0,0.0,1,122.0,190,c012,160.0,37.5,62.5,0.0
0.0,25.0,0.0,4,55.5,41,c012,25.0,0.0,100.0,0.0
15.0,70.0,15.0,6,36.333333333333336,116,c012,100.0,15.0,70.0,15.0
55.0,45.0,15.0,4,47.25,130,c012,115.0,47.82608695652174,39.130434782608695,13.043478260869565
80.0,120.0,30.0,3,67.66666666666667,260,c012,230.0,34.78260869565217,52.17391304347826,13.043478260869565
30.0,95.0,15.0,3,101.66666666666667,155,c012,140.0,21.428571428571427,67.85714285714286,10.714285714285714
15.0,45.0,0.0,3,95.0,76,c012,60.0,25.0,75.0,0.0
0.0,40.0,0.0,4,35.75,56,c012,40.0,0.0,100.0,0.0
30.0,20.0,0.0,0,,66,c012,50.0,60.0,40.0,0.0
30.0,10.0,0.0,4,33.25,56,c012,40.0,75.0,25.0,0.0
50.0,60.0,0.0,1,54.0,125,c012,110.0,45.45454545454545,54.54545454545455,0.0
20.0,45.0,0.0,4,34.75,81,c012,65.0,30.76923076923077,69.23076923076923,0.0
25.0,0.0,0.0,5,36.2,41,c012,25.0,100.0,0.0,0.0
30.0,0.0,0.0,4,70.25,46,c012,30.0,100.0,0.0,0.0
45.0,90.0,15.0,1,48.0,150,c012,150.0,30.0,60.0,10.0
60.0,135.0,0.0,1,54.0,240,c012,195.0,30.76923076923077,69.23076923076923,0.0
5.0,45.0,0.0,4,62.0,66,c012,50.0,10.0,90.0,0.0
15.0,25.0,0.0,4,67.25,56,c012,40.0,37.5,62.5,0.0
110.0,135.0,0.0,3,99.33333333333333,275,c012,245.0,44.89795918367347,55.10204081632653,0.0
45.0,85.0,0.0,1,35.0,130,c012,130.0,34.61538461538461,65.38461538461539,0.0
0.0,60.0,0.0,1,123.0,76,c012,60.0,0.0,100.0,0.0
0.0,30.0,0.0,4,42.25,46,c012,30.0,0.0,100.0,0.0
0.0,45.0,0.0,4,34.5,61,c012,45.0,0.0,100.0,0.0
15.0,45.0,0.0,4,97.0,76,c012,60.0,25.0,75.0,0.0
55.0,75.0,15.0,4,38.75,160,c012,145.0,37.93103448275862,51.724137931034484,10.344827586206897
45.0,75.0,15.0,4,48.5,150,c012,135.0,33.333333333333336,55.55555555555556,11.11111111111111
35.0,45.0,0.0,2,95.0,111,c012,80.0,43.75,56.25,0.0
5.0,45.0,0.0,4,34.0,66,c012,50.0,10.0,90.0,0.0
30.0,30.0,0.0,5,51.8,76,c012,60.0,50.0,50.0,0.0
120.0,180.0,0.0,1,42.0,420,c012,300.0,40.0,60.0,0.0
0.0,30.0,0.0,3,56.333333333333336,51,c012,30.0,0.0,100.0,0.0
15.0,45.0,0.0,4,37.0,76,c012,60.0,25.0,75.0,0.0
0.0,20.0,0.0,4,37.5,36,c012,20.0,0.0,100.0,0.0
30.0,0.0,0.0,4,47.5,46,c012,30.0,100.0,0.0,0.0
30.0,0.0,0.0,3,39.333333333333336,46,c012,30.0,100.0,0.0,0.0
60.0,70.0,0.0,3,54.666666666666664,175,c012,130.0,46.15384615384615,53.84615384615385,0.0
30.0,60.0,0.0,4,73.5,135,c012,90.0,33.333333333333336,66.66666666666667,0.0
10.0,45.0,0.0,4,40.75,71,c012,55.0,18.181818181818183,81.81818181818181,0.0
0.0,25.0,0.0,4,34.0,41,c012,25.0,0.0,100.0,0.0
70.0,90.0,0.0,3,42.0,220,c012,160.0,43.75,56.25,0.0
30.0,10.0,0.0,1,49.0,56,c012,40.0,75.0,25.0,0.0
0.0,25.0,0.0,4,40.25,41,c012,25.0,0.0,100.0,0.0
0.0,45.0,0.0,4,38.5,76,c012,45.0,0.0,100.0,0.0
30.0,45.0,0.0,3,32.666666666666664,116,c012,75.0,40.0,60.0,0.0
60.0,75.0,15.0,3,48.333333333333336,165,c012,150.0,40.0,50.0,10.0
0.0,30.0,0.0,4,40.0,46,c012,30.0,0.0,100.0,0.0
30.0,0.0,0.0,4,37.25,51,c012,30.0,100.0,0.0,0.0
30.0,45.0,0.0,3,42.666666666666664,91,c012,75.0,40.0,60.0,0.0
105.0,75.0,0.0,3,66.33333333333333,305,c012,180.0,58.333333333333336,41.666666666666664,0.0
30.0,75.0,15.0,4,35.25,135,c012,120.0,25.0,62.5,12.5
0.0,30.0,0.0,4,42.0,51,c012,30.0,0.0,100.0,0.0
35.0,45.0,0.0,0,,125,c012,80.0,43.75,56.25,0.0
60.0,75.0,15.0,0,,165,c012,150.0,40.0,50.0,10.0
0.0,45.0,0.0,4,34.75,76,c012,45.0,0.0,100.0,0.0
0.0,30.0,0.0,4,37.5,51,c012,30.0,0.0,100.0,0.0
30.0,30.0,0.0,3,42.333333333333336,81,c012,60.0,50.0,50.0,0.0
30.0,45.0,0.0,3,37.666666666666664,91,c012,75.0,40.0,60.0,0.0
0.0,30.0,0.0,4,45.25,51,c012,30.0,0.0,100.0,0.0
15.0,25.0,0.0,3,42.0,56,c012,40.0,37.5,62.5,0.0
30.0,0.0,0.0,3,67.0,46,c012,30.0,100.0,0.0,0.0
0.0,45.0,0.0,4,70.75,81,c012,45.0,0.0,100.0,0.0
30.0,25.0,0.0,0,,71,c012,55.0,54.54545454545455,45.45454545454545,0.0
30.0,30.0,0.0,0,,76,c012,60.0,50.0,50.0,0.0
30.0,35.0,0.0,0,,81,c012,65.0,46.15384615384615,53.84615384615385,0.0
30.0,20.0,0.0,0,,96,c012,50.0,60.0,40.0,0.0
65.0,45.0,0.0,0,,140,c012,110.0,59.09090909090909,40.90909090909091,0.0
60.0,105.0,15.0,0,,205,c012,180.0,33.333333333333336,58.333333333333336,8.333333333333334
0.0,30.0,0.0,0,,46,c012,30.0,0.0,100.0,0.0
30.0,30.0,0.0,0,,96,c012,60.0,50.0,50.0,0.0
60.0,60.0,0.0,0,,155,c012,120.0,50.0,50.0,0.0
45.0,55.0,0.0,0,,145,c012,100.0,45.0,55.0,0.0
0.0,70.0,0.0,0,,86,c012,70.0,0.0,100.0,0.0
30.0,0.0,0.0,0,,51,c012,30.0,100.0,0.0,0.0
30.0,20.0,0.0,0,,96,c012,50.0,60.0,40.0,0.0
45.0,25.0,0.0,0,,86,c012,70.0,64.28571428571429,35.714285714285715,0.0
0.0,40.0,0.0,4,37.75,56,c012,40.0,0.0,100.0,0.0
20.0,0.0,0.0,3,38.0,36,c012,20.0,100.0,0.0,0.0
30.0,40.0,0.0,1,67.0,71,c012,70.0,42.857142857142854,57.142857142857146,0.0
30.0,30.0,0.0,1,84.0,81,c012,60.0,50.0,50.0,0.0
0.0,20.0,0.0,4,42.25,36,c012,20.0,0.0,100.0,0.0
45.0,30.0,0.0,4,55.5,91,c012,75.0,60.0,40.0,0.0
60.0,75.0,0.0,4,55.25,195,c012,135.0,44.44444444444444,55.55555555555556,0.0
45.0,45.0,15.0,4,49.0,121,c012,105.0,42.857142857142854,42.857142857142854,14.285714285714286
30.0,70.0,0.0,3,41.333333333333336,130,c012,100.0,30.0,70.0,0.0
45.0,30.0,0.0,0,,116,c012,75.0,60.0,40.0,0.0
30.0,60.0,0.0,0,,96,c012,90.0,33.333333333333336,66.66666666666667,0.0
45.0,45.0,0.0,0,,116,c012,90.0,50.0,50.0,0.0
30.0,55.0,0.0,0,,116,c012,85.0,35.294117647058826,64.70588235294117,0.0
10.0,45.0,0.0,0,,71,c012,55.0,18.181818181818183,81.81818181818181,0.0
15.0,45.0,0.0,0,,91,c012,60.0,25.0,75.0,0.0
20.0,0.0,0.0,0,,36,c012,20.0,100.0,0.0,0.0
30.0,45.0,15.0,0,,106,c012,90.0,33.333333333333336,50.0,16.666666666666668
10.0,45.0,0.0,0,,71,c012,55.0,18.181818181818183,81.81818181818181,0.0
50.0,30.0,0.0,0,,125,c012,80.0,62.5,37.5,0.0
0.0,40.0,0.0,0,,56,c012,40.0,0.0,100.0,0.0
40.0,45.0,0.0,0,,116,c012,85.0,47.05882352941177,52.94117647058823,0.0
45.0,105.0,0.0,0,,210,c012,150.0,30.0,70.0,0.0
0.0,25.0,0.0,0,,41,c012,25.0,0.0,100.0,0.0
10.0,45.0,0.0,0,,71,c012,55.0,18.181818181818183,81.81818181818181,0.0
30.0,15.0,0.0,0,,91,c012,45.0,66.66666666666667,33.333333333333336,0.0
30.0,30.0,0.0,0,,76,c012,60.0,50.0,50.0,0.0
30.0,10.0,0.0,0,,56,c012,40.0,75.0,25.0,0.0
30.0,15.0,0.0,0,,86,c012,45.0,66.66666666666667,33.333333333333336,0.0
40.0,105.0,15.0,0,,175,c012,160.0,25.0,65.625,9.375
0.0,40.0,0.0,0,,56,c012,40.0,0.0,100.0,0.0
0.0,65.0,0.0,0,,96,c012,65.0,0.0,100.0,0.0
25.0,0.0,0.0,0,,41,c012,25.0,100.0,0.0,0.0
135.0,195.0,30.0,0,,455,c012,360.0,37.5,54.166666666666664,8.333333333333334
15.0,45.0,0.0,0,,76,c012,60.0,25.0,75.0,0.0
90.0,110.0,0.0,0,,245,c012,200.0,45.0,55.0,0.0
30.0,90.0,0.0,0,,150,c012,120.0,25.0,75.0,0.0
10.0,45.0,0.0,0,,71,c012,55.0,18.181818181818183,81.81818181818181,0.0
0.0,30.0,0.0,0,,46,c012,30.0,0.0,100.0,0.0
30.0,20.0,0.0,0,,66,c012,50.0,60.0,40.0,0.0
35.0,45.0,0.0,0,,111,c012,80.0,43.75,56.25,0.0
45.0,155.0,0.0,0,,230,c012,200.0,22.5,77.5,0.0
60.0,75.0,15.0,0,,165,c012,150.0,40.0,50.0,10.0
30.0,10.0,0.0,0,,56,c012,40.0,75.0,25.0,0.0
30.0,45.0,0.0,0,,96,c012,75.0,40.0,60.0,0.0
30.0,45.0,0.0,0,,106,c012,75.0,40.0,60.0,0.0
75.0,175.0,15.0,0,,325,c012,265.0,28.30188679245283,66.0377358490566,5.660377358490566
0.0,30.0,0.0,0,,51,c012,30.0,0.0,100.0,0.0
60.0,100.0,0.0,0,,175,c012,160.0,37.5,62.5,0.0
85.0,75.0,15.0,0,,190,c012,175.0,48.57142857142857,42.857142857142854,8.571428571428571
15.0,70.0,0.0,0,,86,c012,85.0,17.647058823529413,82.3529411764706,0.0
30.0,45.0,0.0,0,,106,c012,75.0,40.0,60.0,0.0
50.0,45.0,0.0,0,,140,c012,95.0,52.63157894736842,47.36842105263158,0.0
75.0,70.0,0.0,0,,190,c012,145.0,51.724137931034484,48.275862068965516,0.0
30.0,45.0,0.0,0,,101,c012,75.0,40.0,60.0,0.0
60.0,90.0,15.0,0,,180,c012,165.0,36.36363636363637,54.54545454545455,9.090909090909092
45.0,50.0,0.0,0,,140,c012,95.0,47.36842105263158,52.63157894736842,0.0
15.0,70.0,0.0,0,,116,c012,85.0,17.647058823529413,82.3529411764706,0.0
15.0,45.0,0.0,0,,76,c012,60.0,25.0,75.0,0.0
60.0,30.0,0.0,0,,121,c012,90.0,66.66666666666667,33.333333333333336,0.0
70.0,45.0,0.0,0,,145,c012,115.0,60.869565217391305,39.130434782608695,0.0
15.0,145.0,0.0,0,,190,c012,160.0,9.375,90.625,0.0
25.0,0.0,0.0,0,,41,c012,25.0,100.0,0.0,0.0
100.0,120.0,15.0,0,,340,c012,235.0,42.5531914893617,51.06382978723404,6.382978723404255
0.0,30.0,0.0,0,,46,c012,30.0,0.0,100.0,0.0
45.0,20.0,0.0,0,,81,c012,65.0,69.23076923076923,30.76923076923077,0.0
30.0,45.0,0.0,0,,116,c012,75.0,40.0,60.0,0.0
15.0,55.0,0.0,0,,86,c012,70.0,21.428571428571427,78.57142857142857,0.0
30.0,65.0,15.0,0,,125,c012,110.0,27.272727272727273,59.09090909090909,13.636363636363637
30.0,60.0,0.0,0,,106,c012,90.0,33.333333333333336,66.66666666666667,0.0
30.0,120.0,0.0,0,,190,c012,150.0,20.0,80.0,0.0
0.0,30.0,0.0,0,,51,c012,30.0,0.0,100.0,0.0
15.0,10.0,0.0,0,,41,c012,25.0,60.0,40.0,0.0
50.0,75.0,0.0,0,,170,c012,125.0,40.0,60.0,0.0
30.0,70.0,0.0,0,,130,c012,100.0,30.0,70.0,0.0
30.0,65.0,15.0,0,,111,c012,110.0,27.272727272727273,59.09090909090909,13.636363636363637
0.0,40.0,0.0,0,,56,c012,40.0,0.0,100.0,0.0
30.0,10.0,0.0,0,,56,c012,40.0,75.0,25.0,0.0
30.0,35.0,0.0,0,,96,c012,65.0,46.15384615384615,53.84615384615385,0.0
30.0,40.0,0.0,0,,116,c012,70.0,42.857142857142854,57.142857142857146,0.0
30.0,10.0,0.0,0,,56,c012,40.0,75.0,25.0,0.0
0.0,60.0,0.0,0,,81,c012,60.0,0.0,100.0,0.0
0.0,80.0,0.0,0,,111,c012,80.0,0.0,100.0,0.0
60.0,105.0,0.0,0,,210,c012,165.0,36.36363636363637,63.63636363636363,0.0
60.0,105.0,20.0,0,,200,c012,185.0,32.432432432432435,56.75675675675676,10.81081081081081
25.0,0.0,0.0,0,,41,c012,25.0,100.0,0.0,0.0
30.0,35.0,0.0,0,,66,c012,65.0,46.15384615384615,53.84615384615385,0.0
50.0,60.0,0.0,0,,155,c012,110.0,45.45454545454545,54.54545454545455,0.0
60.0,60.0,0.0,0,,150,c012,120.0,50.0,50.0,0.0
30.0,30.0,0.0,0,,86,c012,60.0,50.0,50.0,0.0
30.0,30.0,0.0,0,,96,c012,60.0,50.0,50.0,0.0
30.0,15.0,0.0,0,,61,c012,45.0,66.66666666666667,33.333333333333336,0.0
30.0,40.0,0.0,0,,116,c012,70.0,42.857142857142854,57.142857142857146,0.0
90.0,90.0,0.0,0,,240,c012,180.0,50.0,50.0,0.0
0.0,50.0,15.0,0,,81,c012,65.0,0.0,76.92307692307692,23.076923076923077
0.0,20.0,0.0,0,,36,c012,20.0,0.0,100.0,0.0
15.0,45.0,0.0,0,,101,c012,60.0,25.0,75.0,0.0
0.0,30.0,0.0,0,,46,c012,30.0,0.0,100.0,0.0
0.0,30.0,0.0,0,,51,c012,30.0,0.0,100.0,0.0
30.0,45.0,0.0,0,,106,c012,75.0,40.0,60.0,0.0
70.0,45.0,0.0,0,,145,c012,115.0,60.869565217391305,39.130434782608695,0.0
10.0,45.0,0.0,0,,71,c012,55.0,18.181818181818183,81.81818181818181,0.0
5.0,45.0,0.0,0,,66,c012,50.0,10.0,90.0,0.0
0.0,25.0,0.0,0,,41,c012,25.0,0.0,100.0,0.0
30.0,10.0,0.0,0,,56,c012,40.0,75.0,25.0,0.0
60.0,90.0,0.0,0,,180,c012,150.0,40.0,60.0,0.0
60.0,145.0,30.0,0,,250,c012,235.0,25.53191489361702,61.702127659574465,12.76595744680851
0.0,30.0,0.0,0,,51,c012,30.0,0.0,100.0,0.0
30.0,25.0,0.0,0,,71,c012,55.0,54.54545454545455,45.45454545454545,0.0
60.0,90.0,0.0,0,,190,c012,150.0,40.0,60.0,0.0
60.0,75.0,0.0,0,,190,c012,135.0,44.44444444444444,55.55555555555556,0.0
0.0,60.0,0.0,0,,61,c012,60.0,0.0,100.0,0.0
30.0,45.0,0.0,0,,106,c012,75.0,40.0,60.0,0.0
15.0,60.0,0.0,0,,96,c012,75.0,20.0,80.0,0.0
10.0,75.0,0.0,0,,86,c012,85.0,11.764705882352942,88.23529411764706,0.0
30.0,15.0,0.0,0,,81,c012,45.0,66.66666666666667,33.333333333333336,0.0
30.0,30.0,15.0,0,,86,c012,75.0,40.0,40.0,20.0
30.0,10.0,0.0,0,,56,c012,40.0,75.0,25.0,0.0
15.0,45.0,0.0,0,,81,c012,60.0,25.0,75.0,0.0
30.0,35.0,0.0,0,,111,c012,65.0,46.15384615384615,53.84615384615385,0.0
45.0,45.0,15.0,0,,121,c012,105.0,42.857142857142854,42.857142857142854,14.285714285714286
0.0,45.0,0.0,0,,76,c012,45.0,0.0,100.0,0.0
30.0,30.0,0.0,0,,106,c012,60.0,50.0,50.0,0.0
60.0,65.0,15.0,0,,170,c012,140.0,42.857142857142854,46.42857142857143,10.714285714285714
15.0,85.0,0.0,0,,130,c012,100.0,15.0,85.0,0.0
30.0,15.0,0.0,0,,61,c012,45.0,66.66666666666667,33.333333333333336,0.0
50.0,45.0,0.0,0,,125,c012,95.0,52.63157894736842,47.36842105263158,0.0
60.0,120.0,0.0,0,,240,c012,180.0,33.333333333333336,66.66666666666667,0.0
15.0,90.0,0.0,0,,135,c012,105.0,14.285714285714286,85.71428571428571,0.0
30.0,25.0,0.0,0,,71,c012,55.0,54.54545454545455,45.45454545454545,0.0
15.0,55.0,15.0,0,,86,c012,85.0,17.647058823529413,64.70588235294117,17.647058823529413
0.0,40.0,15.0,0,,56,c012,55.0,0.0,72.72727272727273,27.272727272727273
0.0,60.0,0.0,0,,91,c012,60.0,0.0,100.0,0.0
30.0,0.0,0.0,0,,46,c012,30.0,100.0,0.0,0.0
30.0,0.0,0.0,0,,46,c012,30.0,100.0,0.0,0.0
30.0,30.0,0.0,0,,91,c012,60.0,50.0,50.0,0.0
60.0,75.0,15.0,0,,165,c012,150.0,40.0,50.0,10.0
0.0,45.0,0.0,0,,61,c012,45.0,0.0,100.0,0.0
25.0,60.0,0.0,0,,86,c012,85.0,29.41176470588235,70.58823529411765,0.0
30.0,0.0,0.0,0,,51,c012,30.0,100.0,0.0,0.0
90.0,160.0,30.0,0,,325,c012,280.0,32.142857142857146,57.142857142857146,10.714285714285714
0.0,25.0,0.0,0,,41,c012,25.0,0.0,100.0,0.0
5.0,45.0,0.0,0,,66,c012,50.0,10.0,90.0,0.0
0.0,45.0,0.0,0,,61,c012,45.0,0.0,100.0,0.0
30.0,20.0,0.0,0,,66,c012,50.0,60.0,40.0,0.0
45.0,45.0,10.0,0,,101,c012,100.0,45.0,45.0,10.0
60.0,80.0,0.0,0,,170,c012,140.0,42.857142857142854,57.142857142857146,0.0
60.0,45.0,0.0,0,,135,c012,105.0,57.142857142857146,42.857142857142854,0.0
45.0,65.0,15.0,0,,140,c012,125.0,36.0,52.0,12.0
30.0,120.0,0.0,0,,170,c012,150.0,20.0,80.0,0.0
35.0,45.0,0.0,0,,111,c012,80.0,43.75,56.25,0.0
70.0,45.0,0.0,0,,160,c012,115.0,60.869565217391305,39.130434782608695,0.0
60.0,90.0,0.0,0,,205,c012,150.0,40.0,60.0,0.0
0.0,20.0,0.0,0,,36,c012,20.0,0.0,100.0,0.0
120.0,240.0,45.0,0,,465,c012,405.0,29.62962962962963,59.25925925925926,11.11111111111111
60.0,165.0,15.0,0,,315,c012,240.0,25.0,68.75,6.25
30.0,35.0,0.0,0,,81,c012,65.0,46.15384615384615,53.84615384615385,0.0
30.0,30.0,0.0,0,,76,c012,60.0,50.0,50.0,0.0
30.0,35.0,0.0,0,,96,c012,65.0,46.15384615384615,53.84615384615385,0.0
60.0,130.0,0.0,0,,250,c012,190.0,31.57894736842105,68.42105263157895,0.0
5.0,45.0,0.0,0,,66,c012,50.0,10.0,90.0,0.0
0.0,75.0,0.0,0,,101,c012,75.0,0.0,100.0,0.0
90.0,210.0,0.0,0,,360,c012,300.0,30.0,70.0,0.0
30.0,55.0,15.0,0,,116,c012,100.0,30.0,55.0,15.0
30.0,45.0,0.0,0,,76,c012,75.0,40.0,60.0,0.0
30.0,65.0,0.0,0,,96,c012,95.0,31.57894736842105,68.42105263157895,0.0
30.0,50.0,0.0,0,,125,c012,80.0,37.5,62.5,0.0
15.0,120.0,0.0,0,,150,c012,135.0,11.11111111111111,88.88888888888889,0.0
225.0,465.0,15.0,0,,840,c012,705.0,31.914893617021278,65.95744680851064,2.127659574468085
195.0,370.0,45.0,0,,701,c012,610.0,31.9672131147541,60.65573770491803,7.377049180327869
0.0,60.0,0.0,0,,91,c012,60.0,0.0,100.0,0.0
30.0,10.0,0.0,0,,56,c012,40.0,75.0,25.0,0.0
60.0,90.0,15.0,0,,185,c012,165.0,36.36363636363637,54.54545454545455,9.090909090909092
30.0,45.0,0.0,0,,91,c012,75.0,40.0,60.0,0.0
0.0,40.0,15.0,0,,56,c012,55.0,0.0,72.72727272727273,27.272727272727273
30.0,75.0,0.0,0,,150,c012,105.0,28.571428571428573,71.42857142857143,0.0
105.0,270.0,15.0,0,,481,c012,390.0,26.923076923076923,69.23076923076923,3.8461538461538463
45.0,150.0,0.0,4,92.0,240,c012,195.0,23.076923076923077,76.92307692307692,0.0
40.0,75.0,0.0,0,,160,c012,115.0,34.78260869565217,65.21739130434783,0.0
60.0,70.0,0.0,0,,160,c012,130.0,46.15384615384615,53.84615384615385,0.0
15.0,75.0,0.0,0,,121,c012,90.0,16.666666666666668,83.33333333333333,0.0
0.0,20.0,0.0,3,38.333333333333336,36,c013,20.0,0.0,100.0,0.0
35.0,30.0,0.0,4,43.0,111,c013,65.0,53.84615384615385,46.15384615384615,0.0
0.0,50.0,0.0,5,37.6,66,c013,50.0,0.0,100.0,0.0
30.0,45.0,0.0,4,29.75,91,c013,75.0,40.0,60.0,0.0
75.0,75.0,15.0,7,35.857142857142854,220,c013,165.0,45.45454545454545,45.45454545454545,9.090909090909092
10.0,45.0,0.0,4,33.0,71,c013,55.0,18.181818181818183,81.81818181818181,0.0
0.0,30.0,0.0,4,43.75,46,c013,30.0,0.0,100.0,0.0
30.0,15.0,0.0,3,31.666666666666668,61,c013,45.0,66.66666666666667,33.333333333333336,0.0
45.0,90.0,5.0,3,54.333333333333336,200,c013,140.0,32.142857142857146,64.28571428571429,3.5714285714285716
45.0,110.0,0.0,4,31.25,185,c013,155.0,29.032258064516128,70.96774193548387,0.0
30.0,0.0,0.0,3,103.66666666666667,46,c013,30.0,100.0,0.0,0.0
30.0,45.0,15.0,5,34.8,106,c013,90.0,33.333333333333336,50.0,16.666666666666668
30.0,45.0,0.0,4,35.5,91,c013,75.0,40.0,60.0,0.0
0.0,30.0,0.0,4,32.75,46,c013,30.0,0.0,100.0,0.0
70.0,45.0,0.0,4,106.5,160,c013,115.0,60.869565217391305,39.130434782608695,0.0
0.0,25.0,0.0,4,37.25,41,c013,25.0,0.0,100.0,0.0
0.0,30.0,0.0,4,51.0,51,c013,30.0,0.0,100.0,0.0
30.0,45.0,0.0,4,48.5,91,c013,75.0,40.0,60.0,0.0
30.0,15.0,0.0,4,83.75,61,c013,45.0,66.66666666666667,33.333333333333336,0.0
30.0,30.0,0.0,3,51.666666666666664,106,c013,60.0,50.0,50.0,0.0
45.0,30.0,0.0,4,29.75,121,c013,75.0,60.0,40.0,0.0
90.0,120.0,15.0,4,33.5,270,c013,225.0,40.0,53.333333333333336,6.666666666666667
15.0,95.0,0.0,0,,140,c013,110.0,13.636363636363637,86.36363636363636,0.0
120.0,180.0,30.0,0,,375,c013,330.0,36.36363636363637,54.54545454545455,9.090909090909092
0.0,65.0,0.0,0,,96,c013,65.0,0.0,100.0,0.0
30.0,20.0,0.0,0,,66,c013,50.0,60.0,40.0,0.0
30.0,30.0,0.0,0,,61,c013,60.0,50.0,50.0,0.0
30.0,70.0,15.0,0,,116,c013,115.0,26.08695652173913,60.869565217391305,13.043478260869565
10.0,0.0,0.0,0,,26,c013,10.0,100.0,0.0,0.0
30.0,120.0,0.0,0,,185,c013,150.0,20.0,80.0,0.0
60.0,60.0,0.0,0,,195,c013,120.0,50.0,50.0,0.0
15.0,20.0,0.0,0,,36,c013,35.0,42.857142857142854,57.142857142857146,0.0
5.0,45.0,0.0,0,,66,c013,50.0,10.0,90.0,0.0
30.0,30.0,0.0,0,,76,c013,60.0,50.0,50.0,0.0
0.0,30.0,0.0,0,,51,c013,30.0,0.0,100.0,0.0
45.0,75.0,0.0,0,,150,c013,120.0,37.5,62.5,0.0
25.0,0.0,0.0,0,,41,c013,25.0,100.0,0.0,0.0
45.0,85.0,0.0,0,,175,c013,130.0,34.61538461538461,65.38461538461539,0.0
30.0,45.0,0.0,5,31.6,121,c013,75.0,40.0,60.0,0.0
90.0,75.0,0.0,3,36.666666666666664,220,c013,165.0,54.54545454545455,45.45454545454545,0.0
30.0,0.0,0.0,3,35.0,51,c013,30.0,100.0,0.0,0.0
30.0,15.0,0.0,1,44.0,46,c013,45.0,66.66666666666667,33.333333333333336,0.0
30.0,55.0,15.0,3,35.0,116,c013,100.0,30.0,55.0,15.0
30.0,0.0,0.0,3,33.333333333333336,51,c013,30.0,100.0,0.0,0.0
55.0,45.0,0.0,3,36.0,130,c013,100.0,55.0,45.0,0.0
15.0,60.0,0.0,4,41.5,91,c013,75.0,20.0,80.0,0.0
150.0,135.0,0.0,0,,385,c013,285.0,52.63157894736842,47.36842105263158,0.0
0.0,40.0,0.0,0,,56,c013,40.0,0.0,100.0,0.0
85.0,105.0,0.0,0,,235,c013,190.0,44.73684210526316,55.26315789473684,0.0
25.0,0.0,0.0,0,,41,c013,25.0,100.0,0.0,0.0
0.0,40.0,0.0,0,,56,c013,40.0,0.0,100.0,0.0
60.0,45.0,0.0,0,,180,c013,105.0,57.142857142857146,42.857142857142854,0.0
60.0,105.0,0.0,0,,225,c013,165.0,36.36363636363637,63.63636363636363,0.0
0.0,30.0,0.0,0,,46,c013,30.0,0.0,100.0,0.0
100.0,135.0,0.0,0,,310,c013,235.0,42.5531914893617,57.4468085106383,0.0
80.0,75.0,15.0,7,29.142857142857142,230,c013,170.0,47.05882352941177,44.11764705882353,8.823529411764707
65.0,45.0,0.0,0,,140,c013,110.0,59.09090909090909,40.90909090909091,0.0
20.0,0.0,0.0,3,48.0,36,c013,20.0,100.0,0.0,0.0
15.0,45.0,0.0,4,62.25,86,c013,60.0,25.0,75.0,0.0
0.0,30.0,0.0,4,31.75,46,c013,30.0,0.0,100.0,0.0
135.0,195.0,15.0,9,88.77777777777777,345,c013,345.0,39.130434782608695,56.52173913043478,4.3478260869565215
30.0,30.0,0.0,4,34.25,76,c013,60.0,50.0,50.0,0.0
105.0,125.0,30.0,3,36.333333333333336,320,c013,260.0,40.38461538461539,48.07692307692308,11.538461538461538
60.0,60.0,0.0,0,,175,c013,120.0,50.0,50.0,0.0
65.0,45.0,0.0,0,,140,c013,110.0,59.09090909090909,40.90909090909091,0.0
15.0,0.0,0.0,0,,31,c013,15.0,100.0,0.0,0.0
30.0,45.0,0.0,0,,91,c013,75.0,40.0,60.0,0.0
90.0,120.0,0.0,0,,270,c013,210.0,42.857142857142854,57.142857142857146,0.0
60.0,45.0,0.0,5,39.8,150,c013,105.0,57.142857142857146,42.857142857142854,0.0
75.0,75.0,0.0,3,65.0,210,c013,150.0,50.0,50.0,0.0
15.0,25.0,0.0,1,33.0,41,c013,40.0,37.5,62.5,0.0
0.0,25.0,0.0,4,32.75,41,c013,25.0,0.0,100.0,0.0
105.0,165.0,15.0,4,32.75,365,c013,285.0,36.8421052631579,57.89473684210526,5.2631578947368425
0.0,20.0,0.0,3,33.333333333333336,36,c013,20.0,0.0,100.0,0.0
0.0,60.0,0.0,4,28.5,96,c013,60.0,0.0,100.0,0.0
30.0,20.0,0.0,4,35.25,66,c013,50.0,60.0,40.0,0.0
30.0,10.0,0.0,4,33.0,56,c013,40.0,75.0,25.0,0.0
0.0,55.0,0.0,3,61.333333333333336,71,c013,55.0,0.0,100.0,0.0
30.0,30.0,0.0,4,30.0,91,c013,60.0,50.0,50.0,0.0
60.0,75.0,15.0,4,31.0,165,c013,150.0,40.0,50.0,10.0
15.0,45.0,0.0,4,29.0,96,c013,60.0,25.0,75.0,0.0
30.0,60.0,0.0,4,33.0,135,c013,90.0,33.333333333333336,66.66666666666667,0.0
30.0,45.0,0.0,1,34.0,76,c013,75.0,40.0,60.0,0.0
45.0,60.0,15.0,1,37.0,121,c013,120.0,37.5,50.0,12.5
15.0,25.0,0.0,4,45.5,56,c013,40.0,37.5,62.5,0.0
0.0,55.0,0.0,4,32.0,71,c013,55.0,0.0,100.0,0.0
60.0,70.0,0.0,4,56.0,175,c013,130.0,46.15384615384615,53.84615384615385,0.0
60.0,50.0,0.0,4,32.25,155,c013,110.0,54.54545454545455,45.45454545454545,0.0
30.0,60.0,0.0,1,36.0,101,c013,90.0,33.333333333333336,66.66666666666667,0.0
0.0,25.0,0.0,4,41.5,41,c013,25.0,0.0,100.0,0.0
25.0,0.0,0.0,4,52.5,41,c013,25.0,100.0,0.0,0.0
60.0,90.0,0.0,3,48.333333333333336,210,c013,150.0,40.0,60.0,0.0
0.0,30.0,0.0,4,32.75,51,c013,30.0,0.0,100.0,0.0
40.0,45.0,15.0,4,37.25,116,c013,100.0,40.0,45.0,15.0
30.0,0.0,0.0,4,31.5,46,c013,30.0,100.0,0.0,0.0
135.0,150.0,30.0,4,30.75,360,c013,315.0,42.857142857142854,47.61904761904762,9.523809523809524
30.0,65.0,15.0,4,29.75,125,c013,110.0,27.272727272727273,59.09090909090909,13.636363636363637
60.0,65.0,0.0,4,32.5,170,c013,125.0,48.0,52.0,0.0
60.0,70.0,0.0,0,,145,c013,130.0,46.15384615384615,53.84615384615385,0.0
45.0,105.0,0.0,4,33.25,195,c013,150.0,30.0,70.0,0.0
30.0,30.0,0.0,3,35.666666666666664,76,c013,60.0,50.0,50.0,0.0
90.0,45.0,0.0,1,31.0,165,c013,135.0,66.66666666666667,33.333333333333336,0.0
30.0,30.0,0.0,1,40.0,61,c013,60.0,50.0,50.0,0.0
0.0,30.0,0.0,4,43.25,51,c013,30.0,0.0,100.0,0.0
0.0,60.0,0.0,4,31.5,91,c013,60.0,0.0,100.0,0.0
0.0,25.0,0.0,4,39.5,41,c013,25.0,0.0,100.0,0.0
30.0,15.0,0.0,4,27.5,61,c013,45.0,66.66666666666667,33.333333333333336,0.0
90.0,145.0,15.0,3,29.666666666666668,280,c013,250.0,36.0,58.0,6.0
15.0,70.0,15.0,4,34.75,116,c013,100.0,15.0,70.0,15.0
30.0,10.0,0.0,0,,56,c013,40.0,75.0,25.0,0.0
60.0,105.0,0.0,0,,195,c013,165.0,36.36363636363637,63.63636363636363,0.0
30.0,10.0,0.0,0,,56,c013,40.0,75.0,25.0,0.0
0.0,30.0,0.0,0,,46,c013,30.0,0.0,100.0,0.0
90.0,135.0,0.0,0,,310,c013,225.0,40.0,60.0,0.0
30.0,35.0,0.0,0,,66,c013,65.0,46.15384615384615,53.84615384615385,0.0
15.0,45.0,0.0,0,,76,c013,60.0,25.0,75.0,0.0
75.0,90.0,15.0,0,,225,c013,180.0,41.666666666666664,50.0,8.333333333333334
30.0,10.0,0.0,0,,56,c013,40.0,75.0,25.0,0.0
10.0,45.0,0.0,0,,71,c013,55.0,18.181818181818183,81.81818181818181,0.0
0.0,30.0,0.0,4,31.0,51,c013,30.0,0.0,100.0,0.0
30.0,30.0,0.0,4,33.75,96,c013,60.0,50.0,50.0,0.0
30.0,30.0,0.0,4,45.5,86,c013,60.0,50.0,50.0,0.0
40.0,45.0,15.0,3,66.0,130,c013,100.0,40.0,45.0,15.0
45.0,120.0,5.0,4,42.25,200,c013,170.0,26.470588235294116,70.58823529411765,2.9411764705882355
60.0,90.0,0.0,1,49.0,195,c013,150.0,40.0,60.0,0.0
10.0,45.0,0.0,3,64.66666666666667,71,c013,55.0,18.181818181818183,81.81818181818181,0.0
15.0,90.0,0.0,4,63.5,121,c013,105.0,14.285714285714286,85.71428571428571,0.0
85.0,165.0,15.0,0,,296,c013,265.0,32.075471698113205,62.264150943396224,5.660377358490566
0.0,30.0,0.0,4,61.5,46,c013,30.0,0.0,100.0,0.0
120.0,175.0,45.0,4,38.5,370,c013,340.0,35.294117647058826,51.470588235294116,13.235294117647058
25.0,0.0,0.0,4,35.0,41,c013,25.0,100.0,0.0,0.0
30.0,30.0,0.0,4,32.5,91,c013,60.0,50.0,50.0,0.0
45.0,60.0,15.0,3,34.666666666666664,135,c013,120.0,37.5,50.0,12.5
30.0,110.0,0.0,4,33.0,170,c013,140.0,21.428571428571427,78.57142857142857,0.0
60.0,90.0,0.0,1,38.0,190,c013,150.0,40.0,60.0,0.0
30.0,10.0,0.0,3,74.66666666666667,56,c013,40.0,75.0,25.0,0.0
100.0,90.0,0.0,3,35.333333333333336,235,c013,190.0,52.63157894736842,47.36842105263158,0.0
0.0,30.0,0.0,4,37.75,46,c013,30.0,0.0,100.0,0.0
30.0,60.0,0.0,4,34.75,121,c013,90.0,33.333333333333336,66.66666666666667,0.0
25.0,45.0,0.0,1,41.0,71,c013,70.0,35.714285714285715,64.28571428571429,0.0
0.0,60.0,0.0,4,85.0,76,c013,60.0,0.0,100.0,0.0
0.0,75.0,0.0,4,36.0,91,c013,75.0,0.0,100.0,0.0
0.0,25.0,0.0,4,31.75,41,c013,25.0,0.0,100.0,0.0
45.0,75.0,0.0,4,36.25,195,c013,120.0,37.5,62.5,0.0
30.0,45.0,0.0,4,35.75,111,c013,75.0,40.0,60.0,0.0
60.0,70.0,0.0,3,45.666666666666664,175,c013,130.0,46.15384615384615,53.84615384615385,0.0
30.0,15.0,0.0,4,36.5,61,c013,45.0,66.66666666666667,33.333333333333336,0.0
110.0,150.0,30.0,3,47.666666666666664,335,c013,290.0,37.93103448275862,51.724137931034484,10.344827586206897
0.0,45.0,0.0,4,127.0,66,c013,45.0,0.0,100.0,0.0
30.0,0.0,0.0,5,35.4,46,c013,30.0,100.0,0.0,0.0
75.0,45.0,5.0,3,55.0,200,c013,125.0,60.0,36.0,4.0
30.0,25.0,0.0,3,64.66666666666667,71,c013,55.0,54.54545454545455,45.45454545454545,0.0
0.0,50.0,0.0,4,119.25,66,c013,50.0,0.0,100.0,0.0
80.0,105.0,15.0,4,55.75,260,c013,200.0,40.0,52.5,7.5
30.0,25.0,0.0,3,34.0,71,c013,55.0,54.54545454545455,45.45454545454545,0.0
0.0,50.0,0.0,4,66.75,66,c013,50.0,0.0,100.0,0.0
25.0,0.0,0.0,4,37.5,41,c013,25.0,100.0,0.0,0.0
75.0,170.0,15.0,4,33.5,320,c013,260.0,28.846153846153847,65.38461538461539,5.769230769230769
30.0,45.0,0.0,4,39.75,101,c013,75.0,40.0,60.0,0.0
0.0,25.0,0.0,4,50.5,41,c013,25.0,0.0,100.0,0.0
30.0,0.0,0.0,4,40.75,46,c013,30.0,100.0,0.0,0.0
60.0,45.0,0.0,4,43.75,170,c013,105.0,57.142857142857146,42.857142857142854,0.0
55.0,75.0,0.0,1,46.0,130,c013,130.0,42.30769230769231,57.69230769230769,0.0
30.0,20.0,0.0,0,,66,c013,50.0,60.0,40.0,0.0
65.0,105.0,0.0,0,,230,c013,170.0,38.23529411764706,61.76470588235294,0.0
0.0,30.0,0.0,0,,51,c013,30.0,0.0,100.0,0.0
105.0,150.0,0.0,0,,315,c013,255.0,41.1764705882353,58.8235294117647,0.0
0.0,65.0,0.0,0,,96,c013,65.0,0.0,100.0,0.0
35.0,45.0,0.0,0,,96,c013,80.0,43.75,56.25,0.0
30.0,15.0,0.0,0,,71,c013,45.0,66.66666666666667,33.333333333333336,0.0
90.0,105.0,0.0,0,,270,c013,195.0,46.15384615384615,53.84615384615385,0.0
30.0,0.0,0.0,0,,46,c013,30.0,100.0,0.0,0.0
30.0,0.0,0.0,0,,46,c013,30.0,100.0,0.0,0.0
90.0,115.0,15.0,0,,265,c013,220.0,40.90909090909091,52.27272727272727,6.818181818181818
0.0,30.0,0.0,0,,31,c013,30.0,0.0,100.0,0.0
15.0,60.0,0.0,0,,91,c013,75.0,20.0,80.0,0.0
0.0,45.0,0.0,0,,61,c013,45.0,0.0,100.0,0.0
70.0,90.0,0.0,0,,220,c013,160.0,43.75,56.25,0.0
50.0,45.0,0.0,0,,125,c013,95.0,52.63157894736842,47.36842105263158,0.0
0.0,45.0,0.0,0,,61,c013,45.0,0.0,100.0,0.0
145.0,120.0,0.0,0,,340,c013,265.0,54.716981132075475,45.283018867924525,0.0
30.0,15.0,0.0,0,,51,c013,45.0,66.66666666666667,33.333333333333336,0.0
0.0,20.0,0.0,0,,36,c013,20.0,0.0,100.0,0.0
0.0,45.0,0.0,0,,51,c013,45.0,0.0,100.0,0.0
0.0,30.0,0.0,0,,46,c013,30.0,0.0,100.0,0.0
60.0,65.0,0.0,0,,185,c013,125.0,48.0,52.0,0.0
30.0,15.0,0.0,0,,61,c013,45.0,66.66666666666667,33.333333333333336,0.0
30.0,30.0,0.0,0,,86,c013,60.0,50.0,50.0,0.0
30.0,30.0,0.0,0,,101,c013,60.0,50.0,50.0,0.0
30.0,40.0,0.0,0,,86,c013,70.0,42.857142857142854,57.142857142857146,0.0
30.0,80.0,0.0,0,,140,c013,110.0,27.272727272727273,72.72727272727273,0.0
25.0,0.0,0.0,0,,41,c013,25.0,100.0,0.0,0.0
65.0,135.0,0.0,0,,215,c013,200.0,32.5,67.5,0.0
30.0,15.0,0.0,0,,46,c013,45.0,66.66666666666667,33.333333333333336,0.0
30.0,0.0,0.0,0,,46,c013,30.0,100.0,0.0,0.0
70.0,45.0,0.0,0,,160,c013,115.0,60.869565217391305,39.130434782608695,0.0
30.0,15.0,0.0,0,,76,c013,45.0,66.66666666666667,33.333333333333336,0.0
15.0,45.0,0.0,0,,76,c013,60.0,25.0,75.0,0.0
0.0,40.0,0.0,0,,56,c013,40.0,0.0,100.0,0.0
75.0,140.0,0.0,0,,260,c013,215.0,34.883720930232556,65.11627906976744,0.0
30.0,15.0,0.0,0,,61,c013,45.0,66.66666666666667,33.333333333333336,0.0
0.0,45.0,0.0,0,,61,c013,45.0,0.0,100.0,0.0
0.0,40.0,0.0,0,,56,c013,40.0,0.0,100.0,0.0
30.0,30.0,10.0,0,,101,c013,70.0,42.857142857142854,42.857142857142854,14.285714285714286
30.0,30.0,0.0,0,,96,c013,60.0,50.0,50.0,0.0
0.0,25.0,0.0,0,,41,c013,25.0,0.0,100.0,0.0
30.0,0.0,0.0,0,,51,c013,30.0,100.0,0.0,0.0
60.0,75.0,0.0,0,,155,c013,135.0,44.44444444444444,55.55555555555556,0.0
30.0,30.0,0.0,0,,61,c013,60.0,50.0,50.0,0.0
30.0,15.0,0.0,0,,46,c013,45.0,66.66666666666667,33.333333333333336,0.0
0.0,20.0,0.0,0,,36,c013,20.0,0.0,100.0,0.0
0.0,40.0,0.0,0,,56,c013,40.0,0.0,100.0,0.0
0.0,30.0,0.0,0,,51,c013,30.0,0.0,100.0,0.0
30.0,25.0,0.0,0,,71,c013,55.0,54.54545454545455,45.45454545454545,0.0
60.0,60.0,0.0,0,,175,c013,120.0,50.0,50.0,0.0
30.0,0.0,0.0,0,,46,c013,30.0,100.0,0.0,0.0
0.0,40.0,0.0,0,,56,c013,40.0,0.0,100.0,0.0
0.0,30.0,0.0,0,,51,c013,30.0,0.0,100.0,0.0
30.0,50.0,0.0,0,,96,c013,80.0,37.5,62.5,0.0
30.0,15.0,0.0,0,,81,c013,45.0,66.66666666666667,33.333333333333336,0.0
30.0,45.0,0.0,0,,91,c013,75.0,40.0,60.0,0.0
65.0,45.0,0.0,0,,140,c013,110.0,59.09090909090909,40.90909090909091,0.0
30.0,15.0,0.0,0,,51,c013,45.0,66.66666666666667,33.333333333333336,0.0
0.0,45.0,0.0,0,,61,c013,45.0,0.0,100.0,0.0
15.0,60.0,10.0,0,,101,c013,85.0,17.647058823529413,70.58823529411765,11.764705882352942
30.0,45.0,0.0,0,,101,c013,75.0,40.0,60.0,0.0
60.0,55.0,0.0,0,,145,c013,115.0,52.17391304347826,47.82608695652174,0.0
20.0,0.0,0.0,0,,36,c013,20.0,100.0,0.0,0.0
40.0,105.0,15.0,0,,175,c013,160.0,25.0,65.625,9.375
30.0,45.0,15.0,0,,121,c013,90.0,33.333333333333336,50.0,16.666666666666668
45.0,30.0,0.0,0,,121,c013,75.0,60.0,40.0,0.0
0.0,30.0,0.0,0,,51,c013,30.0,0.0,100.0,0.0
10.0,105.0,0.0,0,,145,c013,115.0,8.695652173913043,91.30434782608695,0.0
135.0,160.0,15.0,0,,370,c013,310.0,43.54838709677419,51.61290322580645,4.838709677419355
0.0,55.0,0.0,4,37.0,71,c013,55.0,0.0,100.0,0.0
30.0,35.0,0.0,0,,81,c013,65.0,46.15384615384615,53.84615384615385,0.0
15.0,30.0,0.0,0,,61,c013,45.0,33.333333333333336,66.66666666666667,0.0
30.0,30.0,0.0,0,,76,c013,60.0,50.0,50.0,0.0
5.0,45.0,0.0,4,38.5,66,c013,50.0,10.0,90.0,0.0
15.0,0.0,0.0,0,,31,c013,15.0,100.0,0.0,0.0
30.0,10.0,0.0,0,,56,c013,40.0,75.0,25.0,0.0
30.0,15.0,0.0,0,,76,c013,45.0,66.66666666666667,33.333333333333336,0.0
30.0,0.0,0.0,0,,46,c013,30.0,100.0,0.0,0.0
15.0,0.0,0.0,0,,31,c013,15.0,100.0,0.0,0.0
0.0,45.0,0.0,0,,61,c013,45.0,0.0,100.0,0.0
0.0,30.0,0.0,0,,46,c013,30.0,0.0,100.0,0.0
45.0,30.0,0.0,0,,121,c013,75.0,60.0,40.0,0.0
90.0,70.0,0.0,0,,190,c013,160.0,56.25,43.75,0.0
0.0,30.0,0.0,0,,51,c013,30.0,0.0,100.0,0.0
0.0,25.0,0.0,0,,41,c013,25.0,0.0,100.0,0.0
25.0,0.0,0.0,0,,41,c013,25.0,100.0,0.0,0.0
75.0,60.0,15.0,0,,165,c013,150.0,50.0,40.0,10.0
60.0,90.0,0.0,0,,175,c013,150.0,40.0,60.0,0.0
15.0,40.0,0.0,0,,56,c013,55.0,27.272727272727273,72.72727272727273,0.0
0.0,40.0,15.0,0,,56,c013,55.0,0.0,72.72727272727273,27.272727272727273
0.0,80.0,0.0,0,,96,c013,80.0,0.0,100.0,0.0
30.0,10.0,0.0,0,,56,c013,40.0,75.0,25.0,0.0
60.0,60.0,0.0,0,,185,c013,120.0,50.0,50.0,0.0
40.0,45.0,0.0,0,,116,c013,85.0,47.05882352941177,52.94117647058823,0.0
5.0,45.0,0.0,0,,66,c013,50.0,10.0,90.0,0.0
30.0,15.0,0.0,0,,61,c013,45.0,66.66666666666667,33.333333333333336,0.0
45.0,30.0,0.0,0,,121,c013,75.0,60.0,40.0,0.0
30.0,45.0,0.0,0,,121,c013,75.0,40.0,60.0,0.0
30.0,30.0,0.0,0,,81,c013,60.0,50.0,50.0,0.0
30.0,40.0,0.0,0,,86,c013,70.0,42.857142857142854,57.142857142857146,0.0
15.0,60.0,15.0,4,26.0,106,c013,90.0,16.666666666666668,66.66666666666667,16.666666666666668
55.0,75.0,0.0,4,28.5,175,c013,130.0,42.30769230769231,57.69230769230769,0.0
20.0,0.0,0.0,0,,36,c013,20.0,100.0,0.0,0.0
0.0,60.0,0.0,0,,86,c013,60.0,0.0,100.0,0.0
60.0,60.0,0.0,0,,165,c013,120.0,50.0,50.0,0.0
40.0,30.0,0.0,0,,71,c013,70.0,57.142857142857146,42.857142857142854,0.0
30.0,15.0,0.0,0,,46,c013,45.0,66.66666666666667,33.333333333333336,0.0
10.0,45.0,0.0,0,,71,c013,55.0,18.181818181818183,81.81818181818181,0.0
0.0,40.0,0.0,0,,56,c013,40.0,0.0,100.0,0.0
70.0,105.0,0.0,0,,235,c013,175.0,40.0,60.0,0.0
30.0,0.0,0.0,0,,46,c013,30.0,100.0,0.0,0.0
30.0,0.0,0.0,0,,51,c013,30.0,100.0,0.0,0.0
20.0,0.0,0.0,0,,36,c013,20.0,100.0,0.0,0.0
105.0,125.0,15.0,0,,275,c013,245.0,42.857142857142854,51.02040816326531,6.122448979591836
0.0,30.0,0.0,0,,51,c013,30.0,0.0,100.0,0.0
90.0,145.0,15.0,0,,280,c013,250.0,36.0,58.0,6.0
40.0,30.0,0.0,2,34.5,116,c013,70.0,57.142857142857146,42.857142857142854,0.0
0.0,40.0,0.0,4,101.0,56,c013,40.0,0.0,100.0,0.0
40.0,75.0,0.0,4,34.5,160,c013,115.0,34.78260869565217,65.21739130434783,0.0
30.0,50.0,0.0,1,95.0,81,c013,80.0,37.5,62.5,0.0
30.0,45.0,0.0,0,,101,c013,75.0,40.0,60.0,0.0
30.0,20.0,0.0,3,74.66666666666667,66,c013,50.0,60.0,40.0,0.0
0.0,30.0,0.0,4,35.25,51,c013,30.0,0.0,100.0,0.0
0.0,40.0,0.0,4,58.5,56,c013,40.0,0.0,100.0,0.0
45.0,65.0,0.0,0,,140,c013,110.0,40.90909090909091,59.09090909090909,0.0
30.0,65.0,0.0,0,,125,c013,95.0,31.57894736842105,68.42105263157895,0.0
0.0,40.0,0.0,0,,56,c013,40.0,0.0,100.0,0.0
60.0,160.0,0.0,0,,265,c013,220.0,27.272727272727273,72.72727272727273,0.0
15.0,45.0,0.0,0,,76,c013,60.0,25.0,75.0,0.0
0.0,25.0,0.0,0,,41,c013,25.0,0.0,100.0,0.0
5.0,45.0,0.0,0,,66,c013,50.0,10.0,90.0,0.0
120.0,165.0,15.0,0,,360,c013,300.0,40.0,55.0,5.0
0.0,25.0,0.0,0,,41,c013,25.0,0.0,100.0,0.0
30.0,0.0,0.0,0,,46,c013,30.0,100.0,0.0,0.0
90.0,85.0,0.0,0,,250,c013,175.0,51.42857142857143,48.57142857142857,0.0
60.0,65.0,0.0,0,,185,c013,125.0,48.0,52.0,0.0
30.0,25.0,0.0,0,,71,c013,55.0,54.54545454545455,45.45454545454545,0.0
0.0,25.0,0.0,0,,41,c013,25.0,0.0,100.0,0.0
0.0,25.0,0.0,2,40.5,41,c013,25.0,0.0,100.0,0.0
5.0,45.0,0.0,4,64.25,66,c013,50.0,10.0,90.0,0.0
30.0,15.0,0.0,4,41.0,61,c013,45.0,66.66666666666667,33.333333333333336,0.0
45.0,60.0,0.0,0,,121,c013,105.0,42.857142857142854,57.142857142857146,0.0
30.0,45.0,0.0,0,,76,c013,75.0,40.0,60.0,0.0
30.0,0.0,0.0,0,,51,c013,30.0,100.0,0.0,0.0
30.0,45.0,15.0,0,,106,c013,90.0,33.333333333333336,50.0,16.666666666666668
25.0,45.0,0.0,0,,86,c013,70.0,35.714285714285715,64.28571428571429,0.0
90.0,150.0,0.0,0,,300,c013,240.0,37.5,62.5,0.0
10.0,45.0,0.0,0,,71,c013,55.0,18.181818181818183,81.81818181818181,0.0
30.0,25.0,15.0,4,100.75,71,c013,70.0,42.857142857142854,35.714285714285715,21.428571428571427
35.0,15.0,0.0,0,,66,c013,50.0,70.0,30.0,0.0
45.0,45.0,15.0,0,,106,c013,105.0,42.857142857142854,42.857142857142854,14.285714285714286
30.0,15.0,0.0,0,,51,c013,45.0,66.66666666666667,33.333333333333336,0.0
30.0,35.0,0.0,0,,66,c013,65.0,46.15384615384615,53.84615384615385,0.0
90.0,45.0,0.0,0,,195,c013,135.0,66.66666666666667,33.333333333333336,0.0
60.0,105.0,0.0,0,,195,c013,165.0,36.36363636363637,63.63636363636363,0.0
10.0,45.0,0.0,0,,71,c013,55.0,18.181818181818183,81.81818181818181,0.0
90.0,80.0,0.0,3,86.0,245,c013,170.0,52.94117647058823,47.05882352941177,0.0
30.0,15.0,0.0,0,,51,c013,45.0,66.66666666666667,33.333333333333336,0.0
30.0,30.0,0.0,0,,76,c013,60.0,50.0,50.0,0.0
65.0,45.0,0.0,0,,140,c013,110.0,59.09090909090909,40.90909090909091,0.0
30.0,45.0,15.0,0,,111,c013,90.0,33.333333333333336,50.0,16.666666666666668
15.0,105.0,15.0,0,,150,c013,135.0,11.11111111111111,77.77777777777777,11.11111111111111
30.0,0.0,0.0,3,92.33333333333333,46,c013,30.0,100.0,0.0,0.0
95.0,90.0,15.0,4,34.75,245,c013,200.0,47.5,45.0,7.5
75.0,105.0,15.0,3,114.66666666666667,225,c013,195.0,38.46153846153846,53.84615384615385,7.6923076923076925
30.0,15.0,0.0,1,35.0,51,c013,45.0,66.66666666666667,33.333333333333336,0.0
75.0,50.0,0.0,4,79.0,170,c013,125.0,60.0,40.0,0.0
30.0,30.0,0.0,1,124.0,61,c013,60.0,50.0,50.0,0.0
75.0,90.0,15.0,1,33.0,180,c013,180.0,41.666666666666664,50.0,8.333333333333334
0.0,30.0,0.0,0,,51,c013,30.0,0.0,100.0,0.0
20.0,30.0,0.0,4,95.0,66,c013,50.0,40.0,60.0,0.0
55.0,45.0,15.0,3,35.0,130,c013,115.0,47.82608695652174,39.130434782608695,13.043478260869565
0.0,25.0,0.0,0,,41,c013,25.0,0.0,100.0,0.0
25.0,0.0,0.0,0,,41,c013,25.0,100.0,0.0,0.0
30.0,10.0,0.0,0,,56,c013,40.0,75.0,25.0,0.0
30.0,20.0,15.0,0,,66,c013,65.0,46.15384615384615,30.76923076923077,23.076923076923077
45.0,60.0,15.0,0,,135,c013,120.0,37.5,50.0,12.5
0.0,90.0,0.0,0,,121,c013,90.0,0.0,100.0,0.0
30.0,15.0,0.0,4,86.5,61,c013,45.0,66.66666666666667,33.333333333333336,0.0
75.0,90.0,15.0,3,67.33333333333333,195,c013,180.0,41.666666666666664,50.0,8.333333333333334
0.0,40.0,0.0,0,,56,c013,40.0,0.0,100.0,0.0
30.0,0.0,0.0,0,,46,c013,30.0,100.0,0.0,0.0
60.0,75.0,0.0,0,,165,c013,135.0,44.44444444444444,55.55555555555556,0.0
30.0,65.0,0.0,0,,96,c013,95.0,31.57894736842105,68.42105263157895,0.0
0.0,30.0,0.0,0,,31,c013,30.0,0.0,100.0,0.0
15.0,15.0,0.0,0,,31,c013,30.0,50.0,50.0,0.0
0.0,20.0,0.0,3,66.33333333333333,36,c013,20.0,0.0,100.0,0.0
40.0,30.0,0.0,4,102.0,116,c013,70.0,57.142857142857146,42.857142857142854,0.0
60.0,90.0,5.0,1,120.0,200,c013,155.0,38.70967741935484,58.064516129032256,3.225806451612903
0.0,50.0,0.0,4,32.75,66,c013,50.0,0.0,100.0,0.0
30.0,10.0,0.0,3,35.0,56,c013,40.0,75.0,25.0,0.0
70.0,30.0,0.0,4,35.0,145,c013,100.0,70.0,30.0,0.0
0.0,50.0,0.0,4,31.5,66,c013,50.0,0.0,100.0,0.0
10.0,45.0,0.0,0,,71,c013,55.0,18.181818181818183,81.81818181818181,0.0
45.0,120.0,0.0,0,,230,c013,165.0,27.272727272727273,72.72727272727273,0.0
30.0,40.0,0.0,0,,86,c013,70.0,42.857142857142854,57.142857142857146,0.0
10.0,45.0,0.0,4,30.0,71,c013,55.0,18.181818181818183,81.81818181818181,0.0
30.0,0.0,0.0,0,,51,c013,30.0,100.0,0.0,0.0
60.0,75.0,5.0,3,45.666666666666664,200,c013,140.0,42.857142857142854,53.57142857142857,3.5714285714285716
30.0,25.0,0.0,3,40.333333333333336,71,c013,55.0,54.54545454545455,45.45454545454545,0.0
25.0,15.0,0.0,1,34.0,41,c013,40.0,62.5,37.5,0.0
45.0,60.0,15.0,3,35.0,135,c013,120.0,37.5,50.0,12.5
30.0,80.0,15.0,1,35.0,125,c013,125.0,24.0,64.0,12.0
0.0,15.0,0.0,4,91.5,31,c013,15.0,0.0,100.0,0.0
15.0,45.0,0.0,3,42.0,76,c013,60.0,25.0,75.0,0.0
30.0,15.0,0.0,0,,61,c013,45.0,66.66666666666667,33.333333333333336,0.0
60.0,75.0,0.0,0,,205,c013,135.0,44.44444444444444,55.55555555555556,0.0
30.0,0.0,0.0,0,,46,c013,30.0,100.0,0.0,0.0
0.0,40.0,0.0,4,47.0,56,c013,40.0,0.0,100.0,0.0
105.0,150.0,45.0,0,,315,c013,300.0,35.0,50.0,15.0
30.0,60.0,0.0,1,60.0,106,c013,90.0,33.333333333333336,66.66666666666667,0.0
15.0,15.0,0.0,3,89.33333333333333,51,c013,30.0,50.0,50.0,0.0
0.0,45.0,0.0,4,55.75,61,c013,45.0,0.0,100.0,0.0
0.0,45.0,0.0,4,37.75,61,c013,45.0,0.0,100.0,0.0
60.0,90.0,15.0,4,44.25,195,c013,165.0,36.36363636363637,54.54545454545455,9.090909090909092
65.0,60.0,0.0,0,,140,c013,125.0,52.0,48.0,0.0
15.0,60.0,0.0,0,,91,c013,75.0,20.0,80.0,0.0
5.0,45.0,0.0,2,44.5,66,c013,50.0,10.0,90.0,0.0
15.0,0.0,0.0,2,116.0,31,c013,15.0,100.0,0.0,0.0
30.0,30.0,0.0,2,85.5,81,c013,60.0,50.0,50.0,0.0
30.0,30.0,0.0,4,39.25,91,c013,60.0,50.0,50.0,0.0
30.0,40.0,0.0,1,33.0,71,c013,70.0,42.857142857142854,57.142857142857146,0.0
0.0,55.0,0.0,4,71.0,71,c013,55.0,0.0,100.0,0.0
30.0,0.0,0.0,4,111.0,51,c013,30.0,100.0,0.0,0.0
75.0,70.0,0.0,3,46.333333333333336,175,c013,145.0,51.724137931034484,48.275862068965516,0.0
15.0,25.0,0.0,3,35.666666666666664,56,c013,40.0,37.5,62.5,0.0
0.0,30.0,0.0,4,34.5,51,c013,30.0,0.0,100.0,0.0
60.0,45.0,0.0,3,37.666666666666664,135,c013,105.0,57.142857142857146,42.857142857142854,0.0
30.0,45.0,0.0,1,34.0,96,c013,75.0,40.0,60.0,0.0
30.0,45.0,0.0,1,33.0,101,c013,75.0,40.0,60.0,0.0
0.0,45.0,0.0,1,124.0,51,c013,45.0,0.0,100.0,0.0
30.0,15.0,0.0,4,61.75,61,c014,45.0,66.66666666666667,33.333333333333336,0.0
15.0,30.0,0.0,1,44.0,51,c014,45.0,33.333333333333336,66.66666666666667,0.0
30.0,10.0,0.0,4,25.0,56,c014,40.0,75.0,25.0,0.0
50.0,45.0,0.0,3,25.0,125,c014,95.0,52.63157894736842,47.36842105263158,0.0
0.0,45.0,0.0,5,24.0,61,c014,45.0,0.0,100.0,0.0
15.0,45.0,0.0,4,23.25,76,c014,60.0,25.0,75.0,0.0
75.0,100.0,0.0,5,23.4,250,c014,175.0,42.857142857142854,57.142857142857146,0.0
0.0,45.0,0.0,4,23.25,61,c014,45.0,0.0,100.0,0.0
75.0,60.0,5.0,4,57.75,200,c014,140.0,53.57142857142857,42.857142857142854,3.5714285714285716
30.0,25.0,0.0,1,24.0,56,c014,55.0,54.54545454545455,45.45454545454545,0.0
30.0,25.0,0.0,1,124.0,56,c014,55.0,54.54545454545455,45.45454545454545,0.0
30.0,45.0,10.0,5,24.6,101,c014,85.0,35.294117647058826,52.94117647058823,11.764705882352942
30.0,15.0,0.0,4,23.5,76,c014,45.0,66.66666666666667,33.333333333333336,0.0
60.0,100.0,0.0,3,23.666666666666668,220,c014,160.0,37.5,62.5,0.0
10.0,45.0,0.0,4,24.0,71,c014,55.0,18.181818181818183,81.81818181818181,0.0
15.0,45.0,0.0,3,23.0,76,c014,60.0,25.0,75.0,0.0
30.0,0.0,0.0,4,22.75,46,c014,30.0,100.0,0.0,0.0
50.0,30.0,0.0,4,47.75,125,c014,80.0,62.5,37.5,0.0
30.0,45.0,0.0,1,28.0,81,c014,75.0,40.0,60.0,0.0
30.0,50.0,0.0,4,24.75,125,c014,80.0,37.5,62.5,0.0
60.0,75.0,0.0,5,23.0,190,c014,135.0,44.44444444444444,55.55555555555556,0.0
30.0,30.0,0.0,1,34.0,61,c014,60.0,50.0,50.0,0.0
30.0,25.0,0.0,1,25.0,56,c014,55.0,54.54545454545455,45.45454545454545,0.0
5.0,45.0,0.0,4,24.5,66,c014,50.0,10.0,90.0,0.0
65.0,90.0,0.0,4,24.25,215,c014,155.0,41.935483870967744,58.064516129032256,0.0
30.0,35.0,0.0,4,23.75,81,c014,65.0,46.15384615384615,53.84615384615385,0.0
5.0,30.0,0.0,1,23.0,36,c014,35.0,14.285714285714286,85.71428571428571,0.0
0.0,40.0,0.0,4,26.75,56,c014,40.0,0.0,100.0,0.0
30.0,15.0,0.0,4,25.25,81,c014,45.0,66.66666666666667,33.333333333333336,0.0
45.0,120.0,15.0,1,24.0,190,c014,180.0,25.0,66.66666666666667,8.333333333333334
15.0,30.0,0.0,1,25.0,51,c014,45.0,33.333333333333336,66.66666666666667,0.0
25.0,45.0,0.0,7,27.428571428571427,71,c014,70.0,35.714285714285715,64.28571428571429,0.0
45.0,105.0,15.0,4,23.5,210,c014,165.0,27.272727272727273,63.63636363636363,9.090909090909092
30.0,0.0,0.0,3,24.333333333333332,51,c014,30.0,100.0,0.0,0.0
30.0,20.0,0.0,4,25.0,66,c014,50.0,60.0,40.0,0.0
30.0,0.0,0.0,4,24.0,46,c014,30.0,100.0,0.0,0.0
30.0,45.0,10.0,3,23.666666666666668,101,c014,85.0,35.294117647058826,52.94117647058823,11.764705882352942
30.0,30.0,0.0,1,23.0,61,c014,60.0,50.0,50.0,0.0
30.0,15.0,0.0,1,24.0,51,c014,45.0,66.66666666666667,33.333333333333336,0.0
30.0,30.0,0.0,1,24.0,76,c014,60.0,50.0,50.0,0.0
15.0,45.0,0.0,4,25.5,81,c014,60.0,25.0,75.0,0.0
95.0,75.0,0.0,4,30.5,245,c014,170.0,55.88235294117647,44.11764705882353,0.0
0.0,30.0,0.0,0,,46,c014,30.0,0.0,100.0,0.0
0.0,20.0,0.0,3,25.666666666666668,36,c014,20.0,0.0,100.0,0.0
30.0,15.0,0.0,4,27.25,101,c014,45.0,66.66666666666667,33.333333333333336,0.0
90.0,140.0,0.0,1,54.0,275,c014,230.0,39.130434782608695,60.869565217391305,0.0
0.0,30.0,0.0,4,27.75,51,c014,30.0,0.0,100.0,0.0
30.0,45.0,0.0,5,40.8,101,c014,75.0,40.0,60.0,0.0
20.0,0.0,0.0,4,29.75,36,c014,20.0,100.0,0.0,0.0
45.0,45.0,0.0,4,28.5,121,c014,90.0,50.0,50.0,0.0
30.0,45.0,15.0,5,24.2,106,c014,90.0,33.333333333333336,50.0,16.666666666666668
45.0,55.0,15.0,1,24.0,116,c014,115.0,39.130434782608695,47.82608695652174,13.043478260869565
30.0,25.0,0.0,5,24.4,71,c014,55.0,54.54545454545455,45.45454545454545,0.0
60.0,60.0,0.0,3,26.0,185,c014,120.0,50.0,50.0,0.0
30.0,50.0,0.0,1,24.0,81,c014,80.0,37.5,62.5,0.0
105.0,175.0,15.0,4,24.25,370,c014,295.0,35.59322033898305,59.32203389830509,5.084745762711864
5.0,45.0,0.0,4,24.5,66,c014,50.0,10.0,90.0,0.0
65.0,90.0,0.0,5,24.0,185,c014,155.0,41.935483870967744,58.064516129032256,0.0
60.0,60.0,0.0,1,26.0,175,c014,120.0,50.0,50.0,0.0
0.0,50.0,0.0,4,25.25,66,c014,50.0,0.0,100.0,0.0
30.0,0.0,0.0,4,48.0,46,c014,30.0,100.0,0.0,0.0
90.0,165.0,30.0,3,29.333333333333332,315,c014,285.0,31.57894736842105,57.89473684210526,10.526315789473685
0.0,25.0,0.0,4,26.25,41,c014,25.0,0.0,100.0,0.0
0.0,60.0,10.0,4,24.25,101,c014,70.0,0.0,85.71428571428571,14.285714285714286
60.0,60.0,0.0,4,29.75,165,c014,120.0,50.0,50.0,0.0
30.0,45.0,0.0,4,25.5,106,c014,75.0,40.0,60.0,0.0
0.0,25.0,0.0,4,26.25,41,c014,25.0,0.0,100.0,0.0
50.0,75.0,0.0,4,26.5,185,c014,125.0,40.0,60.0,0.0
30.0,45.0,0.0,1,24.0,76,c014,75.0,40.0,60.0,0.0
30.0,25.0,0.0,1,33.0,56,c014,55.0,54.54545454545455,45.45454545454545,0.0
0.0,105.0,0.0,4,27.5,135,c014,105.0,0.0,100.0,0.0
30.0,20.0,0.0,4,25.75,66,c014,50.0,60.0,40.0,0.0
30.0,10.0,0.0,3,26.333333333333332,56,c014,40.0,75.0,25.0,0.0
30.0,20.0,0.0,3,23.0,66,c014,50.0,60.0,40.0,0.0
30.0,65.0,0.0,1,23.0,96,c014,95.0,31.57894736842105,68.42105263157895,0.0
0.0,30.0,0.0,4,25.75,46,c014,30.0,0.0,100.0,0.0
0.0,40.0,0.0,5,24.4,56,c014,40.0,0.0,100.0,0.0
60.0,80.0,0.0,3,124.0,215,c014,140.0,42.857142857142854,57.142857142857146,0.0
45.0,45.0,0.0,1,32.0,121,c014,90.0,50.0,50.0,0.0
10.0,45.0,0.0,4,25.25,71,c014,55.0,18.181818181818183,81.81818181818181,0.0
25.0,0.0,0.0,5,32.8,41,c014,25.0,100.0,0.0,0.0
75.0,70.0,0.0,4,23.0,205,c014,145.0,51.724137931034484,48.275862068965516,0.0
25.0,0.0,0.0,3,24.333333333333332,41,c014,25.0,100.0,0.0,0.0
0.0,45.0,0.0,4,25.5,61,c014,45.0,0.0,100.0,0.0
105.0,150.0,30.0,7,24.571428571428573,305,c014,285.0,36.8421052631579,52.63157894736842,10.526315789473685
30.0,10.0,0.0,3,24.333333333333332,56,c014,40.0,75.0,25.0,0.0
45.0,90.0,0.0,5,27.6,180,c014,135.0,33.333333333333336,66.66666666666667,0.0
30.0,45.0,0.0,3,25.333333333333332,91,c014,75.0,40.0,60.0,0.0
30.0,35.0,0.0,1,96.0,66,c014,65.0,46.15384615384615,53.84615384615385,0.0
30.0,95.0,0.0,10,25.2,155,c014,125.0,24.0,76.0,0.0
30.0,45.0,0.0,4,43.0,111,c014,75.0,40.0,60.0,0.0
115.0,180.0,0.0,3,58.333333333333336,385,c014,295.0,38.983050847457626,61.016949152542374,0.0
0.0,20.0,0.0,3,27.666666666666668,36,c014,20.0,0.0,100.0,0.0
75.0,90.0,20.0,8,38.0,200,c014,185.0,40.54054054054054,48.648648648648646,10.81081081081081
25.0,0.0,0.0,0,,41,c014,25.0,100.0,0.0,0.0
0.0,30.0,0.0,4,30.25,46,c014,30.0,0.0,100.0,0.0
5.0,45.0,0.0,4,30.75,66,c014,50.0,10.0,90.0,0.0
15.0,45.0,0.0,4,30.5,76,c014,60.0,25.0,75.0,0.0
15.0,45.0,0.0,3,32.333333333333336,76,c014,60.0,25.0,75.0,0.0
135.0,155.0,15.0,4,35.5,410,c014,305.0,44.26229508196721,50.81967213114754,4.918032786885246
60.0,90.0,15.0,0,,215,c014,165.0,36.36363636363637,54.54545454545455,9.090909090909092
60.0,30.0,0.0,2,35.5,135,c014,90.0,66.66666666666667,33.333333333333336,0.0
15.0,45.0,0.0,4,27.5,76,c014,60.0,25.0,75.0,0.0
90.0,95.0,0.0,3,28.666666666666668,230,c014,185.0,48.648648648648646,51.351351351351354,0.0
20.0,0.0,0.0,2,31.0,36,c014,20.0,100.0,0.0,0.0
0.0,45.0,0.0,4,29.0,61,c014,45.0,0.0,100.0,0.0
30.0,35.0,0.0,3,33.666666666666664,81,c014,65.0,46.15384615384615,53.84615384615385,0.0
60.0,60.0,0.0,1,49.0,150,c014,120.0,50.0,50.0,0.0
40.0,60.0,0.0,1,32.0,116,c014,100.0,40.0,60.0,0.0
15.0,45.0,0.0,5,52.4,81,c014,60.0,25.0,75.0,0.0
115.0,135.0,15.0,6,93.16666666666667,325,c014,265.0,43.39622641509434,50.943396226415096,5.660377358490566
30.0,10.0,0.0,4,27.25,56,c014,40.0,75.0,25.0,0.0
30.0,30.0,0.0,4,27.75,106,c014,60.0,50.0,50.0,0.0
30.0,35.0,0.0,3,31.666666666666668,111,c014,65.0,46.15384615384615,53.84615384615385,0.0
15.0,75.0,0.0,1,29.0,91,c014,90.0,16.666666666666668,83.33333333333333,0.0
15.0,80.0,0.0,0,,125,c014,95.0,15.789473684210526,84.21052631578948,0.0
60.0,75.0,15.0,4,50.75,170,c014,150.0,40.0,50.0,10.0
30.0,55.0,15.0,3,31.666666666666668,116,c014,100.0,30.0,55.0,15.0
30.0,50.0,0.0,1,35.0,81,c014,80.0,37.5,62.5,0.0
25.0,0.0,0.0,0,,41,c014,25.0,100.0,0.0,0.0
90.0,105.0,0.0,0,,255,c014,195.0,46.15384615384615,53.84615384615385,0.0
15.0,45.0,0.0,0,,61,c014,60.0,25.0,75.0,0.0
0.0,100.0,0.0,4,29.25,116,c014,100.0,0.0,100.0,0.0
120.0,140.0,15.0,2,34.5,335,c014,275.0,43.63636363636363,50.90909090909091,5.454545454545454
0.0,25.0,0.0,4,47.75,41,c014,25.0,0.0,100.0,0.0
10.0,45.0,0.0,4,54.25,71,c014,55.0,18.181818181818183,81.81818181818181,0.0
60.0,50.0,0.0,3,28.0,155,c014,110.0,54.54545454545455,45.45454545454545,0.0
70.0,45.0,15.0,6,27.833333333333332,160,c014,130.0,53.84615384615385,34.61538461538461,11.538461538461538
30.0,0.0,0.0,2,30.5,51,c014,30.0,100.0,0.0,0.0
0.0,85.0,0.0,4,26.5,116,c014,85.0,0.0,100.0,0.0
50.0,60.0,0.0,5,26.8,140,c014,110.0,45.45454545454545,54.54545454545455,0.0
60.0,90.0,0.0,1,27.0,180,c014,150.0,40.0,60.0,0.0
30.0,30.0,0.0,3,25.666666666666668,101,c014,60.0,50.0,50.0,0.0
30.0,45.0,0.0,1,26.0,91,c014,75.0,40.0,60.0,0.0
60.0,95.0,0.0,1,40.0,170,c014,155.0,38.70967741935484,61.29032258064516,0.0
30.0,45.0,15.0,0,,111,c014,90.0,33.333333333333336,50.0,16.666666666666668
85.0,90.0,15.0,4,41.75,235,c014,190.0,44.73684210526316,47.36842105263158,7.894736842105263
45.0,60.0,0.0,1,29.0,135,c014,105.0,42.857142857142854,57.142857142857146,0.0
30.0,45.0,10.0,4,35.0,101,c014,85.0,35.294117647058826,52.94117647058823,11.764705882352942
30.0,35.0,0.0,4,27.0,81,c014,65.0,46.15384615384615,53.84615384615385,0.0
30.0,45.0,0.0,1,28.0,106,c014,75.0,40.0,60.0,0.0
30.0,30.0,0.0,1,104.0,86,c014,60.0,50.0,50.0,0.0
0.0,40.0,0.0,1,34.0,41,c014,40.0,0.0,100.0,0.0
0.0,40.0,15.0,6,28.166666666666668,56,c014,55.0,0.0,72.72727272727273,27.272727272727273
60.0,90.0,15.0,5,25.4,180,c014,165.0,36.36363636363637,54.54545454545455,9.090909090909092
60.0,60.0,0.0,1,31.0,165,c014,120.0,50.0,50.0,0.0
50.0,60.0,0.0,4,27.5,155,c014,110.0,45.45454545454545,54.54545454545455,0.0
60.0,90.0,0.0,0,,165,c014,150.0,40.0,60.0,0.0
0.0,45.0,0.0,4,25.5,61,c014,45.0,0.0,100.0,0.0
60.0,65.0,0.0,5,24.4,155,c014,125.0,48.0,52.0,0.0
60.0,30.0,0.0,4,28.25,135,c014,90.0,66.66666666666667,33.333333333333336,0.0
0.0,45.0,0.0,3,28.0,61,c014,45.0,0.0,100.0,0.0
30.0,0.0,0.0,3,26.0,46,c014,30.0,100.0,0.0,0.0
75.0,120.0,0.0,4,32.5,255,c014,195.0,38.46153846153846,61.53846153846154,0.0
60.0,135.0,0.0,4,29.25,285,c014,195.0,30.76923076923077,69.23076923076923,0.0
30.0,45.0,0.0,1,30.0,101,c014,75.0,40.0,60.0,0.0
50.0,45.0,0.0,3,25.666666666666668,125,c014,95.0,52.63157894736842,47.36842105263158,0.0
35.0,45.0,0.0,3,27.0,111,c014,80.0,43.75,56.25,0.0
30.0,15.0,0.0,0,,51,c014,45.0,66.66666666666667,33.333333333333336,0.0
15.0,45.0,15.0,6,27.833333333333332,76,c014,75.0,20.0,60.0,20.0
90.0,145.0,30.0,4,27.75,280,c014,265.0,33.9622641509434,54.716981132075475,11.320754716981131
0.0,25.0,0.0,0,,26,c014,25.0,0.0,100.0,0.0
30.0,55.0,15.0,4,57.5,116,c014,100.0,30.0,55.0,15.0
90.0,120.0,0.0,3,41.333333333333336,280,c014,210.0,42.857142857142854,57.142857142857146,0.0
15.0,60.0,15.0,6,27.0,91,c014,90.0,16.666666666666668,66.66666666666667,16.666666666666668
60.0,95.0,15.0,4,28.75,230,c014,170.0,35.294117647058826,55.88235294117647,8.823529411764707
45.0,75.0,0.0,4,32.25,150,c014,120.0,37.5,62.5,0.0
0.0,30.0,0.0,3,26.666666666666668,51,c014,30.0,0.0,100.0,0.0
15.0,30.0,0.0,0,,86,c014,45.0,33.333333333333336,66.66666666666667,0.0
30.0,25.0,0.0,0,,71,c014,55.0,54.54545454545455,45.45454545454545,0.0
75.0,60.0,0.0,0,,180,c014,135.0,55.55555555555556,44.44444444444444,0.0
15.0,45.0,0.0,3,28.0,76,c014,60.0,25.0,75.0,0.0
60.0,75.0,15.0,3,47.333333333333336,165,c014,150.0,40.0,50.0,10.0
30.0,45.0,0.0,1,31.0,81,c014,75.0,40.0,60.0,0.0
30.0,0.0,0.0,0,,51,c014,30.0,100.0,0.0,0.0
5.0,45.0,0.0,0,,66,c014,50.0,10.0,90.0,0.0
60.0,55.0,0.0,0,,145,c014,115.0,52.17391304347826,47.82608695652174,0.0
60.0,90.0,0.0,0,,210,c014,150.0,40.0,60.0,0.0
15.0,80.0,0.0,0,,111,c014,95.0,15.789473684210526,84.21052631578948,0.0
30.0,60.0,15.0,0,,121,c014,105.0,28.571428571428573,57.142857142857146,14.285714285714286
70.0,120.0,15.0,0,,235,c014,205.0,34.146341463414636,58.53658536585366,7.317073170731708
0.0,40.0,0.0,0,,56,c014,40.0,0.0,100.0,0.0
50.0,75.0,15.0,0,,155,c014,140.0,35.714285714285715,53.57142857142857,10.714285714285714
45.0,40.0,0.0,0,,86,c014,85.0,52.94117647058823,47.05882352941177,0.0
25.0,15.0,0.0,0,,41,c014,40.0,62.5,37.5,0.0
60.0,75.0,0.0,0,,195,c014,135.0,44.44444444444444,55.55555555555556,0.0
60.0,50.0,0.0,0,,140,c014,110.0,54.54545454545455,45.45454545454545,0.0
0.0,40.0,0.0,0,,56,c014,40.0,0.0,100.0,0.0
30.0,0.0,0.0,0,,46,c014,30.0,100.0,0.0,0.0
30.0,0.0,0.0,0,,51,c014,30.0,100.0,0.0,0.0
45.0,40.0,0.0,0,,86,c014,85.0,52.94117647058823,47.05882352941177,0.0
30.0,15.0,0.0,0,,46,c014,45.0,66.66666666666667,33.333333333333336,0.0
5.0,45.0,0.0,0,,66,c014,50.0,10.0,90.0,0.0
30.0,20.0,0.0,0,,66,c014,50.0,60.0,40.0,0.0
75.0,105.0,0.0,0,,225,c014,180.0,41.666666666666664,58.333333333333336,0.0
0.0,40.0,0.0,0,,56,c014,40.0,0.0,100.0,0.0
65.0,105.0,15.0,0,,230,c014,185.0,35.13513513513514,56.75675675675676,8.108108108108109
30.0,45.0,0.0,0,,111,c014,75.0,40.0,60.0,0.0
60.0,100.0,0.0,0,,190,c014,160.0,37.5,62.5,0.0
30.0,35.0,0.0,0,,66,c014,65.0,46.15384615384615,53.84615384615385,0.0
30.0,25.0,0.0,0,,56,c014,55.0,54.54545454545455,45.45454545454545,0.0
0.0,30.0,0.0,0,,51,c014,30.0,0.0,100.0,0.0
60.0,90.0,15.0,0,,210,c014,165.0,36.36363636363637,54.54545454545455,9.090909090909092
60.0,65.0,0.0,0,,155,c014,125.0,48.0,52.0,0.0
65.0,120.0,15.0,0,,230,c014,200.0,32.5,60.0,7.5
30.0,30.0,0.0,0,,81,c014,60.0,50.0,50.0,0.0
30.0,0.0,0.0,0,,51,c014,30.0,100.0,0.0,0.0
30.0,30.0,0.0,0,,91,c014,60.0,50.0,50.0,0.0
80.0,105.0,0.0,0,,230,c014,185.0,43.24324324324324,56.75675675675676,0.0
45.0,90.0,15.0,0,,190,c014,150.0,30.0,60.0,10.0
30.0,25.0,0.0,0,,86,c014,55.0,54.54545454545455,45.45454545454545,0.0
45.0,60.0,15.0,0,,135,c014,120.0,37.5,50.0,12.5
95.0,90.0,0.0,0,,245,c014,185.0,51.351351351351354,48.648648648648646,0.0
30.0,45.0,0.0,0,,106,c014,75.0,40.0,60.0,0.0
60.0,80.0,0.0,0,,185,c014,140.0,42.857142857142854,57.142857142857146,0.0
30.0,35.0,0.0,0,,111,c014,65.0,46.15384615384615,53.84615384615385,0.0
30.0,15.0,0.0,0,,61,c014,45.0,66.66666666666667,33.333333333333336,0.0
70.0,60.0,0.0,0,,190,c014,130.0,53.84615384615385,46.15384615384615,0.0
0.0,40.0,0.0,0,,56,c014,40.0,0.0,100.0,0.0
60.0,70.0,0.0,0,,160,c014,130.0,46.15384615384615,53.84615384615385,0.0
75.0,60.0,5.0,0,,200,c014,140.0,53.57142857142857,42.857142857142854,3.5714285714285716
30.0,25.0,0.0,0,,71,c014,55.0,54.54545454545455,45.45454545454545,0.0
75.0,60.0,0.0,0,,195,c014,135.0,55.55555555555556,44.44444444444444,0.0
0.0,45.0,0.0,0,,66,c014,45.0,0.0,100.0,0.0
120.0,150.0,15.0,5,25.8,355,c014,285.0,42.10526315789474,52.63157894736842,5.2631578947368425
30.0,0.0,0.0,4,27.75,46,c014,30.0,100.0,0.0,0.0
65.0,45.0,0.0,4,25.5,140,c014,110.0,59.09090909090909,40.90909090909091,0.0
30.0,20.0,0.0,0,,66,c014,50.0,60.0,40.0,0.0
30.0,30.0,0.0,0,,76,c014,60.0,50.0,50.0,0.0
0.0,30.0,0.0,4,31.0,51,c014,30.0,0.0,100.0,0.0
0.0,45.0,0.0,1,26.0,61,c014,45.0,0.0,100.0,0.0
30.0,10.0,0.0,0,,56,c014,40.0,75.0,25.0,0.0
60.0,115.0,0.0,1,25.0,220,c014,175.0,34.285714285714285,65.71428571428571,0.0
45.0,60.0,0.0,0,,121,c014,105.0,42.857142857142854,57.142857142857146,0.0
0.0,30.0,0.0,0,,46,c014,30.0,0.0,100.0,0.0
90.0,120.0,30.0,1,34.0,285,c014,240.0,37.5,50.0,12.5
135.0,195.0,15.0,3,25.333333333333332,405,c014,345.0,39.130434782608695,56.52173913043478,4.3478260869565215
90.0,120.0,0.0,3,27.666666666666668,290,c014,210.0,42.857142857142854,57.142857142857146,0.0
30.0,0.0,0.0,4,32.5,51,c014,30.0,100.0,0.0,0.0
75.0,120.0,15.0,4,28.0,255,c014,210.0,35.714285714285715,57.142857142857146,7.142857142857143
30.0,15.0,0.0,0,,51,c014,45.0,66.66666666666667,33.333333333333336,0.0
30.0,0.0,0.0,0,,51,c014,30.0,100.0,0.0,0.0
70.0,45.0,0.0,0,,145,c014,115.0,60.869565217391305,39.130434782608695,0.0
30.0,30.0,0.0,0,,96,c014,60.0,50.0,50.0,0.0
105.0,165.0,5.0,4,27.0,350,c014,275.0,38.18181818181818,60.0,1.8181818181818181
30.0,30.0,0.0,2,30.0,76,c014,60.0,50.0,50.0,0.0
0.0,105.0,0.0,0,,135,c014,105.0,0.0,100.0,0.0
60.0,60.0,0.0,3,31.666666666666668,170,c014,120.0,50.0,50.0,0.0
70.0,30.0,0.0,2,30.5,130,c014,100.0,70.0,30.0,0.0
0.0,30.0,0.0,0,,51,c014,30.0,0.0,100.0,0.0
55.0,75.0,15.0,3,28.0,160,c014,145.0,37.93103448275862,51.724137931034484,10.344827586206897
30.0,30.0,10.0,3,27.666666666666668,101,c014,70.0,42.857142857142854,42.857142857142854,14.285714285714286
30.0,45.0,0.0,1,25.0,96,c014,75.0,40.0,60.0,0.0
0.0,30.0,0.0,1,24.0,51,c014,30.0,0.0,100.0,0.0
45.0,75.0,0.0,3,23.333333333333332,195,c014,120.0,37.5,62.5,0.0
30.0,15.0,0.0,2,39.0,61,c014,45.0,66.66666666666667,33.333333333333336,0.0
0.0,30.0,0.0,5,29.8,51,c014,30.0,0.0,100.0,0.0
30.0,100.0,0.0,0,,160,c014,130.0,23.076923076923077,76.92307692307692,0.0
90.0,100.0,0.0,0,,250,c014,190.0,47.36842105263158,52.63157894736842,0.0
0.0,30.0,0.0,4,24.0,46,c014,30.0,0.0,100.0,0.0
50.0,60.0,30.0,6,29.0,140,c014,140.0,35.714285714285715,42.857142857142854,21.428571428571427
60.0,70.0,0.0,0,,175,c014,130.0,46.15384615384615,53.84615384615385,0.0
0.0,45.0,0.0,0,,61,c014,45.0,0.0,100.0,0.0
0.0,45.0,0.0,5,26.2,61,c014,45.0,0.0,100.0,0.0
20.0,45.0,0.0,2,23.5,81,c014,65.0,30.76923076923077,69.23076923076923,0.0
45.0,90.0,15.0,4,25.75,190,c014,150.0,30.0,60.0,10.0
30.0,10.0,0.0,4,25.75,56,c014,40.0,75.0,25.0,0.0
40.0,30.0,0.0,1,28.0,71,c014,70.0,57.142857142857146,42.857142857142854,0.0
5.0,45.0,0.0,4,26.0,66,c014,50.0,10.0,90.0,0.0
15.0,15.0,0.0,3,57.666666666666664,51,c014,30.0,50.0,50.0,0.0
30.0,35.0,0.0,3,26.333333333333332,111,c014,65.0,46.15384615384615,53.84615384615385,0.0
30.0,60.0,0.0,0,,96,c014,90.0,33.333333333333336,66.66666666666667,0.0
30.0,30.0,0.0,1,26.0,61,c014,60.0,50.0,50.0,0.0
30.0,20.0,15.0,5,26.4,66,c014,65.0,46.15384615384615,30.76923076923077,23.076923076923077
60.0,150.0,0.0,3,43.333333333333336,275,c014,210.0,28.571428571428573,71.42857142857143,0.0
30.0,15.0,0.0,1,28.0,51,c014,45.0,66.66666666666667,33.333333333333336,0.0
30.0,15.0,0.0,0,,51,c014,45.0,66.66666666666667,33.333333333333336,0.0
0.0,60.0,0.0,0,,91,c014,60.0,0.0,100.0,0.0
0.0,30.0,0.0,2,64.0,51,c014,30.0,0.0,100.0,0.0
60.0,45.0,0.0,4,24.5,150,c014,105.0,57.142857142857146,42.857142857142854,0.0
30.0,35.0,0.0,0,,81,c014,65.0,46.15384615384615,53.84615384615385,0.0
30.0,45.0,0.0,0,,76,c014,75.0,40.0,60.0,0.0
0.0,30.0,0.0,5,24.6,46,c014,30.0,0.0,100.0,0.0
70.0,90.0,15.0,0,,220,c014,175.0,40.0,51.42857142857143,8.571428571428571
60.0,95.0,0.0,0,,185,c014,155.0,38.70967741935484,61.29032258064516,0.0
15.0,60.0,0.0,5,102.8,96,c014,75.0,20.0,80.0,0.0
30.0,130.0,0.0,4,24.0,190,c014,160.0,18.75,81.25,0.0
60.0,100.0,15.0,1,24.0,190,c014,175.0,34.285714285714285,57.142857142857146,8.571428571428571
30.0,30.0,0.0,1,27.0,61,c014,60.0,50.0,50.0,0.0
0.0,45.0,0.0,0,,81,c014,45.0,0.0,100.0,0.0
90.0,105.0,0.0,3,25.333333333333332,255,c014,195.0,46.15384615384615,53.84615384615385,0.0
45.0,60.0,15.0,2,25.5,135,c014,120.0,37.5,50.0,12.5
0.0,45.0,0.0,4,24.25,61,c014,45.0,0.0,100.0,0.0
30.0,60.0,15.0,3,41.666666666666664,121,c014,105.0,28.571428571428573,57.142857142857146,14.285714285714286
70.0,105.0,0.0,1,27.0,220,c014,175.0,40.0,60.0,0.0
15.0,30.0,0.0,1,35.0,51,c014,45.0,33.333333333333336,66.66666666666667,0.0
0.0,25.0,0.0,0,,41,c014,25.0,0.0,100.0,0.0
15.0,75.0,0.0,0,,121,c014,90.0,16.666666666666668,83.33333333333333,0.0
60.0,75.0,15.0,2,26.5,180,c014,150.0,40.0,50.0,10.0
30.0,20.0,0.0,3,44.333333333333336,66,c014,50.0,60.0,40.0,0.0
30.0,40.0,0.0,1,28.0,71,c014,70.0,42.857142857142854,57.142857142857146,0.0
15.0,70.0,0.0,5,34.8,116,c014,85.0,17.647058823529413,82.3529411764706,0.0
105.0,110.0,15.0,0,,275,c014,230.0,45.65217391304348,47.82608695652174,6.521739130434782
30.0,30.0,0.0,0,,61,c014,60.0,50.0,50.0,0.0
0.0,105.0,0.0,0,,121,c014,105.0,0.0,100.0,0.0
30.0,10.0,0.0,5,27.4,56,c014,40.0,75.0,25.0,0.0
45.0,95.0,15.0,6,29.5,185,c014,155.0,29.032258064516128,61.29032258064516,9.67741935483871
30.0,10.0,0.0,5,42.0,56,c014,40.0,75.0,25.0,0.0
30.0,15.0,0.0,3,32.666666666666664,81,c014,45.0,66.66666666666667,33.333333333333336,0.0
30.0,90.0,5.0,0,,200,c014,125.0,24.0,72.0,4.0
75.0,130.0,30.0,4,28.25,250,c014,235.0,31.914893617021278,55.319148936170215,12.76595744680851
105.0,220.0,30.0,1,31.0,415,c014,355.0,29.577464788732396,61.971830985915496,8.450704225352112
0.0,20.0,0.0,0,,36,c014,20.0,0.0,100.0,0.0
135.0,165.0,0.0,0,,390,c014,300.0,45.0,55.0,0.0
30.0,15.0,0.0,0,,86,c014,45.0,66.66666666666667,33.333333333333336,0.0
85.0,120.0,15.0,0,,265,c014,220.0,38.63636363636363,54.54545454545455,6.818181818181818
30.0,0.0,0.0,0,,51,c014,30.0,100.0,0.0,0.0
55.0,30.0,0.0,1,25.0,130,c014,85.0,64.70588235294117,35.294117647058826,0.0
30.0,25.0,0.0,5,39.0,71,c014,55.0,54.54545454545455,45.45454545454545,0.0
50.0,45.0,0.0,1,27.0,125,c014,95.0,52.63157894736842,47.36842105263158,0.0
0.0,30.0,0.0,5,30.6,51,c014,30.0,0.0,100.0,0.0
105.0,190.0,15.0,0,,370,c014,310.0,33.87096774193548,61.29032258064516,4.838709677419355
70.0,75.0,15.0,5,24.8,220,c014,160.0,43.75,46.875,9.375
50.0,75.0,0.0,1,27.0,155,c014,125.0,40.0,60.0,0.0
0.0,40.0,0.0,0,,56,c014,40.0,0.0,100.0,0.0
30.0,30.0,0.0,0,,81,c014,60.0,50.0,50.0,0.0
60.0,120.0,15.0,0,,210,c014,195.0,30.76923076923077,61.53846153846154,7.6923076923076925
30.0,25.0,0.0,0,,56,c014,55.0,54.54545454545455,45.45454545454545,0.0
30.0,55.0,0.0,0,,116,c014,85.0,35.294117647058826,64.70588235294117,0.0
45.0,90.0,10.0,0,,205,c014,145.0,31.03448275862069,62.06896551724138,6.896551724137931
30.0,75.0,15.0,1,26.0,121,c014,120.0,25.0,62.5,12.5
30.0,0.0,0.0,3,26.666666666666668,46,c014,30.0,100.0,0.0,0.0
0.0,30.0,0.0,0,,46,c014,30.0,0.0,100.0,0.0
50.0,75.0,0.0,0,,170,c014,125.0,40.0,60.0,0.0
55.0,75.0,0.0,0,,160,c014,130.0,42.30769230769231,57.69230769230769,0.0
15.0,45.0,0.0,0,,91,c014,60.0,25.0,75.0,0.0
20.0,0.0,0.0,0,,36,c014,20.0,100.0,0.0,0.0
60.0,90.0,0.0,0,,190,c014,150.0,40.0,60.0,0.0
45.0,75.0,15.0,0,,135,c014,135.0,33.333333333333336,55.55555555555556,11.11111111111111
15.0,20.0,0.0,0,,36,c014,35.0,42.857142857142854,57.142857142857146,0.0
45.0,45.0,0.0,0,,121,c014,90.0,50.0,50.0,0.0
30.0,40.0,0.0,0,,71,c014,70.0,42.857142857142854,57.142857142857146,0.0
30.0,0.0,0.0,3,28.666666666666668,51,c014,30.0,100.0,0.0,0.0
45.0,105.0,20.0,2,29.0,200,c014,170.0,26.470588235294116,61.76470588235294,11.764705882352942
30.0,25.0,0.0,1,27.0,56,c014,55.0,54.54545454545455,45.45454545454545,0.0
50.0,60.0,15.0,0,,140,c014,125.0,40.0,48.0,12.0
60.0,65.0,0.0,0,,140,c014,125.0,48.0,52.0,0.0
0.0,45.0,0.0,0,,81,c014,45.0,0.0,100.0,0.0
120.0,135.0,15.0,0,,345,c014,270.0,44.44444444444444,50.0,5.555555555555555
25.0,15.0,0.0,0,,41,c014,40.0,62.5,37.5,0.0
65.0,45.0,15.0,0,,140,c014,125.0,52.0,36.0,12.0
15.0,45.0,0.0,2,27.5,106,c014,60.0,25.0,75.0,0.0
30.0,30.0,15.0,5,24.8,106,c014,75.0,40.0,40.0,20.0
90.0,75.0,0.0,3,24.666666666666668,240,c014,165.0,54.54545454545455,45.45454545454545,0.0
45.0,155.0,15.0,0,,320,c015,215.0,20.930232558139537,72.09302325581395,6.976744186046512
0.0,30.0,0.0,0,,51,c015,30.0,0.0,100.0,0.0
15.0,50.0,0.0,0,,111,c015,65.0,23.076923076923077,76.92307692307692,0.0
0.0,30.0,0.0,0,,46,c015,30.0,0.0,100.0,0.0
45.0,95.0,15.0,0,,215,c015,155.0,29.032258064516128,61.29032258064516,9.67741935483871
30.0,45.0,0.0,0,,121,c015,75.0,40.0,60.0,0.0
15.0,65.0,0.0,0,,111,c015,80.0,18.75,81.25,0.0
30.0,80.0,0.0,0,,170,c015,110.0,27.272727272727273,72.72727272727273,0.0
30.0,100.0,0.0,0,,175,c015,130.0,23.076923076923077,76.92307692307692,0.0
15.0,65.0,0.0,0,,96,c015,80.0,18.75,81.25,0.0
30.0,60.0,0.0,0,,195,c015,90.0,33.333333333333336,66.66666666666667,0.0
30.0,45.0,15.0,0,,116,c015,90.0,33.333333333333336,50.0,16.666666666666668
30.0,45.0,0.0,0,,101,c015,75.0,40.0,60.0,0.0
30.0,30.0,0.0,0,,76,c015,60.0,50.0,50.0,0.0
30.0,30.0,0.0,0,,121,c015,60.0,50.0,50.0,0.0
15.0,50.0,0.0,0,,111,c015,65.0,23.076923076923077,76.92307692307692,0.0
15.0,115.0,0.0,0,,190,c015,130.0,11.538461538461538,88.46153846153847,0.0
45.0,75.0,0.0,0,,190,c015,120.0,37.5,62.5,0.0
45.0,45.0,0.0,0,,165,c015,90.0,50.0,50.0,0.0
0.0,80.0,0.0,0,,96,c015,80.0,0.0,100.0,0.0
15.0,15.0,0.0,0,,51,c015,30.0,50.0,50.0,0.0
30.0,50.0,0.0,0,,125,c015,80.0,37.5,62.5,0.0
0.0,45.0,0.0,0,,61,c015,45.0,0.0,100.0,0.0
0.0,105.0,0.0,0,,165,c015,105.0,0.0,100.0,0.0
60.0,165.0,0.0,0,,355,c015,225.0,26.666666666666668,73.33333333333333,0.0
0.0,15.0,0.0,0,,31,c015,15.0,0.0,100.0,0.0
15.0,65.0,0.0,0,,96,c015,80.0,18.75,81.25,0.0
0.0,45.0,0.0,0,,61,c015,45.0,0.0,100.0,0.0
15.0,150.0,0.0,0,,300,c015,165.0,9.090909090909092,90.9090909090909,0.0
0.0,25.0,0.0,0,,41,c015,25.0,0.0,100.0,0.0
0.0,60.0,15.0,0,,76,c015,75.0,0.0,80.0,20.0
15.0,80.0,15.0,0,,140,c015,110.0,13.636363636363637,72.72727272727273,13.636363636363637
30.0,50.0,15.0,0,,111,c015,95.0,31.57894736842105,52.63157894736842,15.789473684210526
15.0,15.0,0.0,0,,51,c015,30.0,50.0,50.0,0.0
30.0,45.0,15.0,0,,106,c015,90.0,33.333333333333336,50.0,16.666666666666668
45.0,60.0,15.0,0,,205,c015,120.0,37.5,50.0,12.5
30.0,0.0,0.0,0,,51,c015,30.0,100.0,0.0,0.0
30.0,0.0,15.0,0,,51,c015,45.0,66.66666666666667,0.0,33.333333333333336
0.0,25.0,0.0,0,,41,c015,25.0,0.0,100.0,0.0
45.0,105.0,15.0,0,,180,c015,165.0,27.272727272727273,63.63636363636363,9.090909090909092
30.0,20.0,0.0,0,,111,c015,50.0,60.0,40.0,0.0
30.0,30.0,0.0,0,,106,c015,60.0,50.0,50.0,0.0
0.0,65.0,0.0,0,,81,c015,65.0,0.0,100.0,0.0
30.0,25.0,0.0,0,,71,c015,55.0,54.54545454545455,45.45454545454545,0.0
15.0,30.0,0.0,0,,61,c015,45.0,33.333333333333336,66.66666666666667,0.0
45.0,75.0,0.0,0,,195,c015,120.0,37.5,62.5,0.0
0.0,75.0,0.0,0,,121,c015,75.0,0.0,100.0,0.0
30.0,45.0,10.0,0,,101,c015,85.0,35.294117647058826,52.94117647058823,11.764705882352942
15.0,55.0,0.0,0,,86,c015,70.0,21.428571428571427,78.57142857142857,0.0
0.0,50.0,0.0,0,,66,c015,50.0,0.0,100.0,0.0
0.0,45.0,0.0,0,,81,c015,45.0,0.0,100.0,0.0
30.0,20.0,0.0,0,,66,c015,50.0,60.0,40.0,0.0
30.0,120.0,0.0,0,,225,c015,150.0,20.0,80.0,0.0
0.0,60.0,0.0,0,,106,c015,60.0,0.0,100.0,0.0
0.0,25.0,0.0,0,,41,c015,25.0,0.0,100.0,0.0
0.0,185.0,0.0,0,,290,c015,185.0,0.0,100.0,0.0
0.0,60.0,15.0,0,,81,c015,75.0,0.0,80.0,20.0
0.0,30.0,0.0,0,,51,c015,30.0,0.0,100.0,0.0
15.0,15.0,0.0,0,,46,c015,30.0,50.0,50.0,0.0
15.0,35.0,0.0,0,,96,c015,50.0,30.0,70.0,0.0
15.0,30.0,0.0,0,,86,c015,45.0,33.333333333333336,66.66666666666667,0.0
0.0,60.0,0.0,0,,91,c015,60.0,0.0,100.0,0.0
0.0,30.0,0.0,0,,51,c015,30.0,0.0,100.0,0.0
15.0,65.0,0.0,0,,125,c015,80.0,18.75,81.25,0.0
15.0,60.0,15.0,0,,121,c015,90.0,16.666666666666668,66.66666666666667,16.666666666666668
15.0,0.0,0.0,0,,31,c015,15.0,100.0,0.0,0.0
0.0,40.0,0.0,0,,56,c015,40.0,0.0,100.0,0.0
30.0,70.0,0.0,0,,160,c015,100.0,30.0,70.0,0.0
15.0,55.0,0.0,0,,86,c015,70.0,21.428571428571427,78.57142857142857,0.0
0.0,20.0,0.0,0,,36,c015,20.0,0.0,100.0,0.0
0.0,50.0,0.0,0,,66,c015,50.0,0.0,100.0,0.0
0.0,40.0,0.0,0,,56,c015,40.0,0.0,100.0,0.0
75.0,135.0,0.0,0,,330,c015,210.0,35.714285714285715,64.28571428571429,0.0
30.0,60.0,15.0,0,,121,c015,105.0,28.571428571428573,57.142857142857146,14.285714285714286
15.0,50.0,0.0,0,,66,c015,65.0,23.076923076923077,76.92307692307692,0.0
15.0,15.0,0.0,0,,46,c015,30.0,50.0,50.0,0.0
30.0,15.0,0.0,0,,71,c015,45.0,66.66666666666667,33.333333333333336,0.0
0.0,40.0,0.0,0,,56,c015,40.0,0.0,100.0,0.0
15.0,45.0,15.0,0,,101,c015,75.0,20.0,60.0,20.0
30.0,65.0,0.0,0,,140,c015,95.0,31.57894736842105,68.42105263157895,0.0
30.0,20.0,0.0,0,,66,c015,50.0,60.0,40.0,0.0
15.0,140.0,0.0,0,,230,c015,155.0,9.67741935483871,90.3225806451613,0.0
30.0,20.0,0.0,0,,96,c015,50.0,60.0,40.0,0.0
0.0,20.0,0.0,0,,36,c015,20.0,0.0,100.0,0.0
25.0,45.0,15.0,0,,86,c015,85.0,29.41176470588235,52.94117647058823,17.647058823529413
30.0,20.0,0.0,0,,66,c015,50.0,60.0,40.0,0.0
40.0,75.0,15.0,0,,145,c015,130.0,30.76923076923077,57.69230769230769,11.538461538461538
15.0,15.0,0.0,0,,51,c015,30.0,50.0,50.0,0.0
5.0,45.0,0.0,0,,66,c015,50.0,10.0,90.0,0.0
45.0,35.0,0.0,0,,140,c015,80.0,56.25,43.75,0.0
15.0,60.0,0.0,0,,106,c015,75.0,20.0,80.0,0.0
0.0,40.0,0.0,0,,56,c015,40.0,0.0,100.0,0.0
0.0,40.0,0.0,0,,56,c015,40.0,0.0,100.0,0.0
30.0,200.0,30.0,0,,275,c015,260.0,11.538461538461538,76.92307692307692,11.538461538461538
0.0,55.0,15.0,0,,71,c015,70.0,0.0,78.57142857142857,21.428571428571427
45.0,40.0,0.0,0,,160,c015,85.0,52.94117647058823,47.05882352941177,0.0
15.0,45.0,0.0,0,,76,c015,60.0,25.0,75.0,0.0
0.0,50.0,0.0,0,,66,c015,50.0,0.0,100.0,0.0
0.0,40.0,0.0,0,,56,c015,40.0,0.0,100.0,0.0
60.0,110.0,15.0,0,,290,c015,185.0,32.432432432432435,59.45945945945946,8.108108108108109
0.0,25.0,0.0,0,,41,c015,25.0,0.0,100.0,0.0
30.0,105.0,0.0,0,,255,c015,135.0,22.22222222222222,77.77777777777777,0.0
75.0,150.0,0.0,0,,360,c015,225.0,33.333333333333336,66.66666666666667,0.0
0.0,45.0,0.0,0,,61,c015,45.0,0.0,100.0,0.0
0.0,50.0,0.0,0,,66,c015,50.0,0.0,100.0,0.0
15.0,125.0,0.0,0,,230,c015,140.0,10.714285714285714,89.28571428571429,0.0
0.0,90.0,0.0,0,,160,c015,90.0,0.0,100.0,0.0
15.0,105.0,15.0,0,,225,c015,135.0,11.11111111111111,77.77777777777777,11.11111111111111
30.0,45.0,15.0,0,,106,c015,90.0,33.333333333333336,50.0,16.666666666666668
15.0,95.0,0.0,0,,155,c015,110.0,13.636363636363637,86.36363636363636,0.0
30.0,30.0,0.0,0,,76,c015,60.0,50.0,50.0,0.0
15.0,105.0,0.0,0,,180,c015,120.0,12.5,87.5,0.0
15.0,45.0,15.0,0,,76,c015,75.0,20.0,60.0,20.0
15.0,5.0,0.0,0,,36,c015,20.0,75.0,25.0,0.0
15.0,105.0,0.0,0,,210,c015,120.0,12.5,87.5,0.0
15.0,45.0,0.0,0,,91,c015,60.0,25.0,75.0,0.0
0.0,45.0,0.0,0,,86,c015,45.0,0.0,100.0,0.0
30.0,140.0,0.0,0,,260,c015,170.0,17.647058823529413,82.3529411764706,0.0
30.0,75.0,0.0,0,,150,c015,105.0,28.571428571428573,71.42857142857143,0.0
0.0,40.0,0.0,0,,56,c015,40.0,0.0,100.0,0.0
30.0,60.0,5.0,0,,200,c015,95.0,31.57894736842105,63.1578947368421,5.2631578947368425
15.0,30.0,0.0,0,,86,c015,45.0,33.333333333333336,66.66666666666667,0.0
45.0,90.0,15.0,0,,250,c015,150.0,30.0,60.0,10.0
30.0,30.0,0.0,0,,76,c015,60.0,50.0,50.0,0.0
0.0,40.0,0.0,0,,56,c015,40.0,0.0,100.0,0.0
45.0,90.0,10.0,0,,205,c015,145.0,31.03448275862069,62.06896551724138,6.896551724137931
30.0,55.0,0.0,0,,130,c015,85.0,35.294117647058826,64.70588235294117,0.0
0.0,40.0,15.0,1,117.0,56,c015,55.0,0.0,72.72727272727273,27.272727272727273
0.0,5.0,0.0,0,,6,c015,5.0,0.0,100.0,0.0
30.0,45.0,0.0,0,,121,c015,75.0,40.0,60.0,0.0
0.0,90.0,0.0,0,,121,c015,90.0,0.0,100.0,0.0
0.0,60.0,0.0,0,,76,c015,60.0,0.0,100.0,0.0
0.0,40.0,0.0,0,,56,c015,40.0,0.0,100.0,0.0
45.0,90.0,5.0,0,,200,c015,140.0,32.142857142857146,64.28571428571429,3.5714285714285716
0.0,15.0,0.0,0,,31,c015,15.0,0.0,100.0,0.0
15.0,45.0,10.0,0,,101,c015,70.0,21.428571428571427,64.28571428571429,14.285714285714286
0.0,45.0,0.0,0,,61,c015,45.0,0.0,100.0,0.0
0.0,25.0,0.0,0,,41,c015,25.0,0.0,100.0,0.0
30.0,105.0,5.0,0,,200,c015,140.0,21.428571428571427,75.0,3.5714285714285716
10.0,15.0,0.0,0,,41,c015,25.0,40.0,60.0,0.0
0.0,60.0,15.0,0,,96,c015,75.0,0.0,80.0,20.0
10.0,30.0,0.0,0,,41,c015,40.0,25.0,75.0,0.0
30.0,30.0,0.0,0,,96,c015,60.0,50.0,50.0,0.0
0.0,25.0,0.0,0,,41,c015,25.0,0.0,100.0,0.0
0.0,45.0,0.0,0,,61,c015,45.0,0.0,100.0,0.0
45.0,135.0,15.0,0,,250,c015,195.0,23.076923076923077,69.23076923076923,7.6923076923076925
15.0,35.0,0.0,0,,96,c015,50.0,30.0,70.0,0.0
0.0,85.0,0.0,0,,130,c015,85.0,0.0,100.0,0.0
30.0,50.0,0.0,5,29.2,125,c016,80.0,37.5,62.5,0.0
90.0,90.0,0.0,1,35.0,240,c016,180.0,50.0,50.0,0.0
0.0,45.0,0.0,4,28.5,61,c016,45.0,0.0,100.0,0.0
15.0,45.0,0.0,4,30.75,76,c016,60.0,25.0,75.0,0.0
60.0,105.0,0.0,3,31.333333333333332,210,c016,165.0,36.36363636363637,63.63636363636363,0.0
30.0,45.0,0.0,1,31.0,91,c016,75.0,40.0,60.0,0.0
5.0,45.0,15.0,5,30.8,66,c016,65.0,7.6923076923076925,69.23076923076923,23.076923076923077
20.0,30.0,0.0,4,32.25,66,c016,50.0,40.0,60.0,0.0
60.0,75.0,0.0,3,35.333333333333336,185,c016,135.0,44.44444444444444,55.55555555555556,0.0
30.0,35.0,0.0,1,33.0,96,c016,65.0,46.15384615384615,53.84615384615385,0.0
0.0,45.0,0.0,3,31.333333333333332,61,c016,45.0,0.0,100.0,0.0
0.0,30.0,0.0,4,30.0,46,c016,30.0,0.0,100.0,0.0
30.0,30.0,10.0,4,38.0,101,c016,70.0,42.857142857142854,42.857142857142854,14.285714285714286
60.0,135.0,15.0,1,31.0,225,c016,210.0,28.571428571428573,64.28571428571429,7.142857142857143
0.0,0.0,5.0,1,60.0,6,c016,5.0,0.0,0.0,100.0
10.0,45.0,0.0,4,29.5,71,c016,55.0,18.181818181818183,81.81818181818181,0.0
60.0,90.0,5.0,4,34.75,200,c016,155.0,38.70967741935484,58.064516129032256,3.225806451612903
5.0,15.0,0.0,1,53.0,106,c016,20.0,25.0,75.0,0.0
0.0,25.0,0.0,1,35.0,26,c016,25.0,0.0,100.0,0.0
0.0,45.0,15.0,6,35.833333333333336,61,c016,60.0,0.0,75.0,25.0
5.0,45.0,0.0,4,30.5,66,c016,50.0,10.0,90.0,0.0
70.0,105.0,0.0,4,31.5,220,c016,175.0,40.0,60.0,0.0
30.0,45.0,0.0,1,34.0,101,c016,75.0,40.0,60.0,0.0
15.0,45.0,0.0,5,34.6,91,c016,60.0,25.0,75.0,0.0
45.0,30.0,0.0,4,30.25,91,c016,75.0,60.0,40.0,0.0
30.0,15.0,0.0,3,35.0,61,c016,45.0,66.66666666666667,33.333333333333336,0.0
45.0,75.0,15.0,3,32.666666666666664,150,c016,135.0,33.333333333333336,55.55555555555556,11.11111111111111
30.0,0.0,0.0,3,33.0,46,c016,30.0,100.0,0.0,0.0
5.0,45.0,0.0,4,32.0,66,c016,50.0,10.0,90.0,0.0
0.0,30.0,0.0,4,32.25,46,c016,30.0,0.0,100.0,0.0
75.0,135.0,0.0,4,34.25,255,c016,210.0,35.714285714285715,64.28571428571429,0.0
30.0,15.0,0.0,1,32.0,46,c016,45.0,66.66666666666667,33.333333333333336,0.0
0.0,55.0,0.0,4,31.0,86,c016,55.0,0.0,100.0,0.0
80.0,75.0,0.0,3,36.0,230,c016,155.0,51.61290322580645,48.38709677419355,0.0
30.0,60.0,10.0,1,128.0,101,c016,100.0,30.0,60.0,10.0
20.0,45.0,0.0,4,31.75,81,c016,65.0,30.76923076923077,69.23076923076923,0.0
65.0,120.0,15.0,4,33.0,245,c016,200.0,32.5,60.0,7.5
30.0,25.0,0.0,2,33.0,71,c016,55.0,54.54545454545455,45.45454545454545,0.0
35.0,45.0,0.0,7,31.714285714285715,81,c016,80.0,43.75,56.25,0.0
15.0,90.0,0.0,3,32.0,121,c016,105.0,14.285714285714286,85.71428571428571,0.0
50.0,90.0,15.0,1,42.0,155,c016,155.0,32.25806451612903,58.064516129032256,9.67741935483871
30.0,45.0,0.0,0,,81,c016,75.0,40.0,60.0,0.0
90.0,75.0,0.0,5,34.8,240,c016,165.0,54.54545454545455,45.45454545454545,0.0
30.0,45.0,0.0,1,123.0,106,c016,75.0,40.0,60.0,0.0
30.0,45.0,15.0,5,31.4,91,c016,90.0,33.333333333333336,50.0,16.666666666666668
60.0,45.0,0.0,5,35.6,165,c016,105.0,57.142857142857146,42.857142857142854,0.0
60.0,60.0,0.0,2,35.5,150,c016,120.0,50.0,50.0,0.0
45.0,45.0,0.0,7,32.142857142857146,91,c016,90.0,50.0,50.0,0.0
0.0,30.0,0.0,4,32.5,46,c016,30.0,0.0,100.0,0.0
75.0,120.0,15.0,4,37.25,255,c016,210.0,35.714285714285715,57.142857142857146,7.142857142857143
30.0,15.0,0.0,1,64.0,51,c016,45.0,66.66666666666667,33.333333333333336,0.0
15.0,45.0,0.0,3,36.0,76,c016,60.0,25.0,75.0,0.0
100.0,135.0,15.0,4,33.75,310,c016,250.0,40.0,54.0,6.0
5.0,45.0,0.0,4,30.0,81,c016,50.0,10.0,90.0,0.0
90.0,150.0,0.0,3,31.333333333333332,300,c016,240.0,37.5,62.5,0.0
20.0,0.0,0.0,3,35.333333333333336,36,c016,20.0,100.0,0.0,0.0
20.0,45.0,0.0,5,30.6,81,c016,65.0,30.76923076923077,69.23076923076923,0.0
60.0,70.0,0.0,1,56.0,175,c016,130.0,46.15384615384615,53.84615384615385,0.0
30.0,35.0,0.0,0,,66,c016,65.0,46.15384615384615,53.84615384615385,0.0
0.0,55.0,15.0,0,,71,c016,70.0,0.0,78.57142857142857,21.428571428571427
10.0,45.0,15.0,7,33.42857142857143,71,c016,70.0,14.285714285714286,64.28571428571429,21.428571428571427
90.0,120.0,15.0,3,33.0,290,c016,225.0,40.0,53.333333333333336,6.666666666666667
30.0,45.0,10.0,4,33.75,101,c016,85.0,35.294117647058826,52.94117647058823,11.764705882352942
0.0,20.0,0.0,3,31.0,36,c016,20.0,0.0,100.0,0.0
80.0,120.0,15.0,4,42.0,260,c016,215.0,37.2093023255814,55.81395348837209,6.976744186046512
30.0,30.0,0.0,0,,76,c016,60.0,50.0,50.0,0.0
0.0,25.0,0.0,0,,41,c016,25.0,0.0,100.0,0.0
0.0,30.0,0.0,4,48.75,46,c016,30.0,0.0,100.0,0.0
115.0,120.0,0.0,5,33.2,325,c016,235.0,48.93617021276596,51.06382978723404,0.0
25.0,45.0,0.0,7,81.85714285714286,71,c016,70.0,35.714285714285715,64.28571428571429,0.0
110.0,150.0,30.0,5,31.2,335,c016,290.0,37.93103448275862,51.724137931034484,10.344827586206897
0.0,60.0,0.0,1,33.0,106,c016,60.0,0.0,100.0,0.0
90.0,125.0,0.0,4,35.75,290,c016,215.0,41.86046511627907,58.13953488372093,0.0
0.0,45.0,0.0,5,34.0,61,c016,45.0,0.0,100.0,0.0
120.0,180.0,30.0,4,29.25,360,c016,330.0,36.36363636363637,54.54545454545455,9.090909090909092
0.0,95.0,0.0,4,29.75,125,c016,95.0,0.0,100.0,0.0
90.0,150.0,0.0,4,33.0,355,c016,240.0,37.5,62.5,0.0
0.0,70.0,0.0,4,31.5,86,c016,70.0,0.0,100.0,0.0
90.0,180.0,15.0,4,34.0,345,c016,285.0,31.57894736842105,63.1578947368421,5.2631578947368425
0.0,45.0,0.0,0,,61,c016,45.0,0.0,100.0,0.0
0.0,30.0,0.0,5,31.0,51,c016,30.0,0.0,100.0,0.0
30.0,15.0,0.0,5,31.0,61,c016,45.0,66.66666666666667,33.333333333333336,0.0
60.0,60.0,0.0,3,34.666666666666664,175,c016,120.0,50.0,50.0,0.0
25.0,0.0,0.0,3,32.666666666666664,41,c016,25.0,100.0,0.0,0.0
0.0,40.0,0.0,5,34.6,56,c016,40.0,0.0,100.0,0.0
90.0,135.0,15.0,4,34.5,295,c016,240.0,37.5,56.25,6.25
0.0,25.0,0.0,0,,41,c016,25.0,0.0,100.0,0.0
15.0,60.0,0.0,4,31.25,91,c016,75.0,20.0,80.0,0.0
60.0,135.0,0.0,4,33.25,240,c016,195.0,30.76923076923077,69.23076923076923,0.0
30.0,45.0,0.0,1,66.0,106,c016,75.0,40.0,60.0,0.0
45.0,30.0,0.0,1,47.0,96,c016,75.0,60.0,40.0,0.0
50.0,75.0,15.0,3,29.666666666666668,155,c016,140.0,35.714285714285715,53.57142857142857,10.714285714285714
30.0,45.0,0.0,3,37.666666666666664,96,c016,75.0,40.0,60.0,0.0
30.0,30.0,0.0,4,34.25,86,c016,60.0,50.0,50.0,0.0
15.0,45.0,0.0,0,,76,c016,60.0,25.0,75.0,0.0
30.0,15.0,0.0,3,30.333333333333332,61,c016,45.0,66.66666666666667,33.333333333333336,0.0
75.0,110.0,0.0,3,40.333333333333336,275,c016,185.0,40.54054054054054,59.45945945945946,0.0
15.0,55.0,0.0,3,31.666666666666668,86,c016,70.0,21.428571428571427,78.57142857142857,0.0
65.0,75.0,0.0,3,39.0,215,c016,140.0,46.42857142857143,53.57142857142857,0.0
30.0,40.0,0.0,3,38.0,86,c016,70.0,42.857142857142854,57.142857142857146,0.0
0.0,55.0,0.0,4,29.75,71,c016,55.0,0.0,100.0,0.0
60.0,75.0,15.0,3,32.0,180,c016,150.0,40.0,50.0,10.0
25.0,0.0,0.0,1,98.0,41,c016,25.0,100.0,0.0,0.0
0.0,135.0,0.0,3,28.0,150,c016,135.0,0.0,100.0,0.0
65.0,105.0,15.0,3,50.0,215,c016,185.0,35.13513513513514,56.75675675675676,8.108108108108109
30.0,0.0,0.0,2,29.0,51,c016,30.0,100.0,0.0,0.0
90.0,120.0,0.0,4,37.0,300,c016,210.0,42.857142857142854,57.142857142857146,0.0
30.0,0.0,0.0,4,31.75,46,c016,30.0,100.0,0.0,0.0
0.0,50.0,0.0,6,32.666666666666664,66,c016,50.0,0.0,100.0,0.0
25.0,0.0,0.0,0,,41,c016,25.0,100.0,0.0,0.0
75.0,60.0,0.0,0,,195,c016,135.0,55.55555555555556,44.44444444444444,0.0
30.0,15.0,0.0,0,,61,c016,45.0,66.66666666666667,33.333333333333336,0.0
0.0,25.0,0.0,3,30.0,41,c016,25.0,0.0,100.0,0.0
30.0,25.0,0.0,4,32.75,71,c016,55.0,54.54545454545455,45.45454545454545,0.0
60.0,85.0,0.0,1,34.0,160,c016,145.0,41.37931034482759,58.62068965517241,0.0
30.0,15.0,0.0,1,39.0,46,c016,45.0,66.66666666666667,33.333333333333336,0.0
0.0,25.0,0.0,4,30.25,41,c016,25.0,0.0,100.0,0.0
0.0,25.0,0.0,3,54.0,41,c016,25.0,0.0,100.0,0.0
35.0,90.0,15.0,0,,155,c016,140.0,25.0,64.28571428571429,10.714285714285714
60.0,75.0,0.0,0,,180,c016,135.0,44.44444444444444,55.55555555555556,0.0
0.0,30.0,0.0,4,31.0,46,c016,30.0,0.0,100.0,0.0
0.0,45.0,0.0,0,,61,c016,45.0,0.0,100.0,0.0
0.0,30.0,0.0,4,32.5,46,c016,30.0,0.0,100.0,0.0
90.0,105.0,0.0,4,40.75,255,c016,195.0,46.15384615384615,53.84615384615385,0.0
30.0,0.0,0.0,2,33.5,46,c016,30.0,100.0,0.0,0.0
30.0,45.0,0.0,4,31.25,91,c016,75.0,40.0,60.0,0.0
105.0,180.0,15.0,3,30.333333333333332,360,c016,300.0,35.0,60.0,5.0
0.0,30.0,0.0,3,30.333333333333332,46,c016,30.0,0.0,100.0,0.0
55.0,90.0,0.0,3,38.0,220,c016,145.0,37.93103448275862,62.06896551724138,0.0
40.0,45.0,0.0,1,34.0,116,c016,85.0,47.05882352941177,52.94117647058823,0.0
0.0,60.0,0.0,5,32.8,81,c016,60.0,0.0,100.0,0.0
0.0,20.0,0.0,4,45.5,36,c016,20.0,0.0,100.0,0.0
80.0,180.0,0.0,6,34.0,320,c016,260.0,30.76923076923077,69.23076923076923,0.0
25.0,15.0,0.0,1,34.0,41,c016,40.0,62.5,37.5,0.0
0.0,45.0,0.0,4,31.25,71,c016,45.0,0.0,100.0,0.0
75.0,135.0,0.0,5,32.2,255,c016,210.0,35.714285714285715,64.28571428571429,0.0
30.0,45.0,0.0,1,39.0,101,c016,75.0,40.0,60.0,0.0
10.0,45.0,0.0,4,45.75,71,c016,55.0,18.181818181818183,81.81818181818181,0.0
90.0,120.0,0.0,4,30.25,280,c016,210.0,42.857142857142854,57.142857142857146,0.0
30.0,15.0,0.0,1,57.0,51,c016,45.0,66.66666666666667,33.333333333333336,0.0
30.0,0.0,0.0,0,,46,c016,30.0,100.0,0.0,0.0
35.0,45.0,0.0,4,33.25,96,c016,80.0,43.75,56.25,0.0
90.0,145.0,15.0,4,33.75,295,c016,250.0,36.0,58.0,6.0
0.0,45.0,0.0,5,32.8,76,c016,45.0,0.0,100.0,0.0
85.0,105.0,0.0,4,33.25,235,c016,190.0,44.73684210526316,55.26315789473684,0.0
60.0,75.0,0.0,1,43.0,150,c016,135.0,44.44444444444444,55.55555555555556,0.0
20.0,45.0,0.0,4,31.5,81,c016,65.0,30.76923076923077,69.23076923076923,0.0
120.0,190.0,0.0,4,32.75,370,c016,310.0,38.70967741935484,61.29032258064516,0.0
5.0,45.0,0.0,0,,66,c016,50.0,10.0,90.0,0.0
0.0,30.0,0.0,0,,46,c016,30.0,0.0,100.0,0.0
125.0,150.0,15.0,0,,395,c016,290.0,43.10344827586207,51.724137931034484,5.172413793103448
0.0,30.0,0.0,0,,46,c016,30.0,0.0,100.0,0.0
0.0,60.0,0.0,0,,86,c016,60.0,0.0,100.0,0.0
30.0,10.0,0.0,0,,56,c016,40.0,75.0,25.0,0.0
60.0,90.0,0.0,0,,165,c016,150.0,40.0,60.0,0.0
30.0,45.0,0.0,0,,76,c016,75.0,40.0,60.0,0.0
0.0,45.0,0.0,0,,61,c016,45.0,0.0,100.0,0.0
90.0,135.0,0.0,0,,270,c016,225.0,40.0,60.0,0.0
30.0,55.0,0.0,0,,86,c016,85.0,35.294117647058826,64.70588235294117,0.0
0.0,30.0,0.0,0,,46,c016,30.0,0.0,100.0,0.0
90.0,120.0,15.0,0,,285,c016,225.0,40.0,53.333333333333336,6.666666666666667
30.0,20.0,0.0,0,,66,c016,50.0,60.0,40.0,0.0
60.0,85.0,15.0,0,,190,c016,160.0,37.5,53.125,9.375
30.0,35.0,0.0,0,,81,c016,65.0,46.15384615384615,53.84615384615385,0.0
30.0,45.0,15.0,0,,91,c016,90.0,33.333333333333336,50.0,16.666666666666668
15.0,45.0,0.0,0,,91,c016,60.0,25.0,75.0,0.0
30.0,25.0,0.0,0,,71,c016,55.0,54.54545454545455,45.45454545454545,0.0
30.0,20.0,15.0,0,,66,c016,65.0,46.15384615384615,30.76923076923077,23.076923076923077
30.0,45.0,0.0,0,,106,c016,75.0,40.0,60.0,0.0
5.0,45.0,0.0,0,,66,c016,50.0,10.0,90.0,0.0
105.0,120.0,15.0,0,,280,c016,240.0,43.75,50.0,6.25
0.0,30.0,0.0,0,,51,c016,30.0,0.0,100.0,0.0
0.0,20.0,0.0,0,,36,c016,20.0,0.0,100.0,0.0
75.0,120.0,0.0,0,,285,c016,195.0,38.46153846153846,61.53846153846154,0.0
30.0,30.0,0.0,0,,61,c016,60.0,50.0,50.0,0.0
120.0,150.0,15.0,0,,345,c016,285.0,42.10526315789474,52.63157894736842,5.2631578947368425
0.0,30.0,0.0,0,,51,c016,30.0,0.0,100.0,0.0
0.0,45.0,0.0,0,,61,c016,45.0,0.0,100.0,0.0
0.0,45.0,0.0,0,,61,c016,45.0,0.0,100.0,0.0
30.0,30.0,10.0,0,,101,c016,70.0,42.857142857142854,42.857142857142854,14.285714285714286
30.0,20.0,0.0,0,,66,c016,50.0,60.0,40.0,0.0
65.0,75.0,0.0,0,,170,c016,140.0,46.42857142857143,53.57142857142857,0.0
0.0,40.0,0.0,0,,56,c016,40.0,0.0,100.0,0.0
0.0,50.0,0.0,0,,66,c016,50.0,0.0,100.0,0.0
120.0,225.0,15.0,0,,420,c016,360.0,33.333333333333336,62.5,4.166666666666667
30.0,65.0,15.0,0,,125,c016,110.0,27.272727272727273,59.09090909090909,13.636363636363637
75.0,60.0,0.0,0,,195,c016,135.0,55.55555555555556,44.44444444444444,0.0
0.0,100.0,0.0,0,,130,c016,100.0,0.0,100.0,0.0
0.0,20.0,0.0,0,,36,c016,20.0,0.0,100.0,0.0
30.0,30.0,0.0,0,,76,c016,60.0,50.0,50.0,0.0
50.0,45.0,0.0,0,,125,c016,95.0,52.63157894736842,47.36842105263158,0.0
70.0,60.0,15.0,0,,160,c016,145.0,48.275862068965516,41.37931034482759,10.344827586206897
15.0,45.0,0.0,0,,76,c016,60.0,25.0,75.0,0.0
5.0,45.0,0.0,0,,66,c016,50.0,10.0,90.0,0.0
0.0,30.0,0.0,0,,46,c016,30.0,0.0,100.0,0.0
75.0,125.0,0.0,0,,245,c016,200.0,37.5,62.5,0.0
30.0,30.0,0.0,0,,61,c016,60.0,50.0,50.0,0.0
5.0,45.0,0.0,0,,66,c016,50.0,10.0,90.0,0.0
0.0,30.0,0.0,0,,51,c016,30.0,0.0,100.0,0.0
30.0,35.0,0.0,0,,81,c016,65.0,46.15384615384615,53.84615384615385,0.0
60.0,95.0,15.0,0,,215,c016,170.0,35.294117647058826,55.88235294117647,8.823529411764707
0.0,40.0,0.0,0,,56,c016,40.0,0.0,100.0,0.0
30.0,15.0,0.0,0,,61,c016,45.0,66.66666666666667,33.333333333333336,0.0
30.0,45.0,10.0,0,,101,c016,85.0,35.294117647058826,52.94117647058823,11.764705882352942
30.0,15.0,0.0,0,,61,c016,45.0,66.66666666666667,33.333333333333336,0.0
0.0,25.0,0.0,0,,41,c016,25.0,0.0,100.0,0.0
45.0,170.0,0.0,0,,290,c016,215.0,20.930232558139537,79.06976744186046,0.0
10.0,30.0,0.0,0,,41,c016,40.0,25.0,75.0,0.0
0.0,25.0,0.0,0,,41,c016,25.0,0.0,100.0,0.0
0.0,40.0,0.0,0,,56,c016,40.0,0.0,100.0,0.0
60.0,55.0,0.0,0,,160,c016,115.0,52.17391304347826,47.82608695652174,0.0
30.0,35.0,0.0,0,,111,c016,65.0,46.15384615384615,53.84615384615385,0.0
30.0,45.0,0.0,0,,91,c016,75.0,40.0,60.0,0.0
30.0,45.0,0.0,0,,111,c016,75.0,40.0,60.0,0.0
105.0,165.0,5.0,0,,350,c016,275.0,38.18181818181818,60.0,1.8181818181818181
40.0,60.0,0.0,0,,116,c016,100.0,40.0,60.0,0.0
15.0,45.0,10.0,0,,101,c016,70.0,21.428571428571427,64.28571428571429,14.285714285714286
60.0,90.0,0.0,0,,225,c016,150.0,40.0,60.0,0.0
30.0,30.0,0.0,0,,91,c016,60.0,50.0,50.0,0.0
30.0,45.0,0.0,0,,91,c016,75.0,40.0,60.0,0.0
105.0,255.0,30.0,0,,435,c016,390.0,26.923076923076923,65.38461538461539,7.6923076923076925
30.0,45.0,15.0,0,,116,c016,90.0,33.333333333333336,50.0,16.666666666666668
45.0,25.0,0.0,0,,71,c016,70.0,64.28571428571429,35.714285714285715,0.0
90.0,90.0,0.0,0,,240,c016,180.0,50.0,50.0,0.0
30.0,75.0,15.0,0,,121,c016,120.0,25.0,62.5,12.5
0.0,75.0,0.0,4,29.75,91,c016,75.0,0.0,100.0,0.0
30.0,45.0,0.0,0,,91,c016,75.0,40.0,60.0,0.0
60.0,140.0,15.0,0,,260,c016,215.0,27.906976744186046,65.11627906976744,6.976744186046512
30.0,45.0,0.0,0,,96,c016,75.0,40.0,60.0,0.0
85.0,180.0,15.0,4,30.5,325,c016,280.0,30.357142857142858,64.28571428571429,5.357142857142857
30.0,45.0,0.0,3,33.333333333333336,91,c016,75.0,40.0,60.0,0.0
15.0,60.0,15.0,4,98.0,91,c016,90.0,16.666666666666668,66.66666666666667,16.666666666666668
15.0,110.0,0.0,0,,155,c016,125.0,12.0,88.0,0.0
75.0,125.0,0.0,0,,245,c016,200.0,37.5,62.5,0.0
60.0,90.0,0.0,0,,190,c016,150.0,40.0,60.0,0.0
0.0,15.0,0.0,0,,31,c016,15.0,0.0,100.0,0.0
10.0,45.0,0.0,0,,86,c016,55.0,18.181818181818183,81.81818181818181,0.0
120.0,150.0,30.0,0,,345,c016,300.0,40.0,50.0,10.0
30.0,0.0,0.0,0,,51,c016,30.0,100.0,0.0,0.0
0.0,15.0,0.0,0,,31,c016,15.0,0.0,100.0,0.0
5.0,45.0,0.0,0,,81,c016,50.0,10.0,90.0,0.0
0.0,45.0,0.0,0,,76,c016,45.0,0.0,100.0,0.0
120.0,135.0,20.0,0,,350,c016,275.0,43.63636363636363,49.09090909090909,7.2727272727272725
0.0,30.0,0.0,0,,46,c016,30.0,0.0,100.0,0.0
105.0,165.0,15.0,0,,345,c016,285.0,36.8421052631579,57.89473684210526,5.2631578947368425
15.0,45.0,0.0,0,,81,c016,60.0,25.0,75.0,0.0
5.0,45.0,0.0,0,,66,c016,50.0,10.0,90.0,0.0
90.0,120.0,0.0,0,,285,c016,210.0,42.857142857142854,57.142857142857146,0.0
30.0,30.0,0.0,0,,81,c016,60.0,50.0,50.0,0.0
90.0,120.0,0.0,0,,270,c016,210.0,42.857142857142854,57.142857142857146,0.0
30.0,20.0,0.0,0,,66,c016,50.0,60.0,40.0,0.0
0.0,40.0,0.0,0,,56,c016,40.0,0.0,100.0,0.0
90.0,90.0,15.0,0,,225,c016,195.0,46.15384615384615,46.15384615384615,7.6923076923076925
30.0,75.0,15.0,0,,121,c016,120.0,25.0,62.5,12.5
0.0,30.0,0.0,0,,46,c016,30.0,0.0,100.0,0.0
110.0,195.0,15.0,0,,365,c016,320.0,34.375,60.9375,4.6875
0.0,30.0,0.0,0,,51,c016,30.0,0.0,100.0,0.0
0.0,30.0,0.0,0,,46,c016,30.0,0.0,100.0,0.0
85.0,105.0,15.0,0,,235,c016,205.0,41.46341463414634,51.21951219512195,7.317073170731708
0.0,30.0,0.0,0,,46,c016,30.0,0.0,100.0,0.0
0.0,55.0,0.0,0,,71,c016,55.0,0.0,100.0,0.0
90.0,110.0,0.0,0,,290,c016,200.0,45.0,55.0,0.0
30.0,10.0,0.0,0,,56,c016,40.0,75.0,25.0,0.0
30.0,25.0,0.0,0,,56,c016,55.0,54.54545454545455,45.45454545454545,0.0
25.0,45.0,0.0,0,,86,c016,70.0,35.714285714285715,64.28571428571429,0.0
90.0,60.0,0.0,0,,225,c016,150.0,60.0,40.0,0.0
45.0,30.0,0.0,0,,121,c016,75.0,60.0,40.0,0.0
0.0,25.0,0.0,0,,41,c016,25.0,0.0,100.0,0.0
20.0,45.0,0.0,0,,81,c016,65.0,30.76923076923077,69.23076923076923,0.0
105.0,135.0,0.0,0,,300,c016,240.0,43.75,56.25,0.0
30.0,35.0,0.0,0,,66,c016,65.0,46.15384615384615,53.84615384615385,0.0
15.0,80.0,0.0,0,,111,c016,95.0,15.789473684210526,84.21052631578948,0.0
30.0,20.0,15.0,0,,66,c016,65.0,46.15384615384615,30.76923076923077,23.076923076923077
60.0,65.0,0.0,0,,155,c016,125.0,48.0,52.0,0.0
30.0,65.0,0.0,0,,111,c016,95.0,31.57894736842105,68.42105263157895,0.0
0.0,40.0,0.0,0,,56,c016,40.0,0.0,100.0,0.0
0.0,25.0,0.0,0,,41,c016,25.0,0.0,100.0,0.0
30.0,30.0,0.0,0,,76,c016,60.0,50.0,50.0,0.0
60.0,90.0,0.0,0,,205,c016,150.0,40.0,60.0,0.0
0.0,30.0,0.0,0,,46,c016,30.0,0.0,100.0,0.0
0.0,85.0,0.0,0,,116,c016,85.0,0.0,100.0,0.0
30.0,105.0,15.0,0,,190,c016,150.0,20.0,70.0,10.0
60.0,65.0,0.0,0,,155,c016,125.0,48.0,52.0,0.0
0.0,20.0,0.0,0,,36,c016,20.0,0.0,100.0,0.0
50.0,60.0,0.0,0,,155,c016,110.0,45.45454545454545,54.54545454545455,0.0
60.0,90.0,0.0,0,,205,c016,150.0,40.0,60.0,0.0
75.0,115.0,30.0,0,,250,c016,220.0,34.09090909090909,52.27272727272727,13.636363636363637
30.0,20.0,0.0,0,,96,c016,50.0,60.0,40.0,0.0
0.0,15.0,0.0,0,,16,c016,15.0,0.0,100.0,0.0
0.0,25.0,0.0,0,,41,c016,25.0,0.0,100.0,0.0
90.0,180.0,15.0,0,,345,c016,285.0,31.57894736842105,63.1578947368421,5.2631578947368425
75.0,135.0,15.0,0,,290,c016,225.0,33.333333333333336,60.0,6.666666666666667
30.0,15.0,0.0,0,,51,c016,45.0,66.66666666666667,33.333333333333336,0.0
0.0,40.0,0.0,0,,56,c016,40.0,0.0,100.0,0.0
45.0,60.0,15.0,4,29.25,135,c016,120.0,37.5,50.0,12.5
60.0,100.0,0.0,0,,190,c016,160.0,37.5,62.5,0.0
0.0,30.0,0.0,0,,51,c016,30.0,0.0,100.0,0.0
0.0,25.0,0.0,0,,41,c016,25.0,0.0,100.0,0.0
0.0,45.0,0.0,0,,61,c016,45.0,0.0,100.0,0.0
30.0,45.0,0.0,0,,121,c016,75.0,40.0,60.0,0.0
75.0,110.0,0.0,0,,230,c016,185.0,40.54054054054054,59.45945945945946,0.0
0.0,25.0,0.0,0,,41,c016,25.0,0.0,100.0,0.0
45.0,110.0,15.0,5,31.0,185,c016,170.0,26.470588235294116,64.70588235294117,8.823529411764707
60.0,90.0,0.0,1,33.0,175,c016,150.0,40.0,60.0,0.0
0.0,40.0,0.0,4,30.25,56,c016,40.0,0.0,100.0,0.0
0.0,25.0,0.0,0,,41,c016,25.0,0.0,100.0,0.0
60.0,105.0,25.0,4,31.5,205,c016,190.0,31.57894736842105,55.26315789473684,13.157894736842104
45.0,75.0,15.0,1,38.0,135,c016,135.0,33.333333333333336,55.55555555555556,11.11111111111111
15.0,45.0,0.0,0,,76,c016,60.0,25.0,75.0,0.0
75.0,60.0,5.0,4,45.25,200,c016,140.0,53.57142857142857,42.857142857142854,3.5714285714285716
30.0,70.0,15.0,1,31.0,116,c016,115.0,26.08695652173913,60.869565217391305,13.043478260869565
0.0,25.0,0.0,0,,41,c016,25.0,0.0,100.0,0.0
90.0,90.0,0.0,0,,240,c016,180.0,50.0,50.0,0.0
30.0,60.0,15.0,0,,106,c016,105.0,28.571428571428573,57.142857142857146,14.285714285714286
30.0,45.0,15.0,0,,106,c016,90.0,33.333333333333336,50.0,16.666666666666668
20.0,45.0,0.0,0,,81,c016,65.0,30.76923076923077,69.23076923076923,0.0
60.0,105.0,0.0,4,30.75,225,c016,165.0,36.36363636363637,63.63636363636363,0.0
50.0,60.0,0.0,0,,125,c016,110.0,45.45454545454545,54.54545454545455,0.0
0.0,25.0,0.0,0,,41,c016,25.0,0.0,100.0,0.0
0.0,60.0,0.0,0,,81,c016,60.0,0.0,100.0,0.0
75.0,130.0,0.0,0,,250,c016,205.0,36.58536585365854,63.41463414634146,0.0
30.0,55.0,0.0,0,,116,c016,85.0,35.294117647058826,64.70588235294117,0.0
10.0,45.0,0.0,0,,71,c016,55.0,18.181818181818183,81.81818181818181,0.0
55.0,105.0,15.0,0,,220,c016,175.0,31.428571428571427,60.0,8.571428571428571
30.0,60.0,0.0,1,33.0,106,c016,90.0,33.333333333333336,66.66666666666667,0.0
30.0,15.0,0.0,3,32.333333333333336,81,c016,45.0,66.66666666666667,33.333333333333336,0.0
75.0,140.0,30.0,4,30.5,260,c016,245.0,30.612244897959183,57.142857142857146,12.244897959183673
15.0,0.0,0.0,3,41.666666666666664,31,c016,15.0,100.0,0.0,0.0
15.0,50.0,0.0,0,,96,c016,65.0,23.076923076923077,76.92307692307692,0.0
60.0,165.0,0.0,4,37.5,290,c016,225.0,26.666666666666668,73.33333333333333,0.0
30.0,0.0,0.0,0,,46,c016,30.0,100.0,0.0,0.0
30.0,60.0,0.0,0,,121,c016,90.0,33.333333333333336,66.66666666666667,0.0
75.0,120.0,0.0,0,,300,c016,195.0,38.46153846153846,61.53846153846154,0.0
30.0,15.0,0.0,0,,46,c016,45.0,66.66666666666667,33.333333333333336,0.0
15.0,45.0,0.0,0,,76,c016,60.0,25.0,75.0,0.0
65.0,30.0,0.0,0,,140,c016,95.0,68.42105263157895,31.57894736842105,0.0
60.0,90.0,0.0,0,,190,c016,150.0,40.0,60.0,0.0
30.0,60.0,10.0,7,33.42857142857143,101,c016,100.0,30.0,60.0,10.0
85.0,135.0,15.0,3,32.0,310,c016,235.0,36.170212765957444,57.4468085106383,6.382978723404255
25.0,15.0,0.0,1,88.0,41,c016,40.0,62.5,37.5,0.0
0.0,105.0,0.0,4,54.75,121,c016,105.0,0.0,100.0,0.0
75.0,135.0,0.0,0,,280,c016,210.0,35.714285714285715,64.28571428571429,0.0
30.0,45.0,0.0,0,,91,c016,75.0,40.0,60.0,0.0
20.0,45.0,0.0,0,,96,c016,65.0,30.76923076923077,69.23076923076923,0.0
60.0,45.0,0.0,3,32.0,150,c016,105.0,57.142857142857146,42.857142857142854,0.0
60.0,50.0,0.0,4,31.75,155,c016,110.0,54.54545454545455,45.45454545454545,0.0
0.0,30.0,0.0,0,,46,c016,30.0,0.0,100.0,0.0
0.0,40.0,0.0,0,,56,c016,40.0,0.0,100.0,0.0
55.0,60.0,15.0,0,,145,c016,130.0,42.30769230769231,46.15384615384615,11.538461538461538
75.0,100.0,0.0,0,,190,c016,175.0,42.857142857142854,57.142857142857146,0.0
75.0,155.0,15.0,2,31.0,305,c016,245.0,30.612244897959183,63.265306122448976,6.122448979591836
30.0,20.0,0.0,3,41.333333333333336,66,c016,50.0,60.0,40.0,0.0
0.0,15.0,0.0,0,,16,c016,15.0,0.0,100.0,0.0
10.0,45.0,0.0,4,31.75,71,c016,55.0,18.181818181818183,81.81818181818181,0.0
40.0,75.0,0.0,0,,160,c016,115.0,34.78260869565217,65.21739130434783,0.0
30.0,30.0,0.0,0,,91,c016,60.0,50.0,50.0,0.0
20.0,60.0,0.0,0,,96,c016,80.0,25.0,75.0,0.0
30.0,60.0,0.0,1,123.0,106,c016,90.0,33.333333333333336,66.66666666666667,0.0
15.0,55.0,0.0,3,32.0,86,c016,70.0,21.428571428571427,78.57142857142857,0.0
0.0,25.0,0.0,0,,41,c016,25.0,0.0,100.0,0.0
85.0,135.0,15.0,0,,280,c016,235.0,36.170212765957444,57.4468085106383,6.382978723404255
45.0,50.0,0.0,1,128.0,125,c016,95.0,47.36842105263158,52.63157894736842,0.0
50.0,45.0,0.0,4,28.5,140,c016,95.0,52.63157894736842,47.36842105263158,0.0
60.0,75.0,15.0,0,,165,c016,150.0,40.0,50.0,10.0
30.0,15.0,0.0,0,,46,c016,45.0,66.66666666666667,33.333333333333336,0.0
90.0,115.0,15.0,0,,295,c017,220.0,40.90909090909091,52.27272727272727,6.818181818181818
0.0,25.0,0.0,0,,41,c017,25.0,0.0,100.0,0.0
0.0,110.0,0.0,4,28.75,140,c017,110.0,0.0,100.0,0.0
0.0,45.0,0.0,4,38.0,61,c017,45.0,0.0,100.0,0.0
25.0,45.0,0.0,3,88.0,86,c017,70.0,35.714285714285715,64.28571428571429,0.0
15.0,85.0,0.0,4,30.75,145,c017,100.0,15.0,85.0,0.0
15.0,45.0,0.0,4,32.75,86,c017,60.0,25.0,75.0,0.0
0.0,150.0,0.0,4,63.0,360,c017,150.0,0.0,100.0,0.0
15.0,60.0,0.0,0,,106,c017,75.0,20.0,80.0,0.0
0.0,25.0,0.0,0,,41,c017,25.0,0.0,100.0,0.0
15.0,75.0,0.0,0,,101,c017,90.0,16.666666666666668,83.33333333333333,0.0
20.0,45.0,0.0,0,,81,c017,65.0,30.76923076923077,69.23076923076923,0.0
0.0,60.0,0.0,0,,91,c017,60.0,0.0,100.0,0.0
25.0,45.0,0.0,0,,71,c017,70.0,35.714285714285715,64.28571428571429,0.0
30.0,0.0,0.0,0,,51,c017,30.0,100.0,0.0,0.0
5.0,45.0,0.0,0,,66,c017,50.0,10.0,90.0,0.0
0.0,55.0,0.0,0,,71,c017,55.0,0.0,100.0,0.0
0.0,25.0,0.0,0,,41,c017,25.0,0.0,100.0,0.0
35.0,45.0,0.0,0,,111,c017,80.0,43.75,56.25,0.0
5.0,45.0,0.0,0,,66,c017,50.0,10.0,90.0,0.0
0.0,30.0,0.0,0,,46,c017,30.0,0.0,100.0,0.0
15.0,65.0,0.0,0,,111,c017,80.0,18.75,81.25,0.0
5.0,45.0,0.0,0,,66,c017,50.0,10.0,90.0,0.0
0.0,30.0,0.0,0,,46,c017,30.0,0.0,100.0,0.0
30.0,55.0,15.0,0,,116,c017,100.0,30.0,55.0,15.0
15.0,70.0,0.0,0,,116,c017,85.0,17.647058823529413,82.3529411764706,0.0
15.0,60.0,10.0,0,,101,c017,85.0,17.647058823529413,70.58823529411765,11.764705882352942
5.0,45.0,0.0,0,,66,c017,50.0,10.0,90.0,0.0
0.0,25.0,0.0,3,38.333333333333336,41,c017,25.0,0.0,100.0,0.0
0.0,30.0,0.0,4,102.25,46,c017,30.0,0.0,100.0,0.0
10.0,45.0,0.0,5,51.8,71,c017,55.0,18.181818181818183,81.81818181818181,0.0
30.0,70.0,15.0,0,,116,c017,115.0,26.08695652173913,60.869565217391305,13.043478260869565
75.0,90.0,15.0,6,33.5,225,c017,180.0,41.666666666666664,50.0,8.333333333333334
30.0,45.0,10.0,3,64.0,101,c017,85.0,35.294117647058826,52.94117647058823,11.764705882352942
40.0,15.0,0.0,3,100.33333333333333,71,c017,55.0,72.72727272727273,27.272727272727273,0.0
5.0,45.0,0.0,4,33.0,66,c017,50.0,10.0,90.0,0.0
0.0,30.0,0.0,1,34.0,46,c017,30.0,0.0,100.0,0.0
120.0,190.0,0.0,4,32.5,415,c017,310.0,38.70967741935484,61.29032258064516,0.0
165.0,195.0,15.0,4,50.5,465,c017,375.0,44.0,52.0,4.0
0.0,30.0,0.0,0,,46,c017,30.0,0.0,100.0,0.0
30.0,60.0,0.0,0,,111,c017,90.0,33.333333333333336,66.66666666666667,0.0
0.0,25.0,0.0,0,,41,c017,25.0,0.0,100.0,0.0
30.0,50.0,0.0,4,33.5,125,c017,80.0,37.5,62.5,0.0
150.0,150.0,0.0,4,41.25,405,c017,300.0,50.0,50.0,0.0
0.0,50.0,0.0,0,,66,c017,50.0,0.0,100.0,0.0
0.0,75.0,0.0,3,44.666666666666664,106,c017,75.0,0.0,100.0,0.0
0.0,30.0,0.0,4,39.0,51,c017,30.0,0.0,100.0,0.0
35.0,60.0,0.0,0,,111,c017,95.0,36.8421052631579,63.1578947368421,0.0
10.0,45.0,0.0,0,,71,c017,55.0,18.181818181818183,81.81818181818181,0.0
135.0,135.0,0.0,4,54.0,345,c017,270.0,50.0,50.0,0.0
0.0,30.0,0.0,4,76.0,46,c017,30.0,0.0,100.0,0.0
20.0,45.0,0.0,4,38.5,81,c017,65.0,30.76923076923077,69.23076923076923,0.0
5.0,45.0,0.0,4,53.5,66,c017,50.0,10.0,90.0,0.0
0.0,30.0,0.0,4,56.75,51,c017,30.0,0.0,100.0,0.0
0.0,20.0,0.0,0,,36,c017,20.0,0.0,100.0,0.0
30.0,65.0,15.0,0,,125,c017,110.0,27.272727272727273,59.09090909090909,13.636363636363637
0.0,50.0,0.0,1,61.0,66,c017,50.0,0.0,100.0,0.0
0.0,45.0,0.0,4,46.75,71,c017,45.0,0.0,100.0,0.0
0.0,30.0,0.0,3,97.33333333333333,51,c017,30.0,0.0,100.0,0.0
15.0,60.0,0.0,4,45.0,91,c017,75.0,20.0,80.0,0.0
30.0,65.0,0.0,0,,111,c017,95.0,31.57894736842105,68.42105263157895,0.0
0.0,60.0,0.0,4,34.75,91,c017,60.0,0.0,100.0,0.0
0.0,45.0,0.0,4,33.0,61,c017,45.0,0.0,100.0,0.0
15.0,90.0,0.0,4,59.0,121,c017,105.0,14.285714285714286,85.71428571428571,0.0
15.0,60.0,10.0,4,35.25,101,c017,85.0,17.647058823529413,70.58823529411765,11.764705882352942
0.0,25.0,0.0,4,81.25,41,c017,25.0,0.0,100.0,0.0
30.0,45.0,0.0,1,109.0,76,c017,75.0,40.0,60.0,0.0
0.0,45.0,0.0,0,,61,c017,45.0,0.0,100.0,0.0
30.0,65.0,15.0,0,,111,c017,110.0,27.272727272727273,59.09090909090909,13.636363636363637
0.0,95.0,0.0,4,46.75,111,c017,95.0,0.0,100.0,0.0
0.0,60.0,0.0,4,109.0,106,c017,60.0,0.0,100.0,0.0
0.0,30.0,0.0,1,97.0,51,c017,30.0,0.0,100.0,0.0
30.0,60.0,0.0,0,,111,c017,90.0,33.333333333333336,66.66666666666667,0.0
15.0,65.0,0.0,4,39.25,111,c017,80.0,18.75,81.25,0.0
0.0,40.0,0.0,4,43.5,56,c017,40.0,0.0,100.0,0.0
0.0,30.0,0.0,4,92.0,46,c017,30.0,0.0,100.0,0.0
0.0,30.0,0.0,4,97.0,46,c017,30.0,0.0,100.0,0.0
15.0,45.0,0.0,4,35.25,91,c017,60.0,25.0,75.0,0.0
45.0,60.0,0.0,0,,135,c017,105.0,42.857142857142854,57.142857142857146,0.0
30.0,65.0,0.0,0,,111,c017,95.0,31.57894736842105,68.42105263157895,0.0
105.0,15.0,0.0,0,,481,c017,120.0,87.5,12.5,0.0
0.0,110.0,0.0,0,,111,c017,110.0,0.0,100.0,0.0
0.0,75.0,0.0,0,,106,c017,75.0,0.0,100.0,0.0
0.0,105.0,0.0,0,,121,c017,105.0,0.0,100.0,0.0
0.0,40.0,0.0,0,,56,c017,40.0,0.0,100.0,0.0
0.0,50.0,0.0,0,,66,c017,50.0,0.0,100.0,0.0
0.0,40.0,0.0,0,,56,c017,40.0,0.0,100.0,0.0
15.0,75.0,15.0,0,,121,c017,105.0,14.285714285714286,71.42857142857143,14.285714285714286
30.0,65.0,15.0,0,,111,c017,110.0,27.272727272727273,59.09090909090909,13.636363636363637
30.0,50.0,0.0,0,,111,c017,80.0,37.5,62.5,0.0
0.0,45.0,0.0,0,,61,c017,45.0,0.0,100.0,0.0
30.0,10.0,15.0,0,,56,c017,55.0,54.54545454545455,18.181818181818183,27.272727272727273
15.0,45.0,0.0,0,,76,c017,60.0,25.0,75.0,0.0
0.0,25.0,0.0,0,,41,c017,25.0,0.0,100.0,0.0
5.0,45.0,0.0,0,,66,c017,50.0,10.0,90.0,0.0
0.0,30.0,0.0,0,,51,c017,30.0,0.0,100.0,0.0
30.0,65.0,0.0,0,,111,c017,95.0,31.57894736842105,68.42105263157895,0.0
15.0,55.0,0.0,4,45.75,86,c017,70.0,21.428571428571427,78.57142857142857,0.0
75.0,0.0,15.0,8,101.625,91,c017,90.0,83.33333333333333,0.0,16.666666666666668
0.0,75.0,15.0,0,,106,c017,90.0,0.0,83.33333333333333,16.666666666666668
0.0,30.0,0.0,3,50.666666666666664,51,c017,30.0,0.0,100.0,0.0
15.0,45.0,0.0,0,,81,c017,60.0,25.0,75.0,0.0
0.0,25.0,0.0,0,,41,c017,25.0,0.0,100.0,0.0
30.0,45.0,0.0,4,71.5,101,c017,75.0,40.0,60.0,0.0
165.0,210.0,20.0,0,,500,c017,395.0,41.77215189873418,53.164556962025316,5.063291139240507
0.0,25.0,0.0,4,84.25,41,c017,25.0,0.0,100.0,0.0
0.0,45.0,0.0,4,92.75,61,c017,45.0,0.0,100.0,0.0
0.0,45.0,0.0,4,43.75,61,c017,45.0,0.0,100.0,0.0
0.0,30.0,0.0,4,60.75,51,c017,30.0,0.0,100.0,0.0
150.0,255.0,15.0,4,69.5,550,c017,420.0,35.714285714285715,60.714285714285715,3.5714285714285716
0.0,45.0,0.0,4,63.75,61,c017,45.0,0.0,100.0,0.0
150.0,240.0,0.0,0,,465,c017,390.0,38.46153846153846,61.53846153846154,0.0
0.0,60.0,0.0,4,126.75,81,c017,60.0,0.0,100.0,0.0
120.0,285.0,40.0,0,,505,c017,445.0,26.96629213483146,64.04494382022472,8.98876404494382
15.0,75.0,0.0,0,,121,c017,90.0,16.666666666666668,83.33333333333333,0.0
15.0,45.0,0.0,0,,71,c017,60.0,25.0,75.0,0.0
0.0,45.0,0.0,4,31.0,61,c017,45.0,0.0,100.0,0.0
0.0,60.0,0.0,0,,86,c017,60.0,0.0,100.0,0.0
105.0,210.0,15.0,0,,415,c017,330.0,31.818181818181817,63.63636363636363,4.545454545454546
0.0,25.0,0.0,2,44.5,41,c017,25.0,0.0,100.0,0.0
30.0,90.0,0.0,4,35.25,165,c017,120.0,25.0,75.0,0.0
30.0,60.0,0.0,0,,111,c017,90.0,33.333333333333336,66.66666666666667,0.0
0.0,85.0,0.0,0,,116,c017,85.0,0.0,100.0,0.0
30.0,65.0,0.0,0,,111,c017,95.0,31.57894736842105,68.42105263157895,0.0
0.0,105.0,0.0,5,34.8,121,c017,105.0,0.0,100.0,0.0
30.0,80.0,0.0,0,,155,c017,110.0,27.272727272727273,72.72727272727273,0.0
0.0,30.0,0.0,3,33.0,51,c017,30.0,0.0,100.0,0.0
0.0,45.0,0.0,4,49.25,61,c017,45.0,0.0,100.0,0.0
30.0,60.0,0.0,0,,111,c017,90.0,33.333333333333336,66.66666666666667,0.0
0.0,20.0,0.0,0,,36,c017,20.0,0.0,100.0,0.0
0.0,25.0,0.0,3,69.0,41,c017,25.0,0.0,100.0,0.0
30.0,70.0,0.0,1,99.0,130,c017,100.0,30.0,70.0,0.0
0.0,60.0,0.0,4,57.75,81,c017,60.0,0.0,100.0,0.0
0.0,25.0,0.0,3,35.666666666666664,41,c017,25.0,0.0,100.0,0.0
15.0,95.0,0.0,0,,111,c017,110.0,13.636363636363637,86.36363636363636,0.0
0.0,30.0,0.0,0,,46,c017,30.0,0.0,100.0,0.0
15.0,80.0,0.0,0,,111,c017,95.0,15.789473684210526,84.21052631578948,0.0
0.0,30.0,0.0,3,33.666666666666664,46,c017,30.0,0.0,100.0,0.0
15.0,45.0,0.0,4,68.0,76,c017,60.0,25.0,75.0,0.0
30.0,50.0,0.0,0,,111,c017,80.0,37.5,62.5,0.0
15.0,70.0,0.0,3,93.33333333333333,116,c017,85.0,17.647058823529413,82.3529411764706,0.0
30.0,45.0,0.0,3,100.66666666666667,106,c017,75.0,40.0,60.0,0.0
0.0,40.0,0.0,4,114.5,56,c017,40.0,0.0,100.0,0.0
0.0,25.0,0.0,2,104.5,41,c017,25.0,0.0,100.0,0.0
5.0,45.0,0.0,4,79.5,66,c017,50.0,10.0,90.0,0.0
30.0,60.0,15.0,0,,111,c017,105.0,28.571428571428573,57.142857142857146,14.285714285714286
15.0,95.0,0.0,0,,140,c017,110.0,13.636363636363637,86.36363636363636,0.0
0.0,45.0,0.0,0,,61,c017,45.0,0.0,100.0,0.0
0.0,45.0,0.0,0,,61,c017,45.0,0.0,100.0,0.0
30.0,15.0,0.0,0,,61,c018,45.0,66.66666666666667,33.333333333333336,0.0
30.0,35.0,0.0,7,69.57142857142857,96,c018,65.0,46.15384615384615,53.84615384615385,0.0
25.0,0.0,0.0,4,87.0,41,c018,25.0,100.0,0.0,0.0
30.0,40.0,0.0,6,83.83333333333333,86,c018,70.0,42.857142857142854,57.142857142857146,0.0
0.0,25.0,0.0,4,46.0,41,c018,25.0,0.0,100.0,0.0
30.0,25.0,0.0,3,114.66666666666667,71,c018,55.0,54.54545454545455,45.45454545454545,0.0
30.0,30.0,0.0,9,67.44444444444444,91,c018,60.0,50.0,50.0,0.0
30.0,40.0,0.0,7,71.85714285714286,71,c018,70.0,42.857142857142854,57.142857142857146,0.0
0.0,55.0,0.0,5,94.4,56,c018,55.0,0.0,100.0,0.0
0.0,15.0,0.0,3,49.0,31,c018,15.0,0.0,100.0,0.0
0.0,45.0,0.0,6,94.16666666666667,61,c018,45.0,0.0,100.0,0.0
30.0,45.0,0.0,9,93.44444444444444,91,c018,75.0,40.0,60.0,0.0
30.0,55.0,0.0,7,54.0,86,c018,85.0,35.294117647058826,64.70588235294117,0.0
30.0,30.0,0.0,6,101.66666666666667,61,c018,60.0,50.0,50.0,0.0
30.0,15.0,0.0,0,,76,c018,45.0,66.66666666666667,33.333333333333336,0.0
30.0,35.0,0.0,0,,81,c018,65.0,46.15384615384615,53.84615384615385,0.0
0.0,30.0,0.0,4,81.0,46,c018,30.0,0.0,100.0,0.0
0.0,25.0,0.0,4,71.5,41,c018,25.0,0.0,100.0,0.0
25.0,45.0,0.0,7,37.285714285714285,86,c018,70.0,35.714285714285715,64.28571428571429,0.0
0.0,45.0,0.0,6,64.83333333333333,61,c018,45.0,0.0,100.0,0.0
45.0,45.0,15.0,11,77.27272727272727,121,c018,105.0,42.857142857142854,42.857142857142854,14.285714285714286
30.0,15.0,0.0,7,70.28571428571429,71,c018,45.0,66.66666666666667,33.333333333333336,0.0
5.0,45.0,0.0,6,77.66666666666667,66,c018,50.0,10.0,90.0,0.0
30.0,45.0,0.0,12,93.08333333333333,121,c018,75.0,40.0,60.0,0.0
30.0,25.0,0.0,6,65.0,56,c018,55.0,54.54545454545455,45.45454545454545,0.0
30.0,15.0,0.0,5,92.8,61,c018,45.0,66.66666666666667,33.333333333333336,0.0
30.0,45.0,0.0,11,81.72727272727273,106,c018,75.0,40.0,60.0,0.0
30.0,50.0,0.0,11,61.90909090909091,111,c018,80.0,37.5,62.5,0.0
15.0,40.0,0.0,4,35.0,56,c018,55.0,27.272727272727273,72.72727272727273,0.0
15.0,45.0,0.0,7,100.71428571428571,76,c018,60.0,25.0,75.0,0.0
60.0,105.0,0.0,14,72.64285714285714,240,c018,165.0,36.36363636363637,63.63636363636363,0.0
20.0,0.0,0.0,2,96.0,36,c018,20.0,100.0,0.0,0.0
0.0,60.0,0.0,9,96.88888888888889,106,c018,60.0,0.0,100.0,0.0
30.0,15.0,0.0,6,125.33333333333333,61,c018,45.0,66.66666666666667,33.333333333333336,0.0
30.0,25.0,0.0,7,113.71428571428571,71,c018,55.0,54.54545454545455,45.45454545454545,0.0
30.0,15.0,0.0,6,109.5,51,c018,45.0,66.66666666666667,33.333333333333336,0.0
0.0,15.0,0.0,1,127.0,16,c018,15.0,0.0,100.0,0.0
30.0,0.0,0.0,4,86.0,51,c018,30.0,100.0,0.0,0.0
30.0,15.0,0.0,8,82.25,81,c018,45.0,66.66666666666667,33.333333333333336,0.0
20.0,15.0,0.0,3,51.666666666666664,36,c018,35.0,57.142857142857146,42.857142857142854,0.0
0.0,30.0,0.0,6,44.333333333333336,51,c018,30.0,0.0,100.0,0.0
65.0,30.0,0.0,7,118.0,140,c018,95.0,68.42105263157895,31.57894736842105,0.0
75.0,75.0,15.0,19,110.47368421052632,195,c018,165.0,45.45454545454545,45.45454545454545,9.090909090909092
60.0,30.0,0.0,8,115.125,135,c018,90.0,66.66666666666667,33.333333333333336,0.0
0.0,25.0,0.0,2,127.0,26,c018,25.0,0.0,100.0,0.0
40.0,30.0,0.0,6,123.16666666666667,116,c018,70.0,57.142857142857146,42.857142857142854,0.0
30.0,25.0,0.0,4,128.25,71,c018,55.0,54.54545454545455,45.45454545454545,0.0
0.0,30.0,0.0,3,100.0,51,c018,30.0,0.0,100.0,0.0
30.0,35.0,0.0,1,76.0,81,c018,65.0,46.15384615384615,53.84615384615385,0.0
30.0,35.0,0.0,8,101.75,111,c018,65.0,46.15384615384615,53.84615384615385,0.0
30.0,25.0,0.0,4,120.25,71,c018,55.0,54.54545454545455,45.45454545454545,0.0
90.0,120.0,0.0,3,98.33333333333333,255,c018,210.0,42.857142857142854,57.142857142857146,0.0
30.0,15.0,0.0,0,,46,c018,45.0,66.66666666666667,33.333333333333336,0.0
30.0,40.0,0.0,0,,86,c018,70.0,42.857142857142854,57.142857142857146,0.0
25.0,30.0,0.0,11,51.63636363636363,111,c018,55.0,45.45454545454545,54.54545454545455,0.0
60.0,65.0,0.0,7,126.57142857142857,155,c018,125.0,48.0,52.0,0.0
45.0,85.0,0.0,18,123.38888888888889,175,c018,130.0,34.61538461538461,65.38461538461539,0.0
15.0,0.0,0.0,0,,31,c019,15.0,100.0,0.0,0.0
25.0,15.0,0.0,0,,41,c019,40.0,62.5,37.5,0.0
15.0,0.0,0.0,0,,31,c019,15.0,100.0,0.0,0.0
30.0,70.0,0.0,0,,116,c019,100.0,30.0,70.0,0.0
60.0,45.0,0.0,0,,175,c019,105.0,57.142857142857146,42.857142857142854,0.0
60.0,50.0,0.0,0,,155,c019,110.0,54.54545454545455,45.45454545454545,0.0
30.0,0.0,0.0,0,,51,c019,30.0,100.0,0.0,0.0
0.0,45.0,0.0,0,,61,c019,45.0,0.0,100.0,0.0
30.0,35.0,0.0,0,,81,c019,65.0,46.15384615384615,53.84615384615385,0.0
30.0,35.0,0.0,0,,96,c019,65.0,46.15384615384615,53.84615384615385,0.0
30.0,15.0,0.0,0,,46,c019,45.0,66.66666666666667,33.333333333333336,0.0
15.0,0.0,0.0,0,,31,c019,15.0,100.0,0.0,0.0
30.0,15.0,0.0,0,,61,c019,45.0,66.66666666666667,33.333333333333336,0.0
45.0,60.0,0.0,0,,121,c019,105.0,42.857142857142854,57.142857142857146,0.0
30.0,45.0,0.0,0,,76,c019,75.0,40.0,60.0,0.0
0.0,15.0,0.0,0,,16,c019,15.0,0.0,100.0,0.0
60.0,50.0,0.0,0,,185,c019,110.0,54.54545454545455,45.45454545454545,0.0
25.0,0.0,0.0,0,,41,c019,25.0,100.0,0.0,0.0
30.0,45.0,0.0,0,,81,c019,75.0,40.0,60.0,0.0
55.0,60.0,0.0,0,,130,c019,115.0,47.82608695652174,52.17391304347826,0.0
30.0,30.0,0.0,0,,81,c019,60.0,50.0,50.0,0.0
0.0,35.0,0.0,0,,36,c019,35.0,0.0,100.0,0.0
45.0,40.0,0.0,0,,130,c019,85.0,52.94117647058823,47.05882352941177,0.0
30.0,0.0,0.0,0,,46,c019,30.0,100.0,0.0,0.0
30.0,50.0,0.0,0,,96,c019,80.0,37.5,62.5,0.0
35.0,240.0,0.0,0,,570,c019,275.0,12.727272727272727,87.27272727272727,0.0
0.0,30.0,0.0,0,,51,c019,30.0,0.0,100.0,0.0
30.0,30.0,0.0,0,,76,c019,60.0,50.0,50.0,0.0
50.0,75.0,0.0,0,,155,c019,125.0,40.0,60.0,0.0
30.0,50.0,0.0,0,,111,c019,80.0,37.5,62.5,0.0
30.0,20.0,0.0,0,,66,c019,50.0,60.0,40.0,0.0
30.0,25.0,0.0,0,,56,c019,55.0,54.54545454545455,45.45454545454545,0.0
85.0,60.0,0.0,0,,175,c019,145.0,58.62068965517241,41.37931034482759,0.0
0.0,40.0,0.0,0,,56,c019,40.0,0.0,100.0,0.0
30.0,0.0,0.0,0,,46,c019,30.0,100.0,0.0,0.0
30.0,40.0,0.0,0,,71,c019,70.0,42.857142857142854,57.142857142857146,0.0
30.0,25.0,0.0,0,,56,c019,55.0,54.54545454545455,45.45454545454545,0.0
30.0,15.0,0.0,0,,51,c019,45.0,66.66666666666667,33.333333333333336,0.0
30.0,30.0,0.0,0,,101,c019,60.0,50.0,50.0,0.0
70.0,90.0,0.0,0,,220,c019,160.0,43.75,56.25,0.0
0.0,75.0,0.0,0,,106,c019,75.0,0.0,100.0,0.0
60.0,65.0,0.0,0,,155,c019,125.0,48.0,52.0,0.0
30.0,45.0,0.0,0,,106,c019,75.0,40.0,60.0,0.0
30.0,30.0,0.0,0,,106,c019,60.0,50.0,50.0,0.0
30.0,20.0,0.0,0,,66,c019,50.0,60.0,40.0,0.0
65.0,30.0,0.0,0,,140,c019,95.0,68.42105263157895,31.57894736842105,0.0
30.0,0.0,0.0,0,,51,c019,30.0,100.0,0.0,0.0
60.0,105.0,0.0,0,,210,c019,165.0,36.36363636363637,63.63636363636363,0.0
15.0,20.0,0.0,0,,36,c019,35.0,42.857142857142854,57.142857142857146,0.0
0.0,25.0,0.0,0,,41,c019,25.0,0.0,100.0,0.0
35.0,30.0,0.0,0,,111,c019,65.0,53.84615384615385,46.15384615384615,0.0
30.0,60.0,15.0,0,,106,c019,105.0,28.571428571428573,57.142857142857146,14.285714285714286
50.0,60.0,0.0,0,,125,c019,110.0,45.45454545454545,54.54545454545455,0.0
0.0,30.0,0.0,0,,51,c019,30.0,0.0,100.0,0.0
30.0,10.0,0.0,0,,56,c019,40.0,75.0,25.0,0.0
30.0,15.0,0.0,0,,61,c019,45.0,66.66666666666667,33.333333333333336,0.0
60.0,80.0,0.0,0,,170,c019,140.0,42.857142857142854,57.142857142857146,0.0
25.0,15.0,0.0,0,,41,c019,40.0,62.5,37.5,0.0
75.0,120.0,0.0,0,,255,c019,195.0,38.46153846153846,61.53846153846154,0.0
30.0,30.0,0.0,0,,86,c019,60.0,50.0,50.0,0.0
50.0,45.0,0.0,0,,125,c019,95.0,52.63157894736842,47.36842105263158,0.0
30.0,60.0,0.0,0,,91,c019,90.0,33.333333333333336,66.66666666666667,0.0
30.0,30.0,0.0,0,,86,c019,60.0,50.0,50.0,0.0
30.0,30.0,0.0,0,,86,c019,60.0,50.0,50.0,0.0
30.0,0.0,0.0,0,,46,c019,30.0,100.0,0.0,0.0
45.0,60.0,15.0,0,,135,c019,120.0,37.5,50.0,12.5
5.0,15.0,0.0,0,,76,c019,20.0,25.0,75.0,0.0
30.0,55.0,0.0,0,,116,c019,85.0,35.294117647058826,64.70588235294117,0.0
0.0,20.0,0.0,0,,36,c019,20.0,0.0,100.0,0.0
90.0,105.0,15.0,0,,445,c019,210.0,42.857142857142854,50.0,7.142857142857143
30.0,0.0,0.0,0,,51,c019,30.0,100.0,0.0,0.0
15.0,45.0,0.0,0,,76,c019,60.0,25.0,75.0,0.0
60.0,75.0,0.0,0,,165,c019,135.0,44.44444444444444,55.55555555555556,0.0
0.0,25.0,0.0,0,,41,c019,25.0,0.0,100.0,0.0
30.0,15.0,0.0,0,,61,c019,45.0,66.66666666666667,33.333333333333336,0.0
30.0,0.0,0.0,0,,46,c019,30.0,100.0,0.0,0.0
30.0,60.0,0.0,0,,121,c019,90.0,33.333333333333336,66.66666666666667,0.0
30.0,45.0,0.0,0,,91,c019,75.0,40.0,60.0,0.0
30.0,60.0,0.0,0,,111,c019,90.0,33.333333333333336,66.66666666666667,0.0
55.0,30.0,0.0,0,,130,c019,85.0,64.70588235294117,35.294117647058826,0.0
30.0,60.0,0.0,0,,225,c019,90.0,33.333333333333336,66.66666666666667,0.0
30.0,20.0,0.0,0,,66,c019,50.0,60.0,40.0,0.0
30.0,45.0,0.0,0,,91,c019,75.0,40.0,60.0,0.0
30.0,30.0,0.0,0,,61,c019,60.0,50.0,50.0,0.0
30.0,25.0,0.0,0,,56,c019,55.0,54.54545454545455,45.45454545454545,0.0
30.0,30.0,0.0,0,,61,c019,60.0,50.0,50.0,0.0
30.0,80.0,15.0,0,,125,c019,125.0,24.0,64.0,12.0
5.0,45.0,0.0,0,,66,c019,50.0,10.0,90.0,0.0
30.0,15.0,0.0,0,,61,c019,45.0,66.66666666666667,33.333333333333336,0.0
30.0,30.0,0.0,0,,61,c019,60.0,50.0,50.0,0.0
30.0,30.0,0.0,0,,76,c019,60.0,50.0,50.0,0.0
30.0,45.0,0.0,0,,96,c019,75.0,40.0,60.0,0.0
105.0,255.0,0.0,30,91.2,465,c020,360.0,29.166666666666668,70.83333333333333,0.0
0.0,40.0,0.0,4,122.5,56,c020,40.0,0.0,100.0,0.0
20.0,45.0,0.0,8,101.375,81,c020,65.0,30.76923076923077,69.23076923076923,0.0
30.0,45.0,10.0,10,103.4,101,c020,85.0,35.294117647058826,52.94117647058823,11.764705882352942
30.0,20.0,0.0,8,100.625,96,c020,50.0,60.0,40.0,0.0
90.0,90.0,15.0,18,119.66666666666667,240,c020,195.0,46.15384615384615,46.15384615384615,7.6923076923076925
35.0,45.0,0.0,8,110.5,96,c020,80.0,43.75,56.25,0.0
30.0,30.0,0.0,4,124.25,76,c020,60.0,50.0,50.0,0.0
30.0,30.0,0.0,5,117.8,61,c020,60.0,50.0,50.0,0.0
30.0,30.0,0.0,4,101.5,61,c020,60.0,50.0,50.0,0.0
0.0,95.0,0.0,11,121.45454545454545,111,c020,95.0,0.0,100.0,0.0
45.0,45.0,0.0,6,122.0,121,c020,90.0,50.0,50.0,0.0
35.0,75.0,15.0,9,110.66666666666667,125,c020,125.0,28.0,60.0,12.0
30.0,15.0,0.0,4,126.0,46,c020,45.0,66.66666666666667,33.333333333333336,0.0
55.0,75.0,15.0,11,117.27272727272727,160,c020,145.0,37.93103448275862,51.724137931034484,10.344827586206897
30.0,30.0,0.0,6,123.83333333333333,76,c020,60.0,50.0,50.0,0.0
30.0,40.0,0.0,5,109.4,71,c020,70.0,42.857142857142854,57.142857142857146,0.0
5.0,45.0,0.0,7,112.28571428571429,66,c020,50.0,10.0,90.0,0.0
30.0,30.0,0.0,5,109.8,76,c020,60.0,50.0,50.0,0.0
75.0,45.0,0.0,5,94.8,195,c020,120.0,62.5,37.5,0.0
15.0,60.0,0.0,7,75.85714285714286,91,c020,75.0,20.0,80.0,0.0
30.0,30.0,0.0,4,102.25,76,c020,60.0,50.0,50.0,0.0
90.0,90.0,0.0,19,115.84210526315789,240,c020,180.0,50.0,50.0,0.0
110.0,120.0,15.0,12,100.0,320,c020,245.0,44.89795918367347,48.97959183673469,6.122448979591836
0.0,45.0,15.0,6,119.5,61,c020,60.0,0.0,75.0,25.0
30.0,60.0,0.0,1,32.0,111,c020,90.0,33.333333333333336,66.66666666666667,0.0
30.0,25.0,0.0,3,31.0,71,c020,55.0,54.54545454545455,45.45454545454545,0.0
30.0,45.0,0.0,7,81.57142857142857,76,c020,75.0,40.0,60.0,0.0
60.0,75.0,0.0,7,100.0,150,c020,135.0,44.44444444444444,55.55555555555556,0.0
30.0,10.0,0.0,5,53.0,56,c020,40.0,75.0,25.0,0.0
15.0,45.0,0.0,4,38.75,76,c020,60.0,25.0,75.0,0.0
90.0,110.0,0.0,3,68.33333333333333,275,c020,200.0,45.0,55.0,0.0
30.0,15.0,0.0,0,,61,c020,45.0,66.66666666666667,33.333333333333336,0.0
35.0,45.0,0.0,3,91.66666666666667,96,c020,80.0,43.75,56.25,0.0
60.0,120.0,15.0,8,80.375,225,c020,195.0,30.76923076923077,61.53846153846154,7.6923076923076925
30.0,0.0,0.0,0,,46,c020,30.0,100.0,0.0,0.0
60.0,75.0,20.0,6,100.0,200,c020,155.0,38.70967741935484,48.38709677419355,12.903225806451612
35.0,45.0,0.0,2,122.5,111,c020,80.0,43.75,56.25,0.0
15.0,60.0,0.0,7,51.857142857142854,91,c020,75.0,20.0,80.0,0.0
95.0,75.0,15.0,20,62.25,245,c020,185.0,51.351351351351354,40.54054054054054,8.108108108108109
30.0,30.0,0.0,0,,91,c020,60.0,50.0,50.0,0.0
0.0,60.0,0.0,6,84.5,101,c020,60.0,0.0,100.0,0.0
90.0,175.0,30.0,8,92.875,325,c020,295.0,30.508474576271187,59.32203389830509,10.169491525423728
5.0,45.0,15.0,4,35.5,66,c020,65.0,7.6923076923076925,69.23076923076923,23.076923076923077
0.0,30.0,0.0,0,,51,c020,30.0,0.0,100.0,0.0
30.0,45.0,10.0,6,92.5,101,c020,85.0,35.294117647058826,52.94117647058823,11.764705882352942
60.0,90.0,0.0,10,100.2,205,c020,150.0,40.0,60.0,0.0
15.0,70.0,15.0,7,111.71428571428571,116,c020,100.0,15.0,70.0,15.0
75.0,120.0,0.0,5,102.2,285,c020,195.0,38.46153846153846,61.53846153846154,0.0
0.0,40.0,15.0,2,39.5,56,c020,55.0,0.0,72.72727272727273,27.272727272727273
0.0,30.0,0.0,3,68.33333333333333,46,c020,30.0,0.0,100.0,0.0
45.0,30.0,0.0,0,,121,c020,75.0,60.0,40.0,0.0
15.0,70.0,0.0,8,83.75,86,c020,85.0,17.647058823529413,82.3529411764706,0.0
0.0,55.0,0.0,9,105.0,86,c020,55.0,0.0,100.0,0.0
15.0,45.0,0.0,8,124.75,76,c020,60.0,25.0,75.0,0.0
120.0,150.0,0.0,32,98.5,345,c020,270.0,44.44444444444444,55.55555555555556,0.0
25.0,45.0,0.0,9,87.0,86,c020,70.0,35.714285714285715,64.28571428571429,0.0
120.0,135.0,35.0,28,109.85714285714286,350,c020,290.0,41.37931034482759,46.55172413793103,12.068965517241379
25.0,45.0,0.0,8,76.75,86,c020,70.0,35.714285714285715,64.28571428571429,0.0
15.0,55.0,0.0,1,32.0,71,c020,70.0,21.428571428571427,78.57142857142857,0.0
30.0,40.0,0.0,4,121.0,86,c020,70.0,42.857142857142854,57.142857142857146,0.0
30.0,15.0,0.0,9,100.22222222222223,91,c020,45.0,66.66666666666667,33.333333333333336,0.0
60.0,60.0,0.0,15,86.0,150,c020,120.0,50.0,50.0,0.0
30.0,30.0,0.0,0,,106,c020,60.0,50.0,50.0,0.0
30.0,15.0,15.0,0,,61,c020,60.0,50.0,25.0,25.0
45.0,75.0,15.0,0,,150,c020,135.0,33.333333333333336,55.55555555555556,11.11111111111111
25.0,0.0,0.0,0,,41,c020,25.0,100.0,0.0,0.0
30.0,10.0,0.0,0,,56,c020,40.0,75.0,25.0,0.0
30.0,45.0,0.0,0,,91,c020,75.0,40.0,60.0,0.0
0.0,25.0,0.0,0,,41,c020,25.0,0.0,100.0,0.0
60.0,60.0,0.0,17,124.58823529411765,205,c020,120.0,50.0,50.0,0.0
30.0,15.0,0.0,6,122.33333333333333,61,c020,45.0,66.66666666666667,33.333333333333336,0.0
0.0,25.0,0.0,3,89.33333333333333,41,c020,25.0,0.0,100.0,0.0
45.0,15.0,0.0,8,125.875,76,c020,60.0,75.0,25.0,0.0
30.0,30.0,15.0,9,75.55555555555556,86,c020,75.0,40.0,40.0,20.0
15.0,30.0,0.0,3,90.66666666666667,46,c020,45.0,33.333333333333336,66.66666666666667,0.0
15.0,135.0,0.0,15,114.06666666666666,150,c020,150.0,10.0,90.0,0.0
60.0,75.0,0.0,10,88.5,165,c020,135.0,44.44444444444444,55.55555555555556,0.0
0.0,25.0,0.0,0,,41,c020,25.0,0.0,100.0,0.0
90.0,165.0,35.0,24,116.08333333333333,350,c020,290.0,31.03448275862069,56.89655172413793,12.068965517241379
30.0,55.0,15.0,10,114.3,116,c020,100.0,30.0,55.0,15.0
90.0,165.0,0.0,25,113.28,330,c020,255.0,35.294117647058826,64.70588235294117,0.0
30.0,45.0,0.0,3,84.66666666666667,91,c020,75.0,40.0,60.0,0.0
30.0,30.0,0.0,6,93.83333333333333,91,c020,60.0,50.0,50.0,0.0
30.0,105.0,0.0,4,56.75,150,c020,135.0,22.22222222222222,77.77777777777777,0.0
35.0,45.0,0.0,9,104.88888888888889,81,c020,80.0,43.75,56.25,0.0
30.0,0.0,0.0,0,,51,c020,30.0,100.0,0.0,0.0
45.0,90.0,15.0,10,104.2,165,c020,150.0,30.0,60.0,10.0
60.0,75.0,15.0,17,122.3529411764706,165,c020,150.0,40.0,50.0,10.0
0.0,45.0,0.0,0,,61,c020,45.0,0.0,100.0,0.0
105.0,165.0,5.0,25,116.84,350,c020,275.0,38.18181818181818,60.0,1.8181818181818181
30.0,45.0,0.0,9,109.22222222222223,91,c020,75.0,40.0,60.0,0.0
40.0,75.0,15.0,7,114.28571428571429,160,c020,130.0,30.76923076923077,57.69230769230769,11.538461538461538
15.0,95.0,0.0,14,89.92857142857143,140,c020,110.0,13.636363636363637,86.36363636363636,0.0
15.0,60.0,0.0,9,108.88888888888889,96,c020,75.0,20.0,80.0,0.0
0.0,40.0,0.0,5,90.0,56,c020,40.0,0.0,100.0,0.0
0.0,30.0,0.0,5,86.6,46,c020,30.0,0.0,100.0,0.0
60.0,105.0,0.0,19,111.52631578947368,240,c020,165.0,36.36363636363637,63.63636363636363,0.0
30.0,25.0,0.0,7,81.57142857142857,71,c020,55.0,54.54545454545455,45.45454545454545,0.0
30.0,45.0,0.0,9,98.22222222222223,96,c020,75.0,40.0,60.0,0.0
30.0,30.0,25.0,3,94.0,101,c020,85.0,35.294117647058826,35.294117647058826,29.41176470588235
60.0,90.0,5.0,18,108.27777777777777,200,c020,155.0,38.70967741935484,58.064516129032256,3.225806451612903
0.0,75.0,0.0,0,,91,c020,75.0,0.0,100.0,0.0
30.0,30.0,15.0,7,103.57142857142857,76,c020,75.0,40.0,40.0,20.0
60.0,120.0,0.0,24,105.45833333333333,240,c020,180.0,33.333333333333336,66.66666666666667,0.0
90.0,90.0,0.0,11,91.9090909090909,250,c020,180.0,50.0,50.0,0.0
30.0,40.0,0.0,0,,116,c020,70.0,42.857142857142854,57.142857142857146,0.0
70.0,60.0,0.0,0,,145,c020,130.0,53.84615384615385,46.15384615384615,0.0
30.0,25.0,0.0,0,,56,c020,55.0,54.54545454545455,45.45454545454545,0.0
75.0,90.0,5.0,6,121.5,200,c020,170.0,44.11764705882353,52.94117647058823,2.9411764705882355
30.0,25.0,0.0,6,118.0,71,c020,55.0,54.54545454545455,45.45454545454545,0.0
30.0,55.0,0.0,0,,86,c020,85.0,35.294117647058826,64.70588235294117,0.0
0.0,75.0,0.0,9,73.11111111111111,91,c020,75.0,0.0,100.0,0.0
30.0,40.0,15.0,5,112.2,86,c020,85.0,35.294117647058826,47.05882352941177,17.647058823529413
30.0,45.0,15.0,7,111.57142857142857,106,c020,90.0,33.333333333333336,50.0,16.666666666666668
50.0,45.0,0.0,4,122.0,125,c020,95.0,52.63157894736842,47.36842105263158,0.0
90.0,135.0,45.0,27,84.62962962962963,310,c020,270.0,33.333333333333336,50.0,16.666666666666668
30.0,25.0,0.0,6,71.83333333333333,56,c020,55.0,54.54545454545455,45.45454545454545,0.0
0.0,20.0,0.0,3,119.66666666666667,36,c020,20.0,0.0,100.0,0.0
60.0,60.0,0.0,12,100.66666666666667,185,c020,120.0,50.0,50.0,0.0
30.0,60.0,0.0,0,,106,c020,90.0,33.333333333333336,66.66666666666667,0.0
5.0,45.0,0.0,6,76.5,66,c020,50.0,10.0,90.0,0.0
90.0,120.0,15.0,17,106.6470588235294,300,c020,225.0,40.0,53.333333333333336,6.666666666666667
30.0,30.0,0.0,0,,61,c020,60.0,50.0,50.0,0.0
30.0,30.0,0.0,0,,61,c020,60.0,50.0,50.0,0.0
30.0,0.0,0.0,4,99.5,46,c020,30.0,100.0,0.0,0.0
90.0,105.0,0.0,14,96.78571428571429,240,c020,195.0,46.15384615384615,53.84615384615385,0.0
0.0,60.0,0.0,4,31.5,86,c021,60.0,0.0,100.0,0.0
30.0,35.0,0.0,3,45.333333333333336,81,c021,65.0,46.15384615384615,53.84615384615385,0.0
40.0,60.0,0.0,3,52.0,145,c021,100.0,40.0,60.0,0.0
30.0,30.0,0.0,3,37.333333333333336,76,c021,60.0,50.0,50.0,0.0
30.0,45.0,0.0,1,98.0,86,c021,75.0,40.0,60.0,0.0
20.0,45.0,0.0,3,31.333333333333332,81,c021,65.0,30.76923076923077,69.23076923076923,0.0
85.0,105.0,0.0,4,33.5,265,c021,190.0,44.73684210526316,55.26315789473684,0.0
60.0,90.0,0.0,4,36.0,225,c021,150.0,40.0,60.0,0.0
90.0,60.0,0.0,0,,210,c021,150.0,60.0,40.0,0.0
30.0,45.0,0.0,0,,96,c021,75.0,40.0,60.0,0.0
30.0,65.0,0.0,0,,96,c021,95.0,31.57894736842105,68.42105263157895,0.0
30.0,0.0,0.0,0,,46,c021,30.0,100.0,0.0,0.0
0.0,45.0,0.0,4,32.0,61,c021,45.0,0.0,100.0,0.0
80.0,105.0,15.0,3,31.333333333333332,230,c021,200.0,40.0,52.5,7.5
30.0,35.0,0.0,3,33.666666666666664,81,c021,65.0,46.15384615384615,53.84615384615385,0.0
10.0,45.0,0.0,4,40.25,71,c021,55.0,18.181818181818183,81.81818181818181,0.0
15.0,95.0,15.0,3,30.333333333333332,140,c021,125.0,12.0,76.0,12.0
130.0,150.0,30.0,3,31.333333333333332,340,c021,310.0,41.935483870967744,48.38709677419355,9.67741935483871
30.0,45.0,0.0,2,52.0,121,c021,75.0,40.0,60.0,0.0
0.0,110.0,0.0,11,117.45454545454545,125,c021,110.0,0.0,100.0,0.0
105.0,120.0,15.0,3,36.666666666666664,270,c021,240.0,43.75,50.0,6.25
30.0,45.0,0.0,4,67.25,91,c021,75.0,40.0,60.0,0.0
30.0,45.0,0.0,8,89.875,76,c021,75.0,40.0,60.0,0.0
10.0,105.0,0.0,3,32.333333333333336,145,c021,115.0,8.695652173913043,91.30434782608695,0.0
60.0,35.0,0.0,4,30.5,140,c021,95.0,63.1578947368421,36.8421052631579,0.0
30.0,35.0,0.0,3,33.333333333333336,81,c021,65.0,46.15384615384615,53.84615384615385,0.0
30.0,15.0,0.0,2,34.0,76,c021,45.0,66.66666666666667,33.333333333333336,0.0
50.0,105.0,30.0,0,,185,c021,185.0,27.027027027027028,56.75675675675676,16.216216216216218
60.0,90.0,5.0,3,29.0,200,c021,155.0,38.70967741935484,58.064516129032256,3.225806451612903
60.0,70.0,0.0,5,46.4,160,c021,130.0,46.15384615384615,53.84615384615385,0.0
30.0,35.0,0.0,5,38.8,81,c021,65.0,46.15384615384615,53.84615384615385,0.0
0.0,75.0,0.0,3,28.0,101,c021,75.0,0.0,100.0,0.0
90.0,150.0,15.0,3,30.666666666666668,315,c021,255.0,35.294117647058826,58.8235294117647,5.882352941176471
30.0,15.0,0.0,1,79.0,51,c021,45.0,66.66666666666667,33.333333333333336,0.0
5.0,45.0,15.0,5,34.2,66,c021,65.0,7.6923076923076925,69.23076923076923,23.076923076923077
75.0,75.0,0.0,0,,195,c021,150.0,50.0,50.0,0.0
75.0,180.0,0.0,0,,421,c021,255.0,29.41176470588235,70.58823529411765,0.0
30.0,10.0,0.0,5,31.8,56,c021,40.0,75.0,25.0,0.0
75.0,90.0,15.0,4,39.5,225,c021,180.0,41.666666666666664,50.0,8.333333333333334
50.0,60.0,0.0,0,,155,c021,110.0,45.45454545454545,54.54545454545455,0.0
15.0,60.0,15.0,0,,101,c021,90.0,16.666666666666668,66.66666666666667,16.666666666666668
0.0,75.0,0.0,4,39.5,101,c021,75.0,0.0,100.0,0.0
30.0,0.0,0.0,3,29.666666666666668,51,c021,30.0,100.0,0.0,0.0
60.0,120.0,0.0,4,32.25,240,c021,180.0,33.333333333333336,66.66666666666667,0.0
60.0,60.0,15.0,5,29.6,150,c021,135.0,44.44444444444444,44.44444444444444,11.11111111111111
60.0,75.0,0.0,3,49.333333333333336,195,c021,135.0,44.44444444444444,55.55555555555556,0.0
30.0,60.0,0.0,3,33.666666666666664,135,c021,90.0,33.333333333333336,66.66666666666667,0.0
0.0,45.0,0.0,2,32.0,61,c021,45.0,0.0,100.0,0.0
50.0,60.0,0.0,3,30.333333333333332,155,c021,110.0,45.45454545454545,54.54545454545455,0.0
60.0,85.0,0.0,2,32.5,190,c021,145.0,41.37931034482759,58.62068965517241,0.0
30.0,45.0,0.0,5,27.8,91,c021,75.0,40.0,60.0,0.0
60.0,115.0,0.0,3,30.0,220,c021,175.0,34.285714285714285,65.71428571428571,0.0
30.0,15.0,0.0,3,43.333333333333336,61,c021,45.0,66.66666666666667,33.333333333333336,0.0
35.0,45.0,0.0,0,,111,c021,80.0,43.75,56.25,0.0
15.0,15.0,0.0,0,,31,c021,30.0,50.0,50.0,0.0
30.0,115.0,15.0,7,30.285714285714285,175,c021,160.0,18.75,71.875,9.375
25.0,0.0,0.0,3,34.666666666666664,41,c021,25.0,100.0,0.0,0.0
110.0,105.0,0.0,4,35.5,290,c021,215.0,51.16279069767442,48.83720930232558,0.0
30.0,10.0,0.0,3,39.666666666666664,56,c021,40.0,75.0,25.0,0.0
0.0,40.0,15.0,0,,56,c021,55.0,0.0,72.72727272727273,27.272727272727273
105.0,75.0,15.0,4,29.75,240,c021,195.0,53.84615384615385,38.46153846153846,7.6923076923076925
30.0,30.0,0.0,3,32.0,91,c021,60.0,50.0,50.0,0.0
45.0,30.0,0.0,2,33.5,165,c021,75.0,60.0,40.0,0.0
0.0,30.0,0.0,2,30.0,51,c021,30.0,0.0,100.0,0.0
15.0,70.0,0.0,2,32.0,130,c021,85.0,17.647058823529413,82.3529411764706,0.0
0.0,25.0,0.0,2,34.5,41,c021,25.0,0.0,100.0,0.0
30.0,35.0,0.0,3,32.666666666666664,96,c021,65.0,46.15384615384615,53.84615384615385,0.0
45.0,75.0,15.0,3,30.333333333333332,150,c021,135.0,33.333333333333336,55.55555555555556,11.11111111111111
30.0,35.0,0.0,3,57.666666666666664,111,c021,65.0,46.15384615384615,53.84615384615385,0.0
0.0,45.0,0.0,1,35.0,61,c021,45.0,0.0,100.0,0.0
0.0,75.0,0.0,4,30.75,101,c021,75.0,0.0,100.0,0.0
30.0,0.0,0.0,0,,51,c021,30.0,100.0,0.0,0.0
45.0,60.0,0.0,0,,150,c021,105.0,42.857142857142854,57.142857142857146,0.0
30.0,60.0,15.0,3,33.0,121,c021,105.0,28.571428571428573,57.142857142857146,14.285714285714286
35.0,30.0,0.0,3,33.333333333333336,96,c021,65.0,53.84615384615385,46.15384615384615,0.0
0.0,45.0,0.0,0,,51,c021,45.0,0.0,100.0,0.0
15.0,45.0,0.0,0,,76,c021,60.0,25.0,75.0,0.0
60.0,105.0,30.0,5,29.0,215,c021,195.0,30.76923076923077,53.84615384615385,15.384615384615385
55.0,60.0,0.0,2,47.5,160,c021,115.0,47.82608695652174,52.17391304347826,0.0
0.0,30.0,0.0,4,29.0,46,c021,30.0,0.0,100.0,0.0
15.0,50.0,0.0,4,29.75,96,c021,65.0,23.076923076923077,76.92307692307692,0.0
95.0,105.0,15.0,0,,245,c021,215.0,44.18604651162791,48.83720930232558,6.976744186046512
30.0,60.0,0.0,0,,121,c021,90.0,33.333333333333336,66.66666666666667,0.0
15.0,30.0,0.0,0,,51,c021,45.0,33.333333333333336,66.66666666666667,0.0
30.0,45.0,15.0,0,,106,c021,90.0,33.333333333333336,50.0,16.666666666666668
30.0,45.0,0.0,0,,91,c021,75.0,40.0,60.0,0.0
60.0,60.0,0.0,0,,170,c021,120.0,50.0,50.0,0.0
60.0,80.0,0.0,0,,155,c021,140.0,42.857142857142854,57.142857142857146,0.0
60.0,105.0,15.0,0,,215,c021,180.0,33.333333333333336,58.333333333333336,8.333333333333334
30.0,15.0,0.0,0,,81,c021,45.0,66.66666666666667,33.333333333333336,0.0
30.0,15.0,0.0,0,,71,c021,45.0,66.66666666666667,33.333333333333336,0.0
15.0,45.0,0.0,0,,81,c021,60.0,25.0,75.0,0.0
0.0,30.0,0.0,0,,51,c021,30.0,0.0,100.0,0.0
30.0,45.0,0.0,0,,101,c021,75.0,40.0,60.0,0.0
30.0,70.0,15.0,0,,130,c021,115.0,26.08695652173913,60.869565217391305,13.043478260869565
90.0,90.0,15.0,0,,255,c021,195.0,46.15384615384615,46.15384615384615,7.6923076923076925
60.0,55.0,0.0,0,,145,c021,115.0,52.17391304347826,47.82608695652174,0.0
30.0,30.0,0.0,0,,86,c021,60.0,50.0,50.0,0.0
60.0,60.0,0.0,0,,185,c021,120.0,50.0,50.0,0.0
30.0,75.0,0.0,0,,150,c021,105.0,28.571428571428573,71.42857142857143,0.0
90.0,120.0,0.0,0,,270,c021,210.0,42.857142857142854,57.142857142857146,0.0
30.0,30.0,0.0,0,,91,c021,60.0,50.0,50.0,0.0
25.0,0.0,0.0,0,,41,c021,25.0,100.0,0.0,0.0
95.0,105.0,30.0,0,,260,c021,230.0,41.30434782608695,45.65217391304348,13.043478260869565
45.0,55.0,0.0,0,,145,c021,100.0,45.0,55.0,0.0
0.0,20.0,0.0,0,,36,c021,20.0,0.0,100.0,0.0
0.0,30.0,0.0,0,,51,c021,30.0,0.0,100.0,0.0
0.0,30.0,0.0,0,,51,c021,30.0,0.0,100.0,0.0
90.0,125.0,0.0,0,,290,c021,215.0,41.86046511627907,58.13953488372093,0.0
65.0,45.0,0.0,0,,140,c021,110.0,59.09090909090909,40.90909090909091,0.0
30.0,45.0,0.0,0,,121,c021,75.0,40.0,60.0,0.0
30.0,45.0,0.0,0,,96,c021,75.0,40.0,60.0,0.0
60.0,45.0,0.0,0,,150,c021,105.0,57.142857142857146,42.857142857142854,0.0
35.0,45.0,0.0,0,,210,c021,80.0,43.75,56.25,0.0
0.0,45.0,0.0,0,,61,c021,45.0,0.0,100.0,0.0
30.0,15.0,0.0,0,,76,c021,45.0,66.66666666666667,33.333333333333336,0.0
30.0,10.0,0.0,0,,56,c021,40.0,75.0,25.0,0.0
30.0,45.0,0.0,0,,91,c021,75.0,40.0,60.0,0.0
30.0,45.0,15.0,0,,106,c021,90.0,33.333333333333336,50.0,16.666666666666668
45.0,80.0,0.0,0,,140,c021,125.0,36.0,64.0,0.0
60.0,40.0,0.0,0,,145,c021,100.0,60.0,40.0,0.0
60.0,90.0,0.0,0,,190,c021,150.0,40.0,60.0,0.0
60.0,40.0,0.0,0,,145,c021,100.0,60.0,40.0,0.0
0.0,40.0,0.0,0,,56,c021,40.0,0.0,100.0,0.0
60.0,110.0,0.0,0,,260,c021,170.0,35.294117647058826,64.70588235294117,0.0
45.0,30.0,0.0,0,,121,c021,75.0,60.0,40.0,0.0
40.0,30.0,0.0,0,,71,c021,70.0,57.142857142857146,42.857142857142854,0.0
10.0,45.0,0.0,0,,71,c021,55.0,18.181818181818183,81.81818181818181,0.0
25.0,105.0,0.0,0,,145,c021,130.0,19.23076923076923,80.76923076923077,0.0
5.0,0.0,0.0,0,,76,c021,5.0,100.0,0.0,0.0
15.0,90.0,0.0,0,,121,c021,105.0,14.285714285714286,85.71428571428571,0.0
0.0,45.0,0.0,0,,61,c021,45.0,0.0,100.0,0.0
35.0,165.0,0.0,0,,245,c021,200.0,17.5,82.5,0.0
60.0,85.0,0.0,0,,190,c021,145.0,41.37931034482759,58.62068965517241,0.0
60.0,105.0,15.0,0,,210,c021,180.0,33.333333333333336,58.333333333333336,8.333333333333334
0.0,30.0,0.0,0,,51,c021,30.0,0.0,100.0,0.0
10.0,45.0,0.0,0,,71,c021,55.0,18.181818181818183,81.81818181818181,0.0
30.0,55.0,15.0,0,,116,c021,100.0,30.0,55.0,15.0
60.0,85.0,15.0,0,,175,c021,160.0,37.5,53.125,9.375
60.0,60.0,0.0,0,,160,c021,120.0,50.0,50.0,0.0
10.0,45.0,0.0,0,,71,c021,55.0,18.181818181818183,81.81818181818181,0.0
75.0,135.0,30.0,0,,290,c021,240.0,31.25,56.25,12.5
60.0,40.0,15.0,0,,145,c021,115.0,52.17391304347826,34.78260869565217,13.043478260869565
20.0,195.0,0.0,0,,245,c021,215.0,9.30232558139535,90.69767441860465,0.0
60.0,90.0,5.0,0,,200,c021,155.0,38.70967741935484,58.064516129032256,3.225806451612903
30.0,35.0,0.0,0,,81,c021,65.0,46.15384615384615,53.84615384615385,0.0
30.0,15.0,0.0,0,,61,c021,45.0,66.66666666666667,33.333333333333336,0.0
30.0,70.0,0.0,0,,130,c021,100.0,30.0,70.0,0.0
0.0,25.0,0.0,0,,41,c021,25.0,0.0,100.0,0.0
30.0,30.0,10.0,0,,101,c021,70.0,42.857142857142854,42.857142857142854,14.285714285714286
30.0,35.0,0.0,0,,111,c021,65.0,46.15384615384615,53.84615384615385,0.0
60.0,50.0,0.0,0,,155,c021,110.0,54.54545454545455,45.45454545454545,0.0
0.0,60.0,0.0,0,,81,c021,60.0,0.0,100.0,0.0
0.0,45.0,15.0,0,,61,c021,60.0,0.0,75.0,25.0
15.0,95.0,0.0,0,,125,c021,110.0,13.636363636363637,86.36363636363636,0.0
0.0,30.0,0.0,0,,51,c021,30.0,0.0,100.0,0.0
15.0,115.0,0.0,0,,160,c021,130.0,11.538461538461538,88.46153846153847,0.0
85.0,90.0,15.0,0,,235,c021,190.0,44.73684210526316,47.36842105263158,7.894736842105263
55.0,30.0,15.0,0,,130,c021,100.0,55.0,30.0,15.0
30.0,55.0,0.0,0,,130,c021,85.0,35.294117647058826,64.70588235294117,0.0
30.0,60.0,0.0,0,,111,c021,90.0,33.333333333333336,66.66666666666667,0.0
90.0,130.0,30.0,0,,265,c021,250.0,36.0,52.0,12.0
30.0,45.0,10.0,0,,101,c021,85.0,35.294117647058826,52.94117647058823,11.764705882352942
45.0,125.0,0.0,0,,215,c021,170.0,26.470588235294116,73.52941176470588,0.0
45.0,90.0,20.0,0,,200,c021,155.0,29.032258064516128,58.064516129032256,12.903225806451612
60.0,85.0,15.0,0,,175,c021,160.0,37.5,53.125,9.375
15.0,110.0,15.0,0,,155,c021,140.0,10.714285714285714,78.57142857142857,10.714285714285714
60.0,30.0,0.0,0,,135,c021,90.0,66.66666666666667,33.333333333333336,0.0
30.0,15.0,0.0,0,,81,c021,45.0,66.66666666666667,33.333333333333336,0.0
30.0,35.0,0.0,0,,111,c021,65.0,46.15384615384615,53.84615384615385,0.0
30.0,55.0,15.0,0,,116,c021,100.0,30.0,55.0,15.0
35.0,45.0,0.0,0,,81,c021,80.0,43.75,56.25,0.0
85.0,75.0,0.0,0,,220,c021,160.0,53.125,46.875,0.0
25.0,15.0,0.0,0,,41,c021,40.0,62.5,37.5,0.0
60.0,95.0,15.0,0,,170,c021,170.0,35.294117647058826,55.88235294117647,8.823529411764707
85.0,75.0,0.0,0,,220,c021,160.0,53.125,46.875,0.0
35.0,60.0,0.0,0,,111,c021,95.0,36.8421052631579,63.1578947368421,0.0
25.0,45.0,15.0,0,,86,c021,85.0,29.41176470588235,52.94117647058823,17.647058823529413
0.0,80.0,0.0,0,,111,c021,80.0,0.0,100.0,0.0
30.0,45.0,0.0,0,,91,c021,75.0,40.0,60.0,0.0
30.0,45.0,0.0,0,,121,c021,75.0,40.0,60.0,0.0
45.0,30.0,0.0,0,,121,c021,75.0,60.0,40.0,0.0
35.0,60.0,15.0,4,32.25,125,c021,110.0,31.818181818181817,54.54545454545455,13.636363636363637
60.0,105.0,0.0,1,41.0,210,c021,165.0,36.36363636363637,63.63636363636363,0.0
30.0,80.0,15.0,1,33.0,125,c021,125.0,24.0,64.0,12.0
15.0,50.0,0.0,1,106.0,81,c021,65.0,23.076923076923077,76.92307692307692,0.0
45.0,75.0,0.0,6,58.5,150,c022,120.0,37.5,62.5,0.0
30.0,15.0,0.0,7,92.71428571428571,86,c022,45.0,66.66666666666667,33.333333333333336,0.0
30.0,45.0,15.0,11,96.54545454545455,111,c022,90.0,33.333333333333336,50.0,16.666666666666668
0.0,20.0,0.0,2,89.5,21,c022,20.0,0.0,100.0,0.0
0.0,25.0,0.0,4,76.0,41,c022,25.0,0.0,100.0,0.0
60.0,75.0,0.0,10,64.0,175,c022,135.0,44.44444444444444,55.55555555555556,0.0
60.0,60.0,0.0,5,63.4,165,c022,120.0,50.0,50.0,0.0
0.0,25.0,0.0,0,,41,c022,25.0,0.0,100.0,0.0
30.0,10.0,0.0,0,,56,c022,40.0,75.0,25.0,0.0
60.0,65.0,0.0,0,,140,c022,125.0,48.0,52.0,0.0
30.0,40.0,0.0,0,,71,c022,70.0,42.857142857142854,57.142857142857146,0.0
30.0,15.0,0.0,0,,51,c022,45.0,66.66666666666667,33.333333333333336,0.0
0.0,30.0,0.0,0,,46,c022,30.0,0.0,100.0,0.0
0.0,40.0,0.0,0,,56,c022,40.0,0.0,100.0,0.0
30.0,15.0,0.0,0,,81,c022,45.0,66.66666666666667,33.333333333333336,0.0
30.0,30.0,0.0,0,,101,c022,60.0,50.0,50.0,0.0
30.0,30.0,0.0,0,,76,c022,60.0,50.0,50.0,0.0
90.0,135.0,30.0,0,,270,c022,255.0,35.294117647058826,52.94117647058823,11.764705882352942
30.0,30.0,0.0,0,,106,c022,60.0,50.0,50.0,0.0
0.0,20.0,0.0,0,,21,c022,20.0,0.0,100.0,0.0
60.0,195.0,15.0,0,,285,c022,270.0,22.22222222222222,72.22222222222223,5.555555555555555
35.0,30.0,0.0,0,,111,c022,65.0,53.84615384615385,46.15384615384615,0.0
30.0,30.0,0.0,0,,91,c022,60.0,50.0,50.0,0.0
0.0,30.0,0.0,0,,46,c022,30.0,0.0,100.0,0.0
0.0,45.0,0.0,0,,76,c022,45.0,0.0,100.0,0.0
30.0,30.0,15.0,0,,76,c022,75.0,40.0,40.0,20.0
30.0,45.0,0.0,0,,101,c022,75.0,40.0,60.0,0.0
30.0,20.0,0.0,0,,66,c022,50.0,60.0,40.0,0.0
30.0,40.0,0.0,0,,71,c022,70.0,42.857142857142854,57.142857142857146,0.0
30.0,30.0,0.0,0,,81,c022,60.0,50.0,50.0,0.0
35.0,60.0,0.0,0,,111,c022,95.0,36.8421052631579,63.1578947368421,0.0
30.0,55.0,0.0,0,,86,c022,85.0,35.294117647058826,64.70588235294117,0.0
30.0,45.0,0.0,0,,76,c022,75.0,40.0,60.0,0.0
0.0,45.0,0.0,0,,61,c022,45.0,0.0,100.0,0.0
30.0,45.0,0.0,0,,86,c022,75.0,40.0,60.0,0.0
5.0,45.0,0.0,0,,66,c022,50.0,10.0,90.0,0.0
30.0,50.0,0.0,0,,111,c022,80.0,37.5,62.5,0.0
15.0,60.0,0.0,0,,96,c022,75.0,20.0,80.0,0.0
70.0,120.0,45.0,0,,235,c022,235.0,29.78723404255319,51.06382978723404,19.148936170212767
30.0,45.0,10.0,0,,101,c022,85.0,35.294117647058826,52.94117647058823,11.764705882352942
30.0,10.0,0.0,0,,56,c022,40.0,75.0,25.0,0.0
30.0,0.0,0.0,0,,46,c022,30.0,100.0,0.0,0.0
30.0,15.0,0.0,0,,91,c022,45.0,66.66666666666667,33.333333333333336,0.0
30.0,35.0,0.0,0,,66,c022,65.0,46.15384615384615,53.84615384615385,0.0
0.0,30.0,0.0,0,,46,c022,30.0,0.0,100.0,0.0
135.0,150.0,0.0,0,,410,c022,285.0,47.36842105263158,52.63157894736842,0.0
30.0,120.0,0.0,0,,165,c022,150.0,20.0,80.0,0.0
90.0,115.0,15.0,0,,280,c022,220.0,40.90909090909091,52.27272727272727,6.818181818181818
50.0,30.0,0.0,0,,125,c022,80.0,62.5,37.5,0.0
30.0,45.0,0.0,0,,76,c022,75.0,40.0,60.0,0.0
5.0,45.0,0.0,0,,66,c022,50.0,10.0,90.0,0.0
80.0,180.0,15.0,0,,305,c022,275.0,29.09090909090909,65.45454545454545,5.454545454545454
40.0,60.0,0.0,0,,116,c022,100.0,40.0,60.0,0.0
0.0,40.0,0.0,0,,56,c022,40.0,0.0,100.0,0.0
40.0,15.0,0.0,0,,71,c022,55.0,72.72727272727273,27.272727272727273,0.0
30.0,20.0,0.0,0,,66,c022,50.0,60.0,40.0,0.0
45.0,45.0,0.0,0,,121,c022,90.0,50.0,50.0,0.0
30.0,25.0,0.0,0,,56,c022,55.0,54.54545454545455,45.45454545454545,0.0
0.0,45.0,0.0,0,,71,c022,45.0,0.0,100.0,0.0
0.0,30.0,0.0,0,,51,c022,30.0,0.0,100.0,0.0
90.0,105.0,0.0,0,,255,c022,195.0,46.15384615384615,53.84615384615385,0.0
50.0,45.0,0.0,0,,125,c022,95.0,52.63157894736842,47.36842105263158,0.0
30.0,30.0,0.0,0,,106,c022,60.0,50.0,50.0,0.0
30.0,55.0,15.0,0,,130,c022,100.0,30.0,55.0,15.0
30.0,25.0,0.0,0,,86,c022,55.0,54.54545454545455,45.45454545454545,0.0
15.0,80.0,0.0,0,,125,c022,95.0,15.789473684210526,84.21052631578948,0.0
85.0,75.0,0.0,0,,220,c022,160.0,53.125,46.875,0.0
30.0,15.0,0.0,0,,76,c022,45.0,66.66666666666667,33.333333333333336,0.0
30.0,15.0,15.0,0,,61,c022,60.0,50.0,25.0,25.0
90.0,100.0,0.0,0,,280,c022,190.0,47.36842105263158,52.63157894736842,0.0
45.0,25.0,0.0,0,,71,c022,70.0,64.28571428571429,35.714285714285715,0.0
90.0,150.0,0.0,0,,315,c022,240.0,37.5,62.5,0.0
45.0,90.0,15.0,0,,150,c022,150.0,30.0,60.0,10.0
0.0,30.0,0.0,0,,46,c022,30.0,0.0,100.0,0.0
15.0,0.0,0.0,0,,31,c022,15.0,100.0,0.0,0.0
35.0,60.0,0.0,0,,111,c022,95.0,36.8421052631579,63.1578947368421,0.0
35.0,60.0,0.0,0,,111,c022,95.0,36.8421052631579,63.1578947368421,0.0
45.0,105.0,15.0,0,,190,c022,165.0,27.272727272727273,63.63636363636363,9.090909090909092
30.0,65.0,15.0,0,,111,c022,110.0,27.272727272727273,59.09090909090909,13.636363636363637
30.0,30.0,0.0,0,,86,c022,60.0,50.0,50.0,0.0
60.0,60.0,0.0,0,,1000,c022,120.0,50.0,50.0,0.0
0.0,40.0,0.0,0,,56,c022,40.0,0.0,100.0,0.0
75.0,105.0,30.0,0,,240,c022,210.0,35.714285714285715,50.0,14.285714285714286
40.0,75.0,0.0,0,,130,c022,115.0,34.78260869565217,65.21739130434783,0.0
0.0,30.0,0.0,0,,51,c022,30.0,0.0,100.0,0.0
0.0,30.0,0.0,0,,345,c023,30.0,0.0,100.0,0.0
0.0,30.0,0.0,0,,46,c023,30.0,0.0,100.0,0.0
60.0,85.0,0.0,0,,175,c023,145.0,41.37931034482759,58.62068965517241,0.0
45.0,75.0,15.0,0,,150,c023,135.0,33.333333333333336,55.55555555555556,11.11111111111111
40.0,45.0,0.0,0,,116,c023,85.0,47.05882352941177,52.94117647058823,0.0
30.0,55.0,0.0,0,,130,c023,85.0,35.294117647058826,64.70588235294117,0.0
30.0,30.0,0.0,0,,106,c023,60.0,50.0,50.0,0.0
60.0,105.0,20.0,0,,200,c023,185.0,32.432432432432435,56.75675675675676,10.81081081081081
30.0,20.0,0.0,0,,66,c023,50.0,60.0,40.0,0.0
90.0,90.0,15.0,0,,250,c023,195.0,46.15384615384615,46.15384615384615,7.6923076923076925
30.0,55.0,0.0,0,,86,c023,85.0,35.294117647058826,64.70588235294117,0.0
135.0,75.0,0.0,0,,270,c023,210.0,64.28571428571429,35.714285714285715,0.0
70.0,30.0,0.0,0,,145,c023,100.0,70.0,30.0,0.0
10.0,45.0,0.0,0,,71,c023,55.0,18.181818181818183,81.81818181818181,0.0
0.0,25.0,0.0,0,,41,c023,25.0,0.0,100.0,0.0
30.0,15.0,0.0,0,,61,c023,45.0,66.66666666666667,33.333333333333336,0.0
30.0,45.0,0.0,0,,106,c023,75.0,40.0,60.0,0.0
75.0,55.0,0.0,0,,175,c023,130.0,57.69230769230769,42.30769230769231,0.0
0.0,40.0,0.0,0,,56,c023,40.0,0.0,100.0,0.0
105.0,135.0,15.0,0,,330,c023,255.0,41.1764705882353,52.94117647058823,5.882352941176471
0.0,25.0,0.0,0,,41,c023,25.0,0.0,100.0,0.0
30.0,15.0,0.0,0,,71,c023,45.0,66.66666666666667,33.333333333333336,0.0
105.0,90.0,15.0,0,,240,c023,210.0,50.0,42.857142857142854,7.142857142857143
0.0,35.0,0.0,0,,36,c023,35.0,0.0,100.0,0.0
30.0,45.0,15.0,0,,106,c023,90.0,33.333333333333336,50.0,16.666666666666668
15.0,80.0,0.0,0,,111,c023,95.0,15.789473684210526,84.21052631578948,0.0
30.0,30.0,0.0,0,,91,c023,60.0,50.0,50.0,0.0
30.0,10.0,0.0,0,,56,c023,40.0,75.0,25.0,0.0
60.0,80.0,15.0,0,,170,c023,155.0,38.70967741935484,51.61290322580645,9.67741935483871
30.0,25.0,0.0,0,,71,c023,55.0,54.54545454545455,45.45454545454545,0.0
30.0,10.0,0.0,0,,56,c023,40.0,75.0,25.0,0.0
30.0,45.0,15.0,0,,121,c023,90.0,33.333333333333336,50.0,16.666666666666668
30.0,35.0,0.0,0,,66,c023,65.0,46.15384615384615,53.84615384615385,0.0
60.0,85.0,0.0,0,,160,c023,145.0,41.37931034482759,58.62068965517241,0.0
30.0,0.0,0.0,0,,46,c023,30.0,100.0,0.0,0.0
105.0,100.0,30.0,0,,265,c023,235.0,44.680851063829785,42.5531914893617,12.76595744680851
30.0,30.0,0.0,0,,61,c023,60.0,50.0,50.0,0.0
105.0,130.0,15.0,0,,295,c023,250.0,42.0,52.0,6.0
60.0,25.0,0.0,0,,116,c023,85.0,70.58823529411765,29.41176470588235,0.0
120.0,165.0,20.0,0,,350,c023,305.0,39.34426229508197,54.09836065573771,6.557377049180328
135.0,135.0,30.0,0,,345,c023,300.0,45.0,45.0,10.0
30.0,65.0,0.0,0,,125,c023,95.0,31.57894736842105,68.42105263157895,0.0
40.0,15.0,0.0,0,,71,c023,55.0,72.72727272727273,27.272727272727273,0.0
25.0,0.0,0.0,0,,41,c023,25.0,100.0,0.0,0.0
30.0,15.0,0.0,0,,61,c023,45.0,66.66666666666667,33.333333333333336,0.0
45.0,40.0,0.0,0,,130,c023,85.0,52.94117647058823,47.05882352941177,0.0
15.0,45.0,0.0,0,,76,c023,60.0,25.0,75.0,0.0
15.0,60.0,0.0,0,,91,c023,75.0,20.0,80.0,0.0
60.0,55.0,0.0,0,,160,c023,115.0,52.17391304347826,47.82608695652174,0.0
30.0,20.0,0.0,0,,66,c023,50.0,60.0,40.0,0.0
65.0,45.0,0.0,0,,140,c023,110.0,59.09090909090909,40.90909090909091,0.0
30.0,45.0,0.0,0,,91,c023,75.0,40.0,60.0,0.0
60.0,85.0,0.0,0,,175,c023,145.0,41.37931034482759,58.62068965517241,0.0
75.0,90.0,0.0,0,,195,c023,165.0,45.45454545454545,54.54545454545455,0.0
90.0,125.0,0.0,0,,275,c023,215.0,41.86046511627907,58.13953488372093,0.0
30.0,35.0,0.0,0,,111,c023,65.0,46.15384615384615,53.84615384615385,0.0
30.0,25.0,0.0,0,,71,c023,55.0,54.54545454545455,45.45454545454545,0.0
30.0,60.0,0.0,0,,101,c023,90.0,33.333333333333336,66.66666666666667,0.0
30.0,30.0,0.0,0,,61,c023,60.0,50.0,50.0,0.0
30.0,45.0,10.0,0,,101,c023,85.0,35.294117647058826,52.94117647058823,11.764705882352942
130.0,150.0,15.0,0,,340,c023,295.0,44.067796610169495,50.847457627118644,5.084745762711864
30.0,60.0,0.0,0,,121,c023,90.0,33.333333333333336,66.66666666666667,0.0
120.0,135.0,0.0,0,,300,c023,255.0,47.05882352941177,52.94117647058823,0.0
75.0,60.0,0.0,0,,165,c023,135.0,55.55555555555556,44.44444444444444,0.0
0.0,30.0,0.0,0,,51,c023,30.0,0.0,100.0,0.0
90.0,90.0,0.0,0,,250,c023,180.0,50.0,50.0,0.0
30.0,35.0,0.0,0,,66,c023,65.0,46.15384615384615,53.84615384615385,0.0
30.0,30.0,0.0,0,,86,c023,60.0,50.0,50.0,0.0
145.0,105.0,0.0,0,,340,c023,250.0,58.0,42.0,0.0
40.0,30.0,0.0,0,,116,c023,70.0,57.142857142857146,42.857142857142854,0.0
5.0,45.0,0.0,0,,66,c023,50.0,10.0,90.0,0.0
0.0,20.0,0.0,0,,36,c023,20.0,0.0,100.0,0.0
35.0,45.0,0.0,0,,111,c023,80.0,43.75,56.25,0.0
60.0,90.0,15.0,0,,195,c023,165.0,36.36363636363637,54.54545454545455,9.090909090909092
30.0,30.0,0.0,0,,81,c023,60.0,50.0,50.0,0.0
75.0,150.0,0.0,0,,285,c023,225.0,33.333333333333336,66.66666666666667,0.0
0.0,30.0,0.0,0,,46,c023,30.0,0.0,100.0,0.0
165.0,225.0,15.0,0,,510,c023,405.0,40.74074074074074,55.55555555555556,3.7037037037037037
75.0,120.0,15.0,0,,240,c023,210.0,35.714285714285715,57.142857142857146,7.142857142857143
30.0,65.0,0.0,0,,125,c023,95.0,31.57894736842105,68.42105263157895,0.0
45.0,135.0,5.0,0,,200,c023,185.0,24.324324324324323,72.97297297297297,2.7027027027027026
60.0,105.0,15.0,0,,225,c023,180.0,33.333333333333336,58.333333333333336,8.333333333333334
60.0,85.0,15.0,0,,175,c023,160.0,37.5,53.125,9.375
0.0,110.0,0.0,0,,125,c023,110.0,0.0,100.0,0.0
10.0,45.0,0.0,0,,71,c023,55.0,18.181818181818183,81.81818181818181,0.0
0.0,25.0,0.0,0,,41,c023,25.0,0.0,100.0,0.0
30.0,15.0,0.0,7,98.71428571428571,66,c023,45.0,66.66666666666667,33.333333333333336,0.0
25.0,0.0,0.0,4,89.5,41,c023,25.0,100.0,0.0,0.0
30.0,45.0,0.0,10,82.1,96,c023,75.0,40.0,60.0,0.0
45.0,85.0,0.0,4,62.0,160,c023,130.0,34.61538461538461,65.38461538461539,0.0
30.0,45.0,0.0,8,85.0,106,c023,75.0,40.0,60.0,0.0
30.0,55.0,0.0,10,77.5,116,c023,85.0,35.294117647058826,64.70588235294117,0.0
45.0,45.0,15.0,3,58.666666666666664,121,c023,105.0,42.857142857142854,42.857142857142854,14.285714285714286
60.0,70.0,0.0,7,52.0,146,c023,130.0,46.15384615384615,53.84615384615385,0.0
45.0,105.0,0.0,17,74.29411764705883,195,c023,150.0,30.0,70.0,0.0
45.0,80.0,0.0,5,81.4,155,c023,125.0,36.0,64.0,0.0
75.0,75.0,0.0,13,72.15384615384616,205,c023,150.0,50.0,50.0,0.0
0.0,55.0,0.0,3,124.66666666666667,56,c023,55.0,0.0,100.0,0.0
30.0,45.0,0.0,7,60.142857142857146,96,c023,75.0,40.0,60.0,0.0
30.0,0.0,0.0,0,,46,c023,30.0,100.0,0.0,0.0
45.0,30.0,0.0,5,69.8,111,c023,75.0,60.0,40.0,0.0
60.0,100.0,15.0,15,64.33333333333333,190,c023,175.0,34.285714285714285,57.142857142857146,8.571428571428571
30.0,15.0,15.0,4,58.5,61,c023,60.0,50.0,25.0,25.0
105.0,100.0,30.0,13,72.61538461538461,235,c023,235.0,44.680851063829785,42.5531914893617,12.76595744680851
30.0,60.0,0.0,7,62.285714285714285,121,c023,90.0,33.333333333333336,66.66666666666667,0.0
30.0,30.0,0.0,0,,91,c023,60.0,50.0,50.0,0.0
30.0,90.0,15.0,7,58.714285714285715,135,c023,135.0,22.22222222222222,66.66666666666667,11.11111111111111
60.0,30.0,0.0,12,81.75,135,c023,90.0,66.66666666666667,33.333333333333336,0.0
30.0,45.0,0.0,7,73.57142857142857,91,c023,75.0,40.0,60.0,0.0
30.0,55.0,0.0,0,,116,c023,85.0,35.294117647058826,64.70588235294117,0.0
0.0,30.0,0.0,2,63.0,46,c023,30.0,0.0,100.0,0.0
55.0,30.0,0.0,6,59.5,130,c023,85.0,64.70588235294117,35.294117647058826,0.0
55.0,75.0,0.0,8,66.0,175,c023,130.0,42.30769230769231,57.69230769230769,0.0
20.0,45.0,0.0,3,41.666666666666664,81,c023,65.0,30.76923076923077,69.23076923076923,0.0
60.0,75.0,0.0,10,81.4,185,c023,135.0,44.44444444444444,55.55555555555556,0.0
35.0,60.0,15.0,12,93.58333333333333,140,c023,110.0,31.818181818181817,54.54545454545455,13.636363636363637
60.0,70.0,0.0,9,61.22222222222222,175,c023,130.0,46.15384615384615,53.84615384615385,0.0
55.0,75.0,0.0,14,59.857142857142854,160,c023,130.0,42.30769230769231,57.69230769230769,0.0
60.0,100.0,0.0,14,72.71428571428571,235,c023,160.0,37.5,62.5,0.0
60.0,50.0,0.0,7,56.857142857142854,140,c023,110.0,54.54545454545455,45.45454545454545,0.0
0.0,30.0,0.0,4,54.25,51,c023,30.0,0.0,100.0,0.0
30.0,45.0,0.0,2,39.0,101,c023,75.0,40.0,60.0,0.0
90.0,105.0,15.0,13,60.84615384615385,240,c023,210.0,42.857142857142854,50.0,7.142857142857143
0.0,35.0,0.0,0,,36,c023,35.0,0.0,100.0,0.0
0.0,95.0,0.0,10,54.0,111,c023,95.0,0.0,100.0,0.0
45.0,15.0,0.0,6,46.0,76,c023,60.0,75.0,25.0,0.0
60.0,90.0,15.0,13,78.46153846153847,185,c023,165.0,36.36363636363637,54.54545454545455,9.090909090909092
30.0,30.0,0.0,7,58.857142857142854,76,c023,60.0,50.0,50.0,0.0
40.0,15.0,0.0,5,65.8,71,c023,55.0,72.72727272727273,27.272727272727273,0.0
45.0,60.0,0.0,13,60.84615384615385,135,c023,105.0,42.857142857142854,57.142857142857146,0.0
0.0,20.0,0.0,4,68.25,36,c023,20.0,0.0,100.0,0.0
35.0,45.0,0.0,10,77.3,96,c023,80.0,43.75,56.25,0.0
30.0,0.0,0.0,2,36.5,46,c023,30.0,100.0,0.0,0.0
30.0,20.0,0.0,3,114.16666666666667,66,c023,50.0,60.0,40.0,0.0
55.0,75.0,0.0,14,75.5,160,c023,130.0,42.30769230769231,57.69230769230769,0.0
0.0,40.0,0.0,0,,56,c023,40.0,0.0,100.0,0.0
30.0,15.0,0.0,2,35.0,61,c023,45.0,66.66666666666667,33.333333333333336,0.0
65.0,30.0,0.0,10,80.5,125,c023,95.0,68.42105263157895,31.57894736842105,0.0
45.0,30.0,0.0,8,59.5,96,c023,75.0,60.0,40.0,0.0
30.0,20.0,0.0,9,100.0,96,c023,50.0,60.0,40.0,0.0
0.0,25.0,0.0,3,91.0,41,c023,25.0,0.0,100.0,0.0
20.0,45.0,0.0,3,51.0,81,c023,65.0,30.76923076923077,69.23076923076923,0.0
20.0,45.0,0.0,5,55.0,81,c023,65.0,30.76923076923077,69.23076923076923,0.0
0.0,30.0,0.0,2,49.0,46,c023,30.0,0.0,100.0,0.0
15.0,0.0,0.0,1,33.0,31,c023,15.0,100.0,0.0,0.0
70.0,15.0,0.0,8,78.125,130,c023,85.0,82.3529411764706,17.647058823529413,0.0
30.0,30.0,0.0,8,108.0,91,c023,60.0,50.0,50.0,0.0
30.0,45.0,15.0,7,92.0,91,c023,90.0,33.333333333333336,50.0,16.666666666666668
30.0,15.0,0.0,4,80.25,51,c023,45.0,66.66666666666667,33.333333333333336,0.0
30.0,35.0,0.0,9,64.11111111111111,111,c023,65.0,46.15384615384615,53.84615384615385,0.0
30.0,15.0,0.0,6,91.5,71,c023,45.0,66.66666666666667,33.333333333333336,0.0
45.0,30.0,0.0,10,74.7,101,c023,75.0,60.0,40.0,0.0
30.0,0.0,0.0,5,75.8,51,c023,30.0,100.0,0.0,0.0
75.0,75.0,0.0,15,95.8,210,c023,150.0,50.0,50.0,0.0
50.0,60.0,0.0,0,,155,c023,110.0,45.45454545454545,54.54545454545455,0.0
30.0,30.0,0.0,0,,81,c023,60.0,50.0,50.0,0.0
30.0,10.0,0.0,0,,56,c023,40.0,75.0,25.0,0.0
30.0,25.0,0.0,0,,71,c023,55.0,54.54545454545455,45.45454545454545,0.0
15.0,0.0,0.0,0,,31,c023,15.0,100.0,0.0,0.0
30.0,0.0,0.0,0,,46,c023,30.0,100.0,0.0,0.0
30.0,20.0,0.0,0,,66,c023,50.0,60.0,40.0,0.0
45.0,40.0,0.0,0,,86,c023,85.0,52.94117647058823,47.05882352941177,0.0
30.0,10.0,0.0,0,,56,c023,40.0,75.0,25.0,0.0
75.0,105.0,15.0,0,,225,c023,195.0,38.46153846153846,53.84615384615385,7.6923076923076925
0.0,45.0,0.0,0,,51,c023,45.0,0.0,100.0,0.0
30.0,30.0,0.0,0,,91,c023,60.0,50.0,50.0,0.0
0.0,30.0,0.0,0,,46,c023,30.0,0.0,100.0,0.0
60.0,75.0,0.0,0,,170,c023,135.0,44.44444444444444,55.55555555555556,0.0
30.0,45.0,15.0,0,,106,c023,90.0,33.333333333333336,50.0,16.666666666666668
40.0,15.0,0.0,0,,71,c023,55.0,72.72727272727273,27.272727272727273,0.0
20.0,0.0,0.0,0,,36,c023,20.0,100.0,0.0,0.0
0.0,30.0,0.0,0,,46,c023,30.0,0.0,100.0,0.0
120.0,120.0,30.0,0,,315,c023,270.0,44.44444444444444,44.44444444444444,11.11111111111111
30.0,30.0,0.0,7,52.42857142857143,76,c023,60.0,50.0,50.0,0.0
30.0,60.0,0.0,0,,121,c023,90.0,33.333333333333336,66.66666666666667,0.0
30.0,30.0,0.0,7,94.85714285714286,96,c023,60.0,50.0,50.0,0.0
105.0,75.0,15.0,9,77.22222222222223,240,c023,195.0,53.84615384615385,38.46153846153846,7.6923076923076925
15.0,45.0,10.0,10,67.6,101,c023,70.0,21.428571428571427,64.28571428571429,14.285714285714286
60.0,90.0,15.0,15,69.66666666666667,195,c023,165.0,36.36363636363637,54.54545454545455,9.090909090909092
30.0,35.0,0.0,9,98.88888888888889,96,c023,65.0,46.15384615384615,53.84615384615385,0.0
90.0,105.0,15.0,8,104.125,240,c023,210.0,42.857142857142854,50.0,7.142857142857143
90.0,65.0,0.0,20,86.35,230,c023,155.0,58.064516129032256,41.935483870967744,0.0
0.0,145.0,0.0,0,,190,c023,145.0,0.0,100.0,0.0
85.0,75.0,0.0,11,71.81818181818181,220,c023,160.0,53.125,46.875,0.0
30.0,60.0,15.0,12,69.58333333333333,121,c023,105.0,28.571428571428573,57.142857142857146,14.285714285714286
30.0,45.0,0.0,5,63.4,76,c023,75.0,40.0,60.0,0.0
10.0,45.0,0.0,3,90.33333333333333,71,c023,55.0,18.181818181818183,81.81818181818181,0.0
30.0,30.0,0.0,8,80.125,106,c023,60.0,50.0,50.0,0.0
60.0,75.0,15.0,15,83.53333333333333,180,c023,150.0,40.0,50.0,10.0
30.0,10.0,0.0,5,110.2,56,c023,40.0,75.0,25.0,0.0
0.0,45.0,0.0,3,43.333333333333336,61,c023,45.0,0.0,100.0,0.0
5.0,45.0,0.0,0,,66,c023,50.0,10.0,90.0,0.0
60.0,60.0,0.0,6,51.333333333333336,165,c023,120.0,50.0,50.0,0.0
60.0,85.0,15.0,4,86.0,175,c023,160.0,37.5,53.125,9.375
30.0,55.0,0.0,11,80.27272727272727,116,c023,85.0,35.294117647058826,64.70588235294117,0.0
30.0,100.0,15.0,8,60.25,145,c023,145.0,20.689655172413794,68.96551724137932,10.344827586206897
20.0,45.0,0.0,7,57.42857142857143,81,c023,65.0,30.76923076923077,69.23076923076923,0.0
105.0,135.0,30.0,24,77.25,315,c023,270.0,38.888888888888886,50.0,11.11111111111111
30.0,45.0,15.0,8,77.1875,106,c023,90.0,33.333333333333336,50.0,16.666666666666668
0.0,25.0,0.0,3,96.0,41,c023,25.0,0.0,100.0,0.0
0.0,45.0,0.0,1,43.0,61,c023,45.0,0.0,100.0,0.0
85.0,60.0,0.0,0,,220,c023,145.0,58.62068965517241,41.37931034482759,0.0
30.0,85.0,0.0,13,61.38461538461539,145,c023,115.0,26.08695652173913,73.91304347826087,0.0
0.0,85.0,0.0,8,58.0,86,c023,85.0,0.0,100.0,0.0
30.0,45.0,15.0,1,32.0,106,c023,90.0,33.333333333333336,50.0,16.666666666666668
30.0,40.0,0.0,8,83.875,86,c023,70.0,42.857142857142854,57.142857142857146,0.0
60.0,50.0,0.0,15,72.73333333333333,155,c023,110.0,54.54545454545455,45.45454545454545,0.0
55.0,30.0,0.0,8,71.125,86,c023,85.0,64.70588235294117,35.294117647058826,0.0
0.0,25.0,0.0,0,,41,c023,25.0,0.0,100.0,0.0
60.0,45.0,15.0,0,,135,c023,120.0,50.0,37.5,12.5
45.0,45.0,0.0,0,,121,c023,90.0,50.0,50.0,0.0
30.0,20.0,0.0,0,,66,c023,50.0,60.0,40.0,0.0
30.0,60.0,0.0,0,,121,c023,90.0,33.333333333333336,66.66666666666667,0.0
30.0,40.0,0.0,7,39.0,86,c023,70.0,42.857142857142854,57.142857142857146,0.0
60.0,75.0,0.0,13,79.23076923076923,195,c023,135.0,44.44444444444444,55.55555555555556,0.0
30.0,0.0,0.0,0,,46,c023,30.0,100.0,0.0,0.0
30.0,15.0,0.0,0,,91,c023,45.0,66.66666666666667,33.333333333333336,0.0
15.0,90.0,0.0,9,68.22222222222223,121,c023,105.0,14.285714285714286,85.71428571428571,0.0
30.0,0.0,0.0,0,,46,c023,30.0,100.0,0.0,0.0
30.0,10.0,0.0,2,97.0,56,c023,40.0,75.0,25.0,0.0
35.0,30.0,0.0,6,52.166666666666664,66,c023,65.0,53.84615384615385,46.15384615384615,0.0
65.0,15.0,0.0,7,82.28571428571429,125,c023,80.0,81.25,18.75,0.0
45.0,30.0,0.0,7,59.857142857142854,76,c023,75.0,60.0,40.0,0.0
15.0,120.0,0.0,0,,150,c023,135.0,11.11111111111111,88.88888888888889,0.0
30.0,50.0,15.0,0,,111,c023,95.0,31.57894736842105,52.63157894736842,15.789473684210526
30.0,30.0,0.0,0,,86,c023,60.0,50.0,50.0,0.0
60.0,55.0,0.0,0,,160,c023,115.0,52.17391304347826,47.82608695652174,0.0
30.0,45.0,0.0,3,93.66666666666667,91,c023,75.0,40.0,60.0,0.0
90.0,80.0,0.0,5,32.2,230,c024,170.0,52.94117647058823,47.05882352941177,0.0
30.0,30.0,0.0,1,32.0,61,c024,60.0,50.0,50.0,0.0
0.0,20.0,0.0,4,30.5,36,c024,20.0,0.0,100.0,0.0
0.0,40.0,0.0,4,32.0,56,c024,40.0,0.0,100.0,0.0
40.0,75.0,15.0,4,32.5,145,c024,130.0,30.76923076923077,57.69230769230769,11.538461538461538
30.0,30.0,0.0,6,47.5,76,c024,60.0,50.0,50.0,0.0
65.0,30.0,0.0,3,31.666666666666668,140,c024,95.0,68.42105263157895,31.57894736842105,0.0
20.0,45.0,15.0,6,31.666666666666668,81,c024,80.0,25.0,56.25,18.75
60.0,60.0,15.0,6,30.833333333333332,150,c024,135.0,44.44444444444444,44.44444444444444,11.11111111111111
30.0,30.0,0.0,3,31.0,81,c024,60.0,50.0,50.0,0.0
35.0,45.0,15.0,7,31.571428571428573,111,c024,95.0,36.8421052631579,47.36842105263158,15.789473684210526
0.0,30.0,0.0,5,49.2,46,c024,30.0,0.0,100.0,0.0
15.0,85.0,0.0,11,31.636363636363637,116,c024,100.0,15.0,85.0,0.0
80.0,135.0,15.0,9,31.88888888888889,290,c024,230.0,34.78260869565217,58.69565217391305,6.521739130434782
30.0,25.0,0.0,0,,56,c024,55.0,54.54545454545455,45.45454545454545,0.0
20.0,15.0,0.0,1,30.0,36,c024,35.0,57.142857142857146,42.857142857142854,0.0
0.0,40.0,15.0,5,29.6,56,c024,55.0,0.0,72.72727272727273,27.272727272727273
30.0,65.0,0.0,5,32.0,125,c024,95.0,31.57894736842105,68.42105263157895,0.0
105.0,120.0,30.0,8,32.75,315,c024,255.0,41.1764705882353,47.05882352941177,11.764705882352942
0.0,45.0,0.0,6,33.333333333333336,61,c024,45.0,0.0,100.0,0.0
0.0,20.0,0.0,4,30.0,36,c024,20.0,0.0,100.0,0.0
0.0,45.0,0.0,4,29.75,61,c024,45.0,0.0,100.0,0.0
60.0,155.0,15.0,4,30.25,260,c024,230.0,26.08695652173913,67.3913043478261,6.521739130434782
30.0,45.0,0.0,3,63.333333333333336,96,c024,75.0,40.0,60.0,0.0
0.0,30.0,0.0,4,68.5,46,c024,30.0,0.0,100.0,0.0
0.0,30.0,0.0,4,31.0,46,c024,30.0,0.0,100.0,0.0
30.0,35.0,0.0,5,32.2,96,c024,65.0,46.15384615384615,53.84615384615385,0.0
65.0,30.0,0.0,4,31.5,140,c024,95.0,68.42105263157895,31.57894736842105,0.0
30.0,50.0,0.0,1,32.0,96,c024,80.0,37.5,62.5,0.0
5.0,45.0,0.0,4,31.0,66,c024,50.0,10.0,90.0,0.0
20.0,45.0,0.0,4,34.5,81,c024,65.0,30.76923076923077,69.23076923076923,0.0
10.0,45.0,0.0,4,97.25,71,c024,55.0,18.181818181818183,81.81818181818181,0.0
75.0,120.0,0.0,10,47.0,225,c024,195.0,38.46153846153846,61.53846153846154,0.0
30.0,30.0,0.0,5,51.6,76,c024,60.0,50.0,50.0,0.0
0.0,30.0,0.0,4,31.0,46,c024,30.0,0.0,100.0,0.0
45.0,135.0,0.0,4,32.0,210,c024,180.0,25.0,75.0,0.0
60.0,90.0,0.0,9,33.44444444444444,195,c024,150.0,40.0,60.0,0.0
40.0,45.0,0.0,4,32.0,116,c024,85.0,47.05882352941177,52.94117647058823,0.0
30.0,60.0,0.0,11,34.36363636363637,106,c024,90.0,33.333333333333336,66.66666666666667,0.0
60.0,90.0,15.0,3,64.0,180,c024,165.0,36.36363636363637,54.54545454545455,9.090909090909092
0.0,30.0,0.0,4,30.5,51,c024,30.0,0.0,100.0,0.0
40.0,105.0,0.0,4,41.75,175,c024,145.0,27.586206896551722,72.41379310344827,0.0
50.0,45.0,0.0,3,32.666666666666664,125,c024,95.0,52.63157894736842,47.36842105263158,0.0
30.0,45.0,0.0,3,34.666666666666664,116,c024,75.0,40.0,60.0,0.0
15.0,45.0,0.0,4,29.75,76,c024,60.0,25.0,75.0,0.0
35.0,45.0,0.0,7,31.285714285714285,96,c024,80.0,43.75,56.25,0.0
30.0,0.0,0.0,3,35.333333333333336,46,c024,30.0,100.0,0.0,0.0
60.0,90.0,0.0,3,28.333333333333332,210,c024,150.0,40.0,60.0,0.0
0.0,25.0,0.0,5,28.8,41,c024,25.0,0.0,100.0,0.0
0.0,25.0,0.0,4,28.75,41,c024,25.0,0.0,100.0,0.0
10.0,45.0,0.0,4,30.0,71,c024,55.0,18.181818181818183,81.81818181818181,0.0
75.0,170.0,15.0,10,31.1,305,c024,260.0,28.846153846153847,65.38461538461539,5.769230769230769
45.0,45.0,0.0,1,30.0,96,c024,90.0,50.0,50.0,0.0
0.0,30.0,0.0,5,32.2,51,c024,30.0,0.0,100.0,0.0
30.0,45.0,0.0,4,31.5,106,c024,75.0,40.0,60.0,0.0
30.0,75.0,15.0,1,32.0,121,c024,120.0,25.0,62.5,12.5
30.0,60.0,0.0,1,32.0,96,c024,90.0,33.333333333333336,66.66666666666667,0.0
0.0,40.0,15.0,5,45.0,56,c024,55.0,0.0,72.72727272727273,27.272727272727273
0.0,30.0,0.0,5,39.8,51,c024,30.0,0.0,100.0,0.0
30.0,45.0,0.0,4,41.0,106,c024,75.0,40.0,60.0,0.0
30.0,30.0,0.0,5,38.8,106,c024,60.0,50.0,50.0,0.0
60.0,90.0,0.0,5,50.8,225,c024,150.0,40.0,60.0,0.0
0.0,45.0,0.0,5,32.4,61,c024,45.0,0.0,100.0,0.0
0.0,30.0,0.0,4,29.5,46,c024,30.0,0.0,100.0,0.0
30.0,45.0,15.0,7,30.571428571428573,116,c024,90.0,33.333333333333336,50.0,16.666666666666668
70.0,45.0,0.0,7,32.42857142857143,130,c024,115.0,60.869565217391305,39.130434782608695,0.0
30.0,45.0,0.0,0,,76,c024,75.0,40.0,60.0,0.0
30.0,0.0,0.0,4,32.25,51,c024,30.0,100.0,0.0,0.0
0.0,115.0,0.0,4,33.5,145,c024,115.0,0.0,100.0,0.0
50.0,30.0,0.0,4,30.75,125,c024,80.0,62.5,37.5,0.0
75.0,80.0,0.0,7,31.714285714285715,185,c024,155.0,48.38709677419355,51.61290322580645,0.0
50.0,120.0,0.0,10,33.8,185,c024,170.0,29.41176470588235,70.58823529411765,0.0
30.0,30.0,0.0,5,35.0,76,c024,60.0,50.0,50.0,0.0
60.0,75.0,5.0,3,42.333333333333336,200,c024,140.0,42.857142857142854,53.57142857142857,3.5714285714285716
0.0,25.0,0.0,4,33.5,41,c024,25.0,0.0,100.0,0.0
30.0,30.0,0.0,4,44.75,86,c024,60.0,50.0,50.0,0.0
55.0,30.0,0.0,4,30.25,130,c024,85.0,64.70588235294117,35.294117647058826,0.0
30.0,30.0,10.0,3,60.333333333333336,101,c024,70.0,42.857142857142854,42.857142857142854,14.285714285714286
0.0,45.0,0.0,5,47.0,61,c024,45.0,0.0,100.0,0.0
15.0,55.0,0.0,4,44.75,86,c024,70.0,21.428571428571427,78.57142857142857,0.0
5.0,45.0,0.0,4,38.5,66,c024,50.0,10.0,90.0,0.0
30.0,25.0,0.0,6,45.666666666666664,86,c024,55.0,54.54545454545455,45.45454545454545,0.0
45.0,75.0,15.0,1,31.0,135,c024,135.0,33.333333333333336,55.55555555555556,11.11111111111111
30.0,45.0,0.0,1,40.0,76,c024,75.0,40.0,60.0,0.0
0.0,30.0,0.0,4,28.25,46,c024,30.0,0.0,100.0,0.0
30.0,60.0,0.0,9,29.77777777777778,91,c024,90.0,33.333333333333336,66.66666666666667,0.0
10.0,45.0,0.0,5,30.8,71,c024,55.0,18.181818181818183,81.81818181818181,0.0
80.0,90.0,0.0,4,36.25,230,c024,170.0,47.05882352941177,52.94117647058823,0.0
30.0,45.0,0.0,1,30.0,76,c024,75.0,40.0,60.0,0.0
30.0,30.0,15.0,7,48.142857142857146,76,c024,75.0,40.0,40.0,20.0
45.0,105.0,15.0,10,74.4,190,c024,165.0,27.272727272727273,63.63636363636363,9.090909090909092
30.0,0.0,0.0,4,40.5,46,c024,30.0,100.0,0.0,0.0
0.0,75.0,0.0,4,30.5,101,c024,75.0,0.0,100.0,0.0
5.0,45.0,15.0,7,40.142857142857146,66,c024,65.0,7.6923076923076925,69.23076923076923,23.076923076923077
15.0,45.0,0.0,8,31.625,76,c024,60.0,25.0,75.0,0.0
55.0,45.0,0.0,4,37.5,130,c024,100.0,55.0,45.0,0.0
30.0,30.0,0.0,4,40.0,81,c024,60.0,50.0,50.0,0.0
30.0,30.0,0.0,3,29.333333333333332,76,c024,60.0,50.0,50.0,0.0
0.0,30.0,0.0,4,29.5,51,c024,30.0,0.0,100.0,0.0
0.0,40.0,0.0,5,30.0,56,c024,40.0,0.0,100.0,0.0
20.0,45.0,15.0,7,30.142857142857142,81,c024,80.0,25.0,56.25,18.75
0.0,30.0,0.0,4,32.25,51,c024,30.0,0.0,100.0,0.0
60.0,60.0,0.0,4,32.0,150,c024,120.0,50.0,50.0,0.0
30.0,35.0,0.0,3,35.0,81,c024,65.0,46.15384615384615,53.84615384615385,0.0
0.0,45.0,0.0,0,,61,c024,45.0,0.0,100.0,0.0
0.0,25.0,0.0,0,,41,c024,25.0,0.0,100.0,0.0
0.0,45.0,0.0,4,54.5,76,c024,45.0,0.0,100.0,0.0
30.0,25.0,0.0,4,31.75,71,c024,55.0,54.54545454545455,45.45454545454545,0.0
30.0,10.0,0.0,4,51.5,56,c024,40.0,75.0,25.0,0.0
45.0,30.0,0.0,8,32.625,76,c024,75.0,60.0,40.0,0.0
45.0,15.0,0.0,4,33.25,76,c024,60.0,75.0,25.0,0.0
5.0,45.0,15.0,6,28.833333333333332,66,c024,65.0,7.6923076923076925,69.23076923076923,23.076923076923077
0.0,25.0,0.0,4,64.5,41,c024,25.0,0.0,100.0,0.0
0.0,40.0,0.0,5,50.0,56,c024,40.0,0.0,100.0,0.0
50.0,45.0,0.0,11,33.54545454545455,125,c024,95.0,52.63157894736842,47.36842105263158,0.0
30.0,25.0,0.0,3,122.66666666666667,71,c024,55.0,54.54545454545455,45.45454545454545,0.0
60.0,55.0,0.0,3,63.0,145,c024,115.0,52.17391304347826,47.82608695652174,0.0
30.0,25.0,0.0,1,32.0,56,c024,55.0,54.54545454545455,45.45454545454545,0.0
0.0,40.0,0.0,4,38.25,56,c024,40.0,0.0,100.0,0.0
0.0,25.0,0.0,4,49.25,41,c024,25.0,0.0,100.0,0.0
0.0,20.0,0.0,4,32.75,36,c024,20.0,0.0,100.0,0.0
5.0,45.0,0.0,4,46.0,66,c024,50.0,10.0,90.0,0.0
30.0,20.0,0.0,5,37.8,96,c024,50.0,60.0,40.0,0.0
60.0,90.0,15.0,3,33.333333333333336,205,c024,165.0,36.36363636363637,54.54545454545455,9.090909090909092
0.0,25.0,0.0,4,59.5,41,c024,25.0,0.0,100.0,0.0
30.0,0.0,0.0,4,49.5,46,c024,30.0,100.0,0.0,0.0
30.0,60.0,0.0,9,35.22222222222222,91,c024,90.0,33.333333333333336,66.66666666666667,0.0
35.0,30.0,0.0,4,40.75,111,c024,65.0,53.84615384615385,46.15384615384615,0.0
0.0,45.0,0.0,4,29.75,61,c024,45.0,0.0,100.0,0.0
20.0,90.0,15.0,6,30.666666666666668,155,c024,125.0,16.0,72.0,12.0
90.0,155.0,15.0,12,32.166666666666664,320,c024,260.0,34.61538461538461,59.61538461538461,5.769230769230769
0.0,30.0,0.0,4,50.5,46,c024,30.0,0.0,100.0,0.0
60.0,90.0,0.0,4,40.25,180,c024,150.0,40.0,60.0,0.0
60.0,120.0,0.0,10,60.4,210,c024,180.0,33.333333333333336,66.66666666666667,0.0
0.0,45.0,0.0,4,31.0,61,c024,45.0,0.0,100.0,0.0
45.0,35.0,0.0,9,32.0,96,c024,80.0,56.25,43.75,0.0
65.0,105.0,0.0,1,32.0,230,c024,170.0,38.23529411764706,61.76470588235294,0.0
0.0,40.0,0.0,6,31.0,56,c024,40.0,0.0,100.0,0.0
0.0,45.0,0.0,4,32.5,61,c024,45.0,0.0,100.0,0.0
10.0,45.0,0.0,5,39.0,71,c024,55.0,18.181818181818183,81.81818181818181,0.0
60.0,45.0,0.0,4,44.75,150,c024,105.0,57.142857142857146,42.857142857142854,0.0
30.0,60.0,15.0,5,35.2,121,c024,105.0,28.571428571428573,57.142857142857146,14.285714285714286
55.0,60.0,0.0,4,33.5,145,c024,115.0,47.82608695652174,52.17391304347826,0.0
60.0,60.0,15.0,4,32.5,165,c024,135.0,44.44444444444444,44.44444444444444,11.11111111111111
0.0,30.0,0.0,4,30.5,46,c024,30.0,0.0,100.0,0.0
0.0,25.0,0.0,4,31.0,41,c024,25.0,0.0,100.0,0.0
0.0,70.0,0.0,4,49.25,86,c024,70.0,0.0,100.0,0.0
0.0,30.0,0.0,4,41.75,51,c024,30.0,0.0,100.0,0.0
30.0,0.0,0.0,4,34.5,46,c024,30.0,100.0,0.0,0.0
30.0,65.0,15.0,3,37.0,125,c024,110.0,27.272727272727273,59.09090909090909,13.636363636363637
30.0,15.0,0.0,3,44.333333333333336,61,c024,45.0,66.66666666666667,33.333333333333336,0.0
10.0,45.0,0.0,4,29.75,71,c024,55.0,18.181818181818183,81.81818181818181,0.0
30.0,45.0,0.0,4,33.0,91,c024,75.0,40.0,60.0,0.0
90.0,105.0,15.0,3,30.0,240,c024,210.0,42.857142857142854,50.0,7.142857142857143
0.0,30.0,0.0,5,58.0,46,c024,30.0,0.0,100.0,0.0
30.0,45.0,0.0,0,,121,c024,75.0,40.0,60.0,0.0
90.0,45.0,10.0,0,,128,c024,145.0,62.06896551724138,31.03448275862069,6.896551724137931
30.0,50.0,0.0,0,,111,c024,80.0,37.5,62.5,0.0
30.0,10.0,0.0,0,,56,c024,40.0,75.0,25.0,0.0
30.0,30.0,0.0,0,,61,c024,60.0,50.0,50.0,0.0
0.0,20.0,0.0,0,,36,c024,20.0,0.0,100.0,0.0
0.0,20.0,0.0,0,,36,c024,20.0,0.0,100.0,0.0
0.0,40.0,0.0,0,,56,c024,40.0,0.0,100.0,0.0
30.0,65.0,0.0,0,,111,c024,95.0,31.57894736842105,68.42105263157895,0.0
30.0,60.0,0.0,0,,91,c024,90.0,33.333333333333336,66.66666666666667,0.0
30.0,25.0,0.0,0,,71,c024,55.0,54.54545454545455,45.45454545454545,0.0
0.0,55.0,0.0,0,,71,c024,55.0,0.0,100.0,0.0
30.0,30.0,0.0,0,,76,c024,60.0,50.0,50.0,0.0
45.0,75.0,0.0,0,,76,c024,120.0,37.5,62.5,0.0
45.0,50.0,0.0,0,,56,c024,95.0,47.36842105263158,52.63157894736842,0.0
15.0,105.0,0.0,0,,76,c024,120.0,12.5,87.5,0.0
70.0,160.0,0.0,0,,160,c024,230.0,30.434782608695652,69.56521739130434,0.0
45.0,110.0,0.0,0,,125,c024,155.0,29.032258064516128,70.96774193548387,0.0
5.0,45.0,15.0,0,,66,c024,65.0,7.6923076923076925,69.23076923076923,23.076923076923077
0.0,25.0,0.0,0,,41,c024,25.0,0.0,100.0,0.0
30.0,45.0,0.0,0,,121,c024,75.0,40.0,60.0,0.0
30.0,20.0,0.0,0,,66,c024,50.0,60.0,40.0,0.0
15.0,60.0,0.0,0,,106,c024,75.0,20.0,80.0,0.0
45.0,45.0,0.0,0,,101,c024,90.0,50.0,50.0,0.0
30.0,20.0,0.0,0,,66,c024,50.0,60.0,40.0,0.0
30.0,50.0,0.0,0,,96,c024,80.0,37.5,62.5,0.0
0.0,30.0,0.0,0,,51,c024,30.0,0.0,100.0,0.0
30.0,15.0,0.0,0,,61,c024,45.0,66.66666666666667,33.333333333333336,0.0
55.0,45.0,0.0,0,,145,c024,100.0,55.0,45.0,0.0
45.0,30.0,0.0,0,,81,c024,75.0,60.0,40.0,0.0
0.0,30.0,0.0,0,,46,c024,30.0,0.0,100.0,0.0
15.0,45.0,0.0,0,,86,c024,60.0,25.0,75.0,0.0
25.0,0.0,0.0,0,,41,c024,25.0,100.0,0.0,0.0
30.0,25.0,0.0,0,,71,c024,55.0,54.54545454545455,45.45454545454545,0.0
30.0,30.0,0.0,0,,76,c024,60.0,50.0,50.0,0.0
15.0,45.0,0.0,0,,76,c024,60.0,25.0,75.0,0.0
45.0,30.0,0.0,0,,76,c024,75.0,60.0,40.0,0.0
30.0,55.0,15.0,0,,116,c024,100.0,30.0,55.0,15.0
30.0,35.0,0.0,0,,66,c024,65.0,46.15384615384615,53.84615384615385,0.0
30.0,30.0,0.0,0,,61,c024,60.0,50.0,50.0,0.0
35.0,105.0,15.0,0,,170,c024,155.0,22.580645161290324,67.74193548387096,9.67741935483871
60.0,75.0,0.0,0,,165,c024,135.0,44.44444444444444,55.55555555555556,0.0
30.0,0.0,0.0,0,,51,c024,30.0,100.0,0.0,0.0
30.0,20.0,15.0,0,,66,c024,65.0,46.15384615384615,30.76923076923077,23.076923076923077
30.0,10.0,0.0,0,,56,c024,40.0,75.0,25.0,0.0
30.0,25.0,0.0,0,,71,c024,55.0,54.54545454545455,45.45454545454545,0.0
30.0,25.0,0.0,0,,71,c024,55.0,54.54545454545455,45.45454545454545,0.0
30.0,45.0,0.0,0,,86,c024,75.0,40.0,60.0,0.0
0.0,30.0,0.0,0,,51,c024,30.0,0.0,100.0,0.0
0.0,25.0,0.0,0,,41,c024,25.0,0.0,100.0,0.0
15.0,85.0,0.0,0,,116,c024,100.0,15.0,85.0,0.0
40.0,60.0,0.0,0,,130,c024,100.0,40.0,60.0,0.0
25.0,0.0,0.0,0,,41,c024,25.0,100.0,0.0,0.0
0.0,25.0,0.0,0,,41,c024,25.0,0.0,100.0,0.0
5.0,45.0,15.0,0,,66,c024,65.0,7.6923076923076925,69.23076923076923,23.076923076923077
45.0,75.0,15.0,0,,135,c024,135.0,33.333333333333336,55.55555555555556,11.11111111111111
30.0,15.0,15.0,0,,61,c024,60.0,50.0,25.0,25.0
45.0,15.0,0.0,0,,76,c024,60.0,75.0,25.0,0.0
0.0,30.0,0.0,0,,46,c024,30.0,0.0,100.0,0.0
0.0,100.0,0.0,0,,130,c024,100.0,0.0,100.0,0.0
30.0,60.0,0.0,0,,116,c024,90.0,33.333333333333336,66.66666666666667,0.0
45.0,85.0,0.0,0,,175,c024,130.0,34.61538461538461,65.38461538461539,0.0
15.0,25.0,0.0,0,,56,c024,40.0,37.5,62.5,0.0
30.0,60.0,0.0,0,,121,c024,90.0,33.333333333333336,66.66666666666667,0.0
30.0,10.0,0.0,0,,56,c024,40.0,75.0,25.0,0.0
15.0,5.0,0.0,0,,36,c024,20.0,75.0,25.0,0.0
0.0,45.0,0.0,0,,61,c024,45.0,0.0,100.0,0.0
0.0,30.0,0.0,0,,51,c024,30.0,0.0,100.0,0.0
30.0,30.0,0.0,0,,96,c024,60.0,50.0,50.0,0.0
30.0,0.0,0.0,0,,46,c024,30.0,100.0,0.0,0.0
50.0,60.0,0.0,0,,125,c024,110.0,45.45454545454545,54.54545454545455,0.0
0.0,30.0,0.0,0,,51,c024,30.0,0.0,100.0,0.0
0.0,25.0,0.0,0,,41,c024,25.0,0.0,100.0,0.0
30.0,65.0,15.0,0,,111,c024,110.0,27.272727272727273,59.09090909090909,13.636363636363637
30.0,15.0,0.0,0,,76,c024,45.0,66.66666666666667,33.333333333333336,0.0
30.0,30.0,0.0,0,,76,c024,60.0,50.0,50.0,0.0
25.0,15.0,0.0,0,,41,c024,40.0,62.5,37.5,0.0
105.0,0.0,15.0,0,,446,c024,120.0,87.5,0.0,12.5
30.0,45.0,15.0,0,,106,c024,90.0,33.333333333333336,50.0,16.666666666666668
30.0,30.0,0.0,0,,76,c024,60.0,50.0,50.0,0.0
30.0,35.0,0.0,0,,81,c024,65.0,46.15384615384615,53.84615384615385,0.0
30.0,0.0,0.0,0,,51,c024,30.0,100.0,0.0,0.0
0.0,20.0,0.0,0,,36,c024,20.0,0.0,100.0,0.0
30.0,30.0,15.0,0,,81,c024,75.0,40.0,40.0,20.0
30.0,0.0,0.0,0,,51,c024,30.0,100.0,0.0,0.0
30.0,35.0,0.0,0,,96,c024,65.0,46.15384615384615,53.84615384615385,0.0
30.0,15.0,0.0,0,,46,c024,45.0,66.66666666666667,33.333333333333336,0.0
0.0,20.0,0.0,0,,36,c024,20.0,0.0,100.0,0.0
0.0,30.0,0.0,0,,46,c024,30.0,0.0,100.0,0.0
30.0,15.0,0.0,0,,91,c024,45.0,66.66666666666667,33.333333333333336,0.0
15.0,0.0,0.0,0,,31,c024,15.0,100.0,0.0,0.0
30.0,10.0,0.0,0,,56,c024,40.0,75.0,25.0,0.0
30.0,45.0,0.0,0,,76,c024,75.0,40.0,60.0,0.0
10.0,45.0,0.0,0,,71,c024,55.0,18.181818181818183,81.81818181818181,0.0
30.0,15.0,0.0,0,,61,c024,45.0,66.66666666666667,33.333333333333336,0.0
30.0,10.0,15.0,0,,56,c024,55.0,54.54545454545455,18.181818181818183,27.272727272727273
20.0,0.0,0.0,0,,36,c024,20.0,100.0,0.0,0.0
30.0,45.0,15.0,0,,121,c024,90.0,33.333333333333336,50.0,16.666666666666668
15.0,45.0,0.0,1,29.0,76,c024,60.0,25.0,75.0,0.0
0.0,30.0,0.0,4,36.5,51,c024,30.0,0.0,100.0,0.0
0.0,25.0,0.0,0,,41,c024,25.0,0.0,100.0,0.0
80.0,105.0,0.0,5,31.0,215,c024,185.0,43.24324324324324,56.75675675675676,0.0
0.0,20.0,0.0,0,,36,c024,20.0,0.0,100.0,0.0
0.0,45.0,0.0,0,,61,c024,45.0,0.0,100.0,0.0
30.0,0.0,0.0,0,,46,c024,30.0,100.0,0.0,0.0
30.0,0.0,0.0,0,,46,c024,30.0,100.0,0.0,0.0
40.0,45.0,0.0,0,,116,c024,85.0,47.05882352941177,52.94117647058823,0.0
30.0,20.0,0.0,0,,66,c024,50.0,60.0,40.0,0.0
30.0,60.0,0.0,0,,121,c024,90.0,33.333333333333336,66.66666666666667,0.0
45.0,35.0,0.0,0,,111,c024,80.0,56.25,43.75,0.0
45.0,40.0,0.0,0,,116,c024,85.0,52.94117647058823,47.05882352941177,0.0
0.0,15.0,0.0,0,,16,c024,15.0,0.0,100.0,0.0
30.0,45.0,15.0,0,,101,c024,90.0,33.333333333333336,50.0,16.666666666666668
0.0,25.0,0.0,0,,41,c024,25.0,0.0,100.0,0.0
0.0,40.0,0.0,0,,56,c024,40.0,0.0,100.0,0.0
15.0,75.0,0.0,0,,121,c024,90.0,16.666666666666668,83.33333333333333,0.0
30.0,0.0,0.0,0,,51,c024,30.0,100.0,0.0,0.0
60.0,105.0,15.0,0,,195,c024,180.0,33.333333333333336,58.333333333333336,8.333333333333334
0.0,30.0,0.0,0,,46,c024,30.0,0.0,100.0,0.0
60.0,65.0,0.0,0,,140,c024,125.0,48.0,52.0,0.0
30.0,35.0,0.0,0,,96,c024,65.0,46.15384615384615,53.84615384615385,0.0
30.0,15.0,0.0,0,,76,c024,45.0,66.66666666666667,33.333333333333336,0.0
30.0,15.0,0.0,0,,46,c024,45.0,66.66666666666667,33.333333333333336,0.0
0.0,25.0,0.0,0,,41,c024,25.0,0.0,100.0,0.0
0.0,30.0,0.0,0,,46,c024,30.0,0.0,100.0,0.0
20.0,0.0,0.0,0,,36,c024,20.0,100.0,0.0,0.0
30.0,15.0,15.0,0,,101,c024,60.0,50.0,25.0,25.0
30.0,0.0,0.0,0,,51,c024,30.0,100.0,0.0,0.0
45.0,45.0,0.0,0,,121,c024,90.0,50.0,50.0,0.0
0.0,30.0,0.0,0,,46,c024,30.0,0.0,100.0,0.0
5.0,45.0,0.0,0,,66,c024,50.0,10.0,90.0,0.0
30.0,0.0,0.0,0,,46,c024,30.0,100.0,0.0,0.0
30.0,35.0,0.0,0,,96,c024,65.0,46.15384615384615,53.84615384615385,0.0
30.0,0.0,0.0,0,,46,c024,30.0,100.0,0.0,0.0
0.0,45.0,15.0,0,,61,c024,60.0,0.0,75.0,25.0
30.0,45.0,15.0,0,,91,c024,90.0,33.333333333333336,50.0,16.666666666666668
60.0,85.0,15.0,6,29.833333333333332,190,c024,160.0,37.5,53.125,9.375
30.0,45.0,15.0,1,47.0,106,c024,90.0,33.333333333333336,50.0,16.666666666666668
0.0,40.0,0.0,0,,56,c024,40.0,0.0,100.0,0.0
0.0,20.0,0.0,0,,36,c024,20.0,0.0,100.0,0.0
0.0,55.0,0.0,0,,71,c024,55.0,0.0,100.0,0.0
15.0,45.0,0.0,0,,86,c024,60.0,25.0,75.0,0.0
45.0,30.0,0.0,0,,106,c024,75.0,60.0,40.0,0.0
60.0,75.0,0.0,0,,180,c024,135.0,44.44444444444444,55.55555555555556,0.0
30.0,35.0,0.0,0,,66,c024,65.0,46.15384615384615,53.84615384615385,0.0
0.0,25.0,0.0,0,,41,c024,25.0,0.0,100.0,0.0
0.0,30.0,0.0,0,,46,c024,30.0,0.0,100.0,0.0
5.0,45.0,0.0,0,,66,c024,50.0,10.0,90.0,0.0
30.0,10.0,0.0,0,,56,c024,40.0,75.0,25.0,0.0
30.0,60.0,0.0,0,,121,c024,90.0,33.333333333333336,66.66666666666667,0.0
30.0,25.0,0.0,0,,56,c024,55.0,54.54545454545455,45.45454545454545,0.0
15.0,60.0,10.0,0,,101,c024,85.0,17.647058823529413,70.58823529411765,11.764705882352942
0.0,25.0,0.0,0,,41,c024,25.0,0.0,100.0,0.0
15.0,45.0,0.0,0,,76,c024,60.0,25.0,75.0,0.0
15.0,0.0,0.0,0,,31,c024,15.0,100.0,0.0,0.0
25.0,0.0,0.0,0,,41,c024,25.0,100.0,0.0,0.0
30.0,0.0,0.0,0,,46,c024,30.0,100.0,0.0,0.0
0.0,20.0,0.0,0,,36,c024,20.0,0.0,100.0,0.0
0.0,25.0,0.0,0,,41,c024,25.0,0.0,100.0,0.0
0.0,30.0,0.0,2,29.5,51,c024,30.0,0.0,100.0,0.0
0.0,30.0,0.0,4,53.0,46,c024,30.0,0.0,100.0,0.0
45.0,60.0,15.0,5,38.8,135,c024,120.0,37.5,50.0,12.5
30.0,30.0,0.0,1,31.0,71,c024,60.0,50.0,50.0,0.0
35.0,30.0,0.0,1,35.0,111,c024,65.0,53.84615384615385,46.15384615384615,0.0
0.0,30.0,0.0,4,79.5,46,c024,30.0,0.0,100.0,0.0
0.0,40.0,0.0,4,28.75,56,c024,40.0,0.0,100.0,0.0
30.0,10.0,0.0,0,,56,c024,40.0,75.0,25.0,0.0
30.0,60.0,0.0,1,32.0,91,c024,90.0,33.333333333333336,66.66666666666667,0.0
30.0,10.0,0.0,3,32.333333333333336,56,c024,40.0,75.0,25.0,0.0
5.0,45.0,0.0,0,,66,c024,50.0,10.0,90.0,0.0
30.0,15.0,0.0,0,,81,c024,45.0,66.66666666666667,33.333333333333336,0.0
30.0,25.0,0.0,0,,71,c024,55.0,54.54545454545455,45.45454545454545,0.0
30.0,25.0,0.0,0,,71,c024,55.0,54.54545454545455,45.45454545454545,0.0
0.0,30.0,0.0,0,,51,c024,30.0,0.0,100.0,0.0
25.0,45.0,0.0,0,,71,c024,70.0,35.714285714285715,64.28571428571429,0.0
15.0,70.0,15.0,3,31.666666666666668,116,c024,100.0,15.0,70.0,15.0
55.0,45.0,0.0,3,34.0,145,c024,100.0,55.0,45.0,0.0
30.0,35.0,0.0,1,31.0,66,c024,65.0,46.15384615384615,53.84615384615385,0.0
30.0,25.0,0.0,1,32.0,56,c024,55.0,54.54545454545455,45.45454545454545,0.0
0.0,55.0,0.0,4,28.0,71,c024,55.0,0.0,100.0,0.0
0.0,25.0,0.0,4,42.5,41,c024,25.0,0.0,100.0,0.0
15.0,45.0,0.0,4,29.0,76,c024,60.0,25.0,75.0,0.0
30.0,40.0,0.0,3,60.666666666666664,86,c024,70.0,42.857142857142854,57.142857142857146,0.0
30.0,40.0,0.0,3,29.666666666666668,86,c024,70.0,42.857142857142854,57.142857142857146,0.0
30.0,50.0,0.0,1,123.0,81,c024,80.0,37.5,62.5,0.0
0.0,30.0,0.0,3,27.0,51,c024,30.0,0.0,100.0,0.0
0.0,30.0,0.0,4,27.75,46,c024,30.0,0.0,100.0,0.0
5.0,45.0,0.0,0,,66,c024,50.0,10.0,90.0,0.0
30.0,50.0,0.0,0,,111,c024,80.0,37.5,62.5,0.0
30.0,10.0,0.0,0,,56,c024,40.0,75.0,25.0,0.0
50.0,90.0,15.0,0,,155,c024,155.0,32.25806451612903,58.064516129032256,9.67741935483871
0.0,25.0,0.0,0,,41,c024,25.0,0.0,100.0,0.0
0.0,40.0,0.0,0,,56,c024,40.0,0.0,100.0,0.0
20.0,105.0,15.0,0,,155,c024,140.0,14.285714285714286,75.0,10.714285714285714
30.0,15.0,15.0,0,,66,c024,60.0,50.0,25.0,25.0
30.0,0.0,0.0,0,,46,c024,30.0,100.0,0.0,0.0
40.0,45.0,0.0,0,,116,c024,85.0,47.05882352941177,52.94117647058823,0.0
0.0,30.0,0.0,0,,51,c024,30.0,0.0,100.0,0.0
30.0,60.0,0.0,0,,91,c024,90.0,33.333333333333336,66.66666666666667,0.0
30.0,35.0,15.0,0,,111,c024,80.0,37.5,43.75,18.75
40.0,60.0,0.0,0,,130,c024,100.0,40.0,60.0,0.0
0.0,10.0,0.0,0,,11,c024,10.0,0.0,100.0,0.0
30.0,60.0,0.0,9,32.666666666666664,101,c024,90.0,33.333333333333336,66.66666666666667,0.0
0.0,40.0,0.0,4,29.25,56,c024,40.0,0.0,100.0,0.0
0.0,30.0,0.0,4,76.5,51,c024,30.0,0.0,100.0,0.0
25.0,45.0,15.0,3,31.666666666666668,116,c024,85.0,29.41176470588235,52.94117647058823,17.647058823529413
30.0,15.0,0.0,5,31.0,61,c024,45.0,66.66666666666667,33.333333333333336,0.0
30.0,45.0,15.0,4,31.75,111,c024,90.0,33.333333333333336,50.0,16.666666666666668
30.0,30.0,0.0,1,32.0,61,c024,60.0,50.0,50.0,0.0
30.0,25.0,0.0,1,30.0,56,c024,55.0,54.54545454545455,45.45454545454545,0.0
0.0,25.0,0.0,0,,41,c024,25.0,0.0,100.0,0.0
0.0,30.0,0.0,4,34.25,51,c024,30.0,0.0,100.0,0.0
35.0,30.0,0.0,4,31.0,111,c024,65.0,53.84615384615385,46.15384615384615,0.0
30.0,30.0,0.0,0,,81,c024,60.0,50.0,50.0,0.0
30.0,30.0,0.0,0,,76,c024,60.0,50.0,50.0,0.0
30.0,30.0,0.0,0,,61,c024,60.0,50.0,50.0,0.0
0.0,50.0,0.0,4,29.75,66,c024,50.0,0.0,100.0,0.0
0.0,60.0,0.0,0,,81,c024,60.0,0.0,100.0,0.0
25.0,0.0,0.0,0,,41,c024,25.0,100.0,0.0,0.0
30.0,45.0,0.0,0,,91,c024,75.0,40.0,60.0,0.0
30.0,45.0,0.0,0,,81,c024,75.0,40.0,60.0,0.0
30.0,15.0,0.0,0,,46,c024,45.0,66.66666666666667,33.333333333333336,0.0
45.0,45.0,15.0,0,,121,c024,105.0,42.857142857142854,42.857142857142854,14.285714285714286
60.0,90.0,0.0,0,,185,c024,150.0,40.0,60.0,0.0
30.0,0.0,0.0,0,,46,c024,30.0,100.0,0.0,0.0
20.0,45.0,15.0,0,,81,c024,80.0,25.0,56.25,18.75
0.0,40.0,0.0,0,,56,c024,40.0,0.0,100.0,0.0
0.0,55.0,0.0,0,,71,c024,55.0,0.0,100.0,0.0
75.0,60.0,0.0,0,,180,c024,135.0,55.55555555555556,44.44444444444444,0.0
30.0,45.0,15.0,0,,106,c024,90.0,33.333333333333336,50.0,16.666666666666668
0.0,40.0,0.0,4,46.5,56,c024,40.0,0.0,100.0,0.0
0.0,65.0,15.0,6,30.333333333333332,81,c024,80.0,0.0,81.25,18.75
30.0,60.0,0.0,9,35.666666666666664,106,c024,90.0,33.333333333333336,66.66666666666667,0.0
30.0,20.0,0.0,4,34.75,66,c024,50.0,60.0,40.0,0.0
30.0,0.0,0.0,0,,46,c024,30.0,100.0,0.0,0.0
30.0,10.0,15.0,0,,56,c024,55.0,54.54545454545455,18.181818181818183,27.272727272727273
45.0,25.0,0.0,0,,71,c024,70.0,64.28571428571429,35.714285714285715,0.0
0.0,75.0,0.0,1,30.0,106,c024,75.0,0.0,100.0,0.0
30.0,45.0,0.0,0,,106,c024,75.0,40.0,60.0,0.0
30.0,10.0,0.0,0,,56,c024,40.0,75.0,25.0,0.0
45.0,65.0,0.0,0,,140,c024,110.0,40.90909090909091,59.09090909090909,0.0
30.0,30.0,0.0,0,,61,c024,60.0,50.0,50.0,0.0
30.0,15.0,0.0,0,,51,c024,45.0,66.66666666666667,33.333333333333336,0.0
0.0,25.0,0.0,0,,41,c024,25.0,0.0,100.0,0.0
30.0,45.0,15.0,5,29.6,111,c024,90.0,33.333333333333336,50.0,16.666666666666668
30.0,25.0,0.0,4,31.75,71,c024,55.0,54.54545454545455,45.45454545454545,0.0
30.0,10.0,15.0,0,,56,c024,55.0,54.54545454545455,18.181818181818183,27.272727272727273
30.0,20.0,0.0,0,,66,c024,50.0,60.0,40.0,0.0
30.0,15.0,0.0,0,,61,c024,45.0,66.66666666666667,33.333333333333336,0.0
0.0,30.0,0.0,0,,51,c024,30.0,0.0,100.0,0.0
0.0,30.0,0.0,1,30.0,51,c024,30.0,0.0,100.0,0.0
10.0,45.0,15.0,6,30.833333333333332,71,c024,70.0,14.285714285714286,64.28571428571429,21.428571428571427
30.0,20.0,0.0,4,122.5,66,c024,50.0,60.0,40.0,0.0
30.0,50.0,0.0,2,41.5,96,c024,80.0,37.5,62.5,0.0
30.0,55.0,15.0,7,45.57142857142857,130,c024,100.0,30.0,55.0,15.0
0.0,30.0,0.0,0,,46,c024,30.0,0.0,100.0,0.0
10.0,45.0,15.0,0,,71,c024,70.0,14.285714285714286,64.28571428571429,21.428571428571427
0.0,55.0,0.0,1,33.0,71,c024,55.0,0.0,100.0,0.0
60.0,60.0,0.0,4,32.5,165,c024,120.0,50.0,50.0,0.0
40.0,60.0,15.0,4,53.5,130,c024,115.0,34.78260869565217,52.17391304347826,13.043478260869565
0.0,25.0,0.0,1,33.0,26,c024,25.0,0.0,100.0,0.0
0.0,20.0,0.0,0,,36,c024,20.0,0.0,100.0,0.0
0.0,25.0,0.0,4,29.5,41,c024,25.0,0.0,100.0,0.0
30.0,45.0,15.0,4,31.5,106,c024,90.0,33.333333333333336,50.0,16.666666666666668
30.0,45.0,0.0,0,,86,c024,75.0,40.0,60.0,0.0
30.0,30.0,0.0,0,,91,c024,60.0,50.0,50.0,0.0
30.0,25.0,0.0,0,,56,c024,55.0,54.54545454545455,45.45454545454545,0.0
30.0,70.0,15.0,0,,116,c024,115.0,26.08695652173913,60.869565217391305,13.043478260869565
0.0,30.0,0.0,0,,46,c024,30.0,0.0,100.0,0.0
0.0,20.0,0.0,3,109.33333333333333,36,c024,20.0,0.0,100.0,0.0
0.0,20.0,0.0,0,,36,c024,20.0,0.0,100.0,0.0
0.0,25.0,0.0,4,33.25,41,c024,25.0,0.0,100.0,0.0
0.0,45.0,0.0,5,40.8,81,c024,45.0,0.0,100.0,0.0
30.0,15.0,0.0,4,30.5,61,c024,45.0,66.66666666666667,33.333333333333336,0.0
30.0,25.0,0.0,1,31.0,71,c024,55.0,54.54545454545455,45.45454545454545,0.0
30.0,45.0,0.0,4,31.5,91,c024,75.0,40.0,60.0,0.0
0.0,30.0,0.0,0,,46,c024,30.0,0.0,100.0,0.0
0.0,20.0,0.0,0,,36,c024,20.0,0.0,100.0,0.0
25.0,0.0,0.0,0,,41,c024,25.0,100.0,0.0,0.0
20.0,0.0,0.0,0,,36,c024,20.0,100.0,0.0,0.0
30.0,65.0,15.0,0,,111,c024,110.0,27.272727272727273,59.09090909090909,13.636363636363637
25.0,15.0,0.0,0,,41,c024,40.0,62.5,37.5,0.0
0.0,25.0,0.0,0,,41,c024,25.0,0.0,100.0,0.0
45.0,30.0,0.0,0,,86,c024,75.0,60.0,40.0,0.0
60.0,45.0,0.0,0,,150,c024,105.0,57.142857142857146,42.857142857142854,0.0
30.0,40.0,0.0,0,,71,c024,70.0,42.857142857142854,57.142857142857146,0.0
30.0,15.0,0.0,0,,46,c024,45.0,66.66666666666667,33.333333333333336,0.0
0.0,25.0,0.0,0,,41,c024,25.0,0.0,100.0,0.0
20.0,45.0,0.0,0,,81,c024,65.0,30.76923076923077,69.23076923076923,0.0
30.0,0.0,0.0,0,,46,c024,30.0,100.0,0.0,0.0
50.0,30.0,0.0,0,,125,c024,80.0,62.5,37.5,0.0
30.0,60.0,0.0,0,,96,c024,90.0,33.333333333333336,66.66666666666667,0.0
0.0,75.0,0.0,0,,91,c024,75.0,0.0,100.0,0.0
0.0,30.0,0.0,0,,46,c024,30.0,0.0,100.0,0.0
0.0,30.0,0.0,0,,51,c024,30.0,0.0,100.0,0.0
30.0,75.0,15.0,0,,150,c024,120.0,25.0,62.5,12.5
60.0,75.0,0.0,0,,175,c024,135.0,44.44444444444444,55.55555555555556,0.0
0.0,20.0,0.0,0,,36,c024,20.0,0.0,100.0,0.0
0.0,30.0,0.0,0,,46,c024,30.0,0.0,100.0,0.0
30.0,0.0,0.0,4,31.0,46,c024,30.0,100.0,0.0,0.0
30.0,15.0,0.0,0,,81,c024,45.0,66.66666666666667,33.333333333333336,0.0
30.0,0.0,0.0,0,,46,c024,30.0,100.0,0.0,0.0
10.0,45.0,0.0,0,,71,c024,55.0,18.181818181818183,81.81818181818181,0.0
0.0,20.0,0.0,4,29.75,36,c024,20.0,0.0,100.0,0.0
0.0,40.0,15.0,0,,56,c024,55.0,0.0,72.72727272727273,27.272727272727273
30.0,30.0,0.0,0,,91,c024,60.0,50.0,50.0,0.0
20.0,0.0,0.0,1,32.0,36,c024,20.0,100.0,0.0,0.0
30.0,45.0,0.0,1,35.0,76,c024,75.0,40.0,60.0,0.0
0.0,25.0,0.0,4,57.25,41,c024,25.0,0.0,100.0,0.0
30.0,45.0,0.0,4,30.5,121,c024,75.0,40.0,60.0,0.0
30.0,0.0,0.0,0,,51,c024,30.0,100.0,0.0,0.0
60.0,65.0,0.0,6,31.666666666666668,140,c024,125.0,48.0,52.0,0.0
0.0,40.0,0.0,0,,56,c024,40.0,0.0,100.0,0.0
30.0,65.0,0.0,6,34.833333333333336,111,c024,95.0,31.57894736842105,68.42105263157895,0.0
45.0,30.0,0.0,1,63.0,76,c024,75.0,60.0,40.0,0.0
30.0,40.0,0.0,1,44.0,71,c024,70.0,42.857142857142854,57.142857142857146,0.0
30.0,25.0,0.0,1,32.0,56,c024,55.0,54.54545454545455,45.45454545454545,0.0
0.0,30.0,0.0,5,30.8,46,c024,30.0,0.0,100.0,0.0
15.0,45.0,0.0,0,,81,c024,60.0,25.0,75.0,0.0
30.0,15.0,0.0,0,,71,c024,45.0,66.66666666666667,33.333333333333336,0.0
60.0,70.0,0.0,0,,160,c024,130.0,46.15384615384615,53.84615384615385,0.0
30.0,30.0,0.0,0,,91,c024,60.0,50.0,50.0,0.0
30.0,45.0,10.0,4,44.75,101,c024,85.0,35.294117647058826,52.94117647058823,11.764705882352942
30.0,30.0,0.0,4,32.0,106,c024,60.0,50.0,50.0,0.0
70.0,45.0,0.0,0,,145,c024,115.0,60.869565217391305,39.130434782608695,0.0
15.0,65.0,0.0,0,,111,c024,80.0,18.75,81.25,0.0
5.0,45.0,0.0,0,,66,c024,50.0,10.0,90.0,0.0
30.0,15.0,15.0,1,32.0,61,c024,60.0,50.0,25.0,25.0
25.0,0.0,0.0,3,33.333333333333336,41,c024,25.0,100.0,0.0,0.0
30.0,45.0,0.0,4,34.25,116,c024,75.0,40.0,60.0,0.0
30.0,15.0,0.0,3,32.666666666666664,61,c025,45.0,66.66666666666667,33.333333333333336,0.0
30.0,15.0,0.0,3,31.333333333333332,86,c025,45.0,66.66666666666667,33.333333333333336,0.0
30.0,40.0,0.0,1,40.0,71,c025,70.0,42.857142857142854,57.142857142857146,0.0
55.0,30.0,0.0,0,,116,c025,85.0,64.70588235294117,35.294117647058826,0.0
15.0,15.0,0.0,0,,31,c025,30.0,50.0,50.0,0.0
10.0,45.0,0.0,4,34.5,71,c025,55.0,18.181818181818183,81.81818181818181,0.0
45.0,45.0,0.0,4,31.5,121,c025,90.0,50.0,50.0,0.0
30.0,35.0,0.0,1,33.0,66,c025,65.0,46.15384615384615,53.84615384615385,0.0
55.0,75.0,15.0,1,37.0,145,c025,145.0,37.93103448275862,51.724137931034484,10.344827586206897
15.0,45.0,0.0,4,32.0,76,c025,60.0,25.0,75.0,0.0
30.0,20.0,0.0,4,30.0,66,c025,50.0,60.0,40.0,0.0
30.0,45.0,0.0,4,39.25,106,c025,75.0,40.0,60.0,0.0
60.0,90.0,0.0,3,55.666666666666664,180,c025,150.0,40.0,60.0,0.0
0.0,25.0,0.0,4,34.75,41,c025,25.0,0.0,100.0,0.0
0.0,25.0,0.0,4,31.75,41,c025,25.0,0.0,100.0,0.0
40.0,45.0,0.0,4,33.75,116,c025,85.0,47.05882352941177,52.94117647058823,0.0
30.0,30.0,0.0,3,39.333333333333336,76,c025,60.0,50.0,50.0,0.0
45.0,15.0,0.0,5,43.6,76,c025,60.0,75.0,25.0,0.0
5.0,45.0,0.0,0,,66,c025,50.0,10.0,90.0,0.0
60.0,75.0,5.0,0,,200,c025,140.0,42.857142857142854,53.57142857142857,3.5714285714285716
30.0,25.0,0.0,0,,71,c025,55.0,54.54545454545455,45.45454545454545,0.0
15.0,60.0,0.0,0,,96,c025,75.0,20.0,80.0,0.0
75.0,85.0,15.0,0,,190,c025,175.0,42.857142857142854,48.57142857142857,8.571428571428571
60.0,60.0,0.0,0,,150,c025,120.0,50.0,50.0,0.0
0.0,30.0,0.0,4,41.0,51,c025,30.0,0.0,100.0,0.0
0.0,45.0,0.0,4,33.0,61,c025,45.0,0.0,100.0,0.0
30.0,35.0,0.0,2,31.0,81,c025,65.0,46.15384615384615,53.84615384615385,0.0
75.0,90.0,15.0,4,62.25,210,c025,180.0,41.666666666666664,50.0,8.333333333333334
0.0,30.0,0.0,5,34.4,51,c025,30.0,0.0,100.0,0.0
55.0,30.0,0.0,4,31.25,130,c025,85.0,64.70588235294117,35.294117647058826,0.0
30.0,20.0,0.0,3,38.333333333333336,66,c025,50.0,60.0,40.0,0.0
30.0,70.0,15.0,2,35.0,130,c025,115.0,26.08695652173913,60.869565217391305,13.043478260869565
0.0,45.0,0.0,3,38.333333333333336,61,c025,45.0,0.0,100.0,0.0
30.0,50.0,0.0,3,35.333333333333336,96,c025,80.0,37.5,62.5,0.0
30.0,30.0,0.0,1,74.0,61,c025,60.0,50.0,50.0,0.0
30.0,15.0,0.0,1,80.0,46,c025,45.0,66.66666666666667,33.333333333333336,0.0
50.0,45.0,0.0,2,73.0,140,c025,95.0,52.63157894736842,47.36842105263158,0.0
15.0,45.0,0.0,3,32.666666666666664,81,c025,60.0,25.0,75.0,0.0
0.0,40.0,0.0,3,31.333333333333332,56,c025,40.0,0.0,100.0,0.0
30.0,30.0,0.0,4,36.0,81,c025,60.0,50.0,50.0,0.0
30.0,0.0,0.0,2,34.5,51,c025,30.0,100.0,0.0,0.0
45.0,45.0,0.0,1,39.0,96,c025,90.0,50.0,50.0,0.0
30.0,30.0,0.0,0,,61,c025,60.0,50.0,50.0,0.0
0.0,30.0,0.0,2,33.0,46,c025,30.0,0.0,100.0,0.0
90.0,120.0,0.0,2,36.0,305,c025,210.0,42.857142857142854,57.142857142857146,0.0
0.0,25.0,0.0,4,59.5,41,c025,25.0,0.0,100.0,0.0
35.0,15.0,0.0,3,41.333333333333336,96,c025,50.0,70.0,30.0,0.0
30.0,40.0,0.0,1,71.0,71,c025,70.0,42.857142857142854,57.142857142857146,0.0
30.0,45.0,0.0,1,123.0,76,c025,75.0,40.0,60.0,0.0
0.0,60.0,0.0,3,43.333333333333336,76,c025,60.0,0.0,100.0,0.0
30.0,10.0,0.0,3,34.0,56,c025,40.0,75.0,25.0,0.0
60.0,90.0,0.0,3,33.333333333333336,195,c025,150.0,40.0,60.0,0.0
30.0,30.0,0.0,4,54.5,101,c025,60.0,50.0,50.0,0.0
0.0,40.0,0.0,4,41.5,56,c025,40.0,0.0,100.0,0.0
80.0,90.0,0.0,4,29.25,230,c025,170.0,47.05882352941177,52.94117647058823,0.0
30.0,15.0,0.0,2,33.0,86,c025,45.0,66.66666666666667,33.333333333333336,0.0
30.0,45.0,0.0,1,36.0,106,c025,75.0,40.0,60.0,0.0
0.0,60.0,0.0,4,37.0,76,c025,60.0,0.0,100.0,0.0
30.0,45.0,15.0,4,35.25,111,c025,90.0,33.333333333333336,50.0,16.666666666666668
40.0,60.0,0.0,1,41.0,116,c025,100.0,40.0,60.0,0.0
30.0,10.0,0.0,3,57.0,56,c025,40.0,75.0,25.0,0.0
0.0,25.0,0.0,4,46.0,41,c025,25.0,0.0,100.0,0.0
40.0,15.0,0.0,3,33.0,71,c025,55.0,72.72727272727273,27.272727272727273,0.0
60.0,120.0,15.0,1,41.0,250,c025,195.0,30.76923076923077,61.53846153846154,7.6923076923076925
10.0,45.0,0.0,4,36.5,71,c025,55.0,18.181818181818183,81.81818181818181,0.0
30.0,15.0,0.0,4,32.0,61,c025,45.0,66.66666666666667,33.333333333333336,0.0
30.0,0.0,0.0,2,34.5,51,c025,30.0,100.0,0.0,0.0
60.0,60.0,15.0,1,45.0,135,c025,135.0,44.44444444444444,44.44444444444444,11.11111111111111
30.0,30.0,0.0,2,65.0,76,c025,60.0,50.0,50.0,0.0
30.0,10.0,0.0,3,32.333333333333336,56,c025,40.0,75.0,25.0,0.0
45.0,35.0,0.0,2,34.5,96,c025,80.0,56.25,43.75,0.0
30.0,35.0,0.0,1,34.0,66,c025,65.0,46.15384615384615,53.84615384615385,0.0
45.0,30.0,0.0,1,96.0,86,c025,75.0,60.0,40.0,0.0
30.0,15.0,0.0,3,32.0,61,c025,45.0,66.66666666666667,33.333333333333336,0.0
30.0,0.0,0.0,3,36.333333333333336,46,c025,30.0,100.0,0.0,0.0
30.0,45.0,0.0,4,33.75,91,c025,75.0,40.0,60.0,0.0
0.0,25.0,0.0,4,34.75,41,c025,25.0,0.0,100.0,0.0
0.0,40.0,0.0,4,31.5,56,c025,40.0,0.0,100.0,0.0
30.0,25.0,0.0,3,31.333333333333332,71,c025,55.0,54.54545454545455,45.45454545454545,0.0
60.0,90.0,0.0,1,33.0,180,c025,150.0,40.0,60.0,0.0
0.0,40.0,0.0,4,35.0,56,c025,40.0,0.0,100.0,0.0
160.0,90.0,15.0,3,39.0,340,c025,265.0,60.37735849056604,33.9622641509434,5.660377358490566
30.0,35.0,0.0,2,39.5,96,c025,65.0,46.15384615384615,53.84615384615385,0.0
0.0,90.0,0.0,3,35.666666666666664,121,c025,90.0,0.0,100.0,0.0
30.0,0.0,0.0,3,33.666666666666664,51,c025,30.0,100.0,0.0,0.0
20.0,0.0,0.0,3,35.333333333333336,36,c025,20.0,100.0,0.0,0.0
30.0,0.0,0.0,3,44.666666666666664,51,c025,30.0,100.0,0.0,0.0
25.0,45.0,0.0,3,32.666666666666664,86,c025,70.0,35.714285714285715,64.28571428571429,0.0
30.0,15.0,0.0,4,31.5,61,c025,45.0,66.66666666666667,33.333333333333336,0.0
90.0,135.0,30.0,2,32.5,285,c025,255.0,35.294117647058826,52.94117647058823,11.764705882352942
30.0,25.0,0.0,4,36.5,71,c025,55.0,54.54545454545455,45.45454545454545,0.0
70.0,45.0,0.0,3,63.666666666666664,145,c025,115.0,60.869565217391305,39.130434782608695,0.0
0.0,20.0,0.0,4,36.0,36,c025,20.0,0.0,100.0,0.0
65.0,45.0,0.0,2,63.0,140,c025,110.0,59.09090909090909,40.90909090909091,0.0
25.0,0.0,0.0,4,33.25,41,c025,25.0,100.0,0.0,0.0
45.0,45.0,15.0,3,35.666666666666664,135,c025,105.0,42.857142857142854,42.857142857142854,14.285714285714286
15.0,65.0,0.0,0,,96,c025,80.0,18.75,81.25,0.0
0.0,40.0,0.0,0,,56,c025,40.0,0.0,100.0,0.0
30.0,15.0,0.0,0,,61,c025,45.0,66.66666666666667,33.333333333333336,0.0
60.0,60.0,0.0,0,,155,c025,120.0,50.0,50.0,0.0
0.0,75.0,0.0,4,29.25,121,c025,75.0,0.0,100.0,0.0
30.0,20.0,0.0,3,33.0,66,c025,50.0,60.0,40.0,0.0
30.0,15.0,0.0,3,32.333333333333336,61,c025,45.0,66.66666666666667,33.333333333333336,0.0
30.0,75.0,0.0,4,35.25,150,c025,105.0,28.571428571428573,71.42857142857143,0.0
0.0,40.0,0.0,4,31.25,56,c025,40.0,0.0,100.0,0.0
15.0,30.0,0.0,4,32.5,61,c025,45.0,33.333333333333336,66.66666666666667,0.0
75.0,100.0,30.0,3,51.666666666666664,220,c025,205.0,36.58536585365854,48.78048780487805,14.634146341463415
30.0,10.0,0.0,4,34.5,56,c025,40.0,75.0,25.0,0.0
30.0,0.0,0.0,4,37.25,51,c025,30.0,100.0,0.0,0.0
0.0,25.0,0.0,4,31.75,41,c025,25.0,0.0,100.0,0.0
0.0,30.0,0.0,3,33.333333333333336,51,c025,30.0,0.0,100.0,0.0
30.0,0.0,0.0,2,87.0,51,c025,30.0,100.0,0.0,0.0
45.0,30.0,0.0,0,,86,c025,75.0,60.0,40.0,0.0
30.0,30.0,0.0,1,36.0,61,c025,60.0,50.0,50.0,0.0
40.0,45.0,0.0,2,79.0,116,c025,85.0,47.05882352941177,52.94117647058823,0.0
0.0,45.0,0.0,5,30.8,81,c025,45.0,0.0,100.0,0.0
85.0,60.0,15.0,3,61.666666666666664,175,c025,160.0,53.125,37.5,9.375
30.0,25.0,0.0,0,,56,c025,55.0,54.54545454545455,45.45454545454545,0.0
45.0,35.0,0.0,3,64.0,125,c025,80.0,56.25,43.75,0.0
0.0,45.0,0.0,4,46.5,61,c025,45.0,0.0,100.0,0.0
85.0,120.0,0.0,3,61.666666666666664,265,c025,205.0,41.46341463414634,58.53658536585366,0.0
70.0,60.0,0.0,3,68.33333333333333,160,c025,130.0,53.84615384615385,46.15384615384615,0.0
30.0,45.0,0.0,4,40.0,91,c025,75.0,40.0,60.0,0.0
75.0,75.0,20.0,3,30.666666666666668,200,c025,170.0,44.11764705882353,44.11764705882353,11.764705882352942
30.0,25.0,0.0,3,35.333333333333336,71,c025,55.0,54.54545454545455,45.45454545454545,0.0
0.0,20.0,0.0,4,54.25,36,c025,20.0,0.0,100.0,0.0
30.0,50.0,0.0,3,40.0,96,c025,80.0,37.5,62.5,0.0
60.0,105.0,25.0,2,33.0,205,c025,190.0,31.57894736842105,55.26315789473684,13.157894736842104
30.0,20.0,0.0,3,33.666666666666664,96,c025,50.0,60.0,40.0,0.0
0.0,40.0,0.0,4,47.25,56,c025,40.0,0.0,100.0,0.0
30.0,10.0,0.0,4,35.25,56,c025,40.0,75.0,25.0,0.0
30.0,55.0,15.0,2,35.5,116,c025,100.0,30.0,55.0,15.0
30.0,30.0,0.0,4,60.0,81,c025,60.0,50.0,50.0,0.0
15.0,70.0,0.0,4,33.5,116,c025,85.0,17.647058823529413,82.3529411764706,0.0
30.0,0.0,0.0,3,41.0,46,c025,30.0,100.0,0.0,0.0
30.0,20.0,0.0,3,33.333333333333336,66,c025,50.0,60.0,40.0,0.0
75.0,70.0,0.0,3,30.666666666666668,190,c025,145.0,51.724137931034484,48.275862068965516,0.0
55.0,30.0,0.0,4,34.5,130,c025,85.0,64.70588235294117,35.294117647058826,0.0
30.0,40.0,0.0,2,33.0,86,c025,70.0,42.857142857142854,57.142857142857146,0.0
0.0,30.0,0.0,4,30.75,46,c025,30.0,0.0,100.0,0.0
90.0,110.0,0.0,2,31.0,260,c025,200.0,45.0,55.0,0.0
30.0,40.0,0.0,0,,71,c025,70.0,42.857142857142854,57.142857142857146,0.0
0.0,40.0,0.0,0,,56,c025,40.0,0.0,100.0,0.0
0.0,45.0,0.0,0,,61,c025,45.0,0.0,100.0,0.0
30.0,20.0,0.0,0,,96,c025,50.0,60.0,40.0,0.0
30.0,35.0,0.0,0,,96,c025,65.0,46.15384615384615,53.84615384615385,0.0
40.0,60.0,0.0,0,,116,c025,100.0,40.0,60.0,0.0
25.0,15.0,0.0,0,,41,c025,40.0,62.5,37.5,0.0
30.0,45.0,0.0,0,,91,c025,75.0,40.0,60.0,0.0
30.0,10.0,0.0,0,,56,c025,40.0,75.0,25.0,0.0
30.0,30.0,0.0,0,,91,c025,60.0,50.0,50.0,0.0
30.0,15.0,0.0,0,,61,c025,45.0,66.66666666666667,33.333333333333336,0.0
55.0,30.0,0.0,0,,130,c025,85.0,64.70588235294117,35.294117647058826,0.0
0.0,20.0,0.0,0,,36,c025,20.0,0.0,100.0,0.0
30.0,35.0,0.0,0,,81,c025,65.0,46.15384615384615,53.84615384615385,0.0
45.0,30.0,0.0,0,,121,c025,75.0,60.0,40.0,0.0
30.0,10.0,0.0,0,,56,c025,40.0,75.0,25.0,0.0
15.0,65.0,0.0,0,,96,c025,80.0,18.75,81.25,0.0
30.0,75.0,0.0,0,,121,c025,105.0,28.571428571428573,71.42857142857143,0.0
30.0,15.0,0.0,0,,76,c025,45.0,66.66666666666667,33.333333333333336,0.0
30.0,55.0,0.0,0,,86,c025,85.0,35.294117647058826,64.70588235294117,0.0
30.0,20.0,0.0,0,,66,c025,50.0,60.0,40.0,0.0
30.0,30.0,0.0,0,,91,c025,60.0,50.0,50.0,0.0
30.0,20.0,0.0,0,,66,c025,50.0,60.0,40.0,0.0
30.0,25.0,0.0,0,,71,c025,55.0,54.54545454545455,45.45454545454545,0.0
30.0,40.0,0.0,0,,116,c025,70.0,42.857142857142854,57.142857142857146,0.0
0.0,25.0,0.0,0,,41,c025,25.0,0.0,100.0,0.0
30.0,45.0,0.0,0,,91,c025,75.0,40.0,60.0,0.0
30.0,15.0,0.0,0,,91,c025,45.0,66.66666666666667,33.333333333333336,0.0
30.0,0.0,0.0,0,,46,c025,30.0,100.0,0.0,0.0
0.0,30.0,0.0,0,,51,c025,30.0,0.0,100.0,0.0
30.0,30.0,0.0,0,,81,c025,60.0,50.0,50.0,0.0
30.0,10.0,0.0,0,,56,c025,40.0,75.0,25.0,0.0
30.0,15.0,0.0,0,,61,c025,45.0,66.66666666666667,33.333333333333336,0.0
0.0,40.0,0.0,0,,56,c025,40.0,0.0,100.0,0.0
60.0,95.0,15.0,0,,215,c025,170.0,35.294117647058826,55.88235294117647,8.823529411764707
25.0,0.0,0.0,0,,41,c025,25.0,100.0,0.0,0.0
0.0,30.0,0.0,0,,46,c025,30.0,0.0,100.0,0.0
0.0,25.0,0.0,0,,41,c025,25.0,0.0,100.0,0.0
60.0,75.0,0.0,0,,195,c025,135.0,44.44444444444444,55.55555555555556,0.0
30.0,30.0,0.0,0,,76,c025,60.0,50.0,50.0,0.0
30.0,45.0,0.0,0,,96,c025,75.0,40.0,60.0,0.0
0.0,30.0,0.0,0,,51,c025,30.0,0.0,100.0,0.0
0.0,30.0,0.0,0,,46,c025,30.0,0.0,100.0,0.0
45.0,20.0,0.0,0,,81,c025,65.0,69.23076923076923,30.76923076923077,0.0
20.0,0.0,0.0,0,,36,c025,20.0,100.0,0.0,0.0
0.0,25.0,0.0,0,,41,c025,25.0,0.0,100.0,0.0
35.0,90.0,0.0,0,,155,c025,125.0,28.0,72.0,0.0
30.0,25.0,0.0,0,,56,c025,55.0,54.54545454545455,45.45454545454545,0.0
60.0,70.0,0.0,0,,160,c025,130.0,46.15384615384615,53.84615384615385,0.0
0.0,30.0,0.0,0,,51,c025,30.0,0.0,100.0,0.0
60.0,60.0,5.0,0,,200,c025,125.0,48.0,48.0,4.0
55.0,30.0,0.0,0,,130,c025,85.0,64.70588235294117,35.294117647058826,0.0
0.0,40.0,0.0,0,,56,c025,40.0,0.0,100.0,0.0
30.0,45.0,0.0,0,,101,c025,75.0,40.0,60.0,0.0
30.0,40.0,0.0,0,,86,c025,70.0,42.857142857142854,57.142857142857146,0.0
65.0,45.0,15.0,0,,140,c025,125.0,52.0,36.0,12.0
45.0,50.0,15.0,0,,111,c025,110.0,40.90909090909091,45.45454545454545,13.636363636363637
0.0,45.0,0.0,0,,61,c025,45.0,0.0,100.0,0.0
30.0,0.0,0.0,0,,46,c025,30.0,100.0,0.0,0.0
30.0,15.0,0.0,0,,66,c025,45.0,66.66666666666667,33.333333333333336,0.0
30.0,0.0,0.0,0,,46,c025,30.0,100.0,0.0,0.0
0.0,15.0,0.0,0,,16,c025,15.0,0.0,100.0,0.0
0.0,25.0,0.0,0,,41,c025,25.0,0.0,100.0,0.0
10.0,45.0,0.0,0,,71,c025,55.0,18.181818181818183,81.81818181818181,0.0
90.0,115.0,0.0,0,,250,c025,205.0,43.90243902439025,56.09756097560975,0.0
0.0,30.0,0.0,0,,46,c025,30.0,0.0,100.0,0.0
70.0,45.0,15.0,0,,145,c025,130.0,53.84615384615385,34.61538461538461,11.538461538461538
30.0,15.0,0.0,0,,81,c025,45.0,66.66666666666667,33.333333333333336,0.0
15.0,45.0,0.0,3,29.666666666666668,81,c025,60.0,25.0,75.0,0.0
135.0,180.0,45.0,5,39.2,390,c025,360.0,37.5,50.0,12.5
0.0,30.0,0.0,0,,51,c025,30.0,0.0,100.0,0.0
60.0,60.0,0.0,2,32.5,190,c025,120.0,50.0,50.0,0.0
30.0,20.0,0.0,3,34.666666666666664,66,c025,50.0,60.0,40.0,0.0
30.0,15.0,0.0,1,34.0,46,c025,45.0,66.66666666666667,33.333333333333336,0.0
0.0,45.0,0.0,3,37.333333333333336,61,c025,45.0,0.0,100.0,0.0
30.0,40.0,0.0,3,64.33333333333333,86,c025,70.0,42.857142857142854,57.142857142857146,0.0
25.0,0.0,0.0,0,,41,c025,25.0,100.0,0.0,0.0
30.0,15.0,0.0,0,,61,c025,45.0,66.66666666666667,33.333333333333336,0.0
5.0,45.0,0.0,3,70.0,66,c025,50.0,10.0,90.0,0.0
60.0,45.0,15.0,0,,135,c025,120.0,50.0,37.5,12.5
30.0,30.0,10.0,0,,101,c025,70.0,42.857142857142854,42.857142857142854,14.285714285714286
45.0,30.0,0.0,0,,91,c025,75.0,60.0,40.0,0.0
0.0,30.0,0.0,0,,51,c025,30.0,0.0,100.0,0.0
80.0,105.0,0.0,4,32.0,230,c025,185.0,43.24324324324324,56.75675675675676,0.0
30.0,15.0,0.0,3,35.333333333333336,61,c025,45.0,66.66666666666667,33.333333333333336,0.0
30.0,30.0,0.0,0,,76,c025,60.0,50.0,50.0,0.0
65.0,30.0,0.0,3,34.666666666666664,140,c025,95.0,68.42105263157895,31.57894736842105,0.0
30.0,0.0,0.0,4,34.5,46,c025,30.0,100.0,0.0,0.0
10.0,45.0,0.0,4,38.25,71,c025,55.0,18.181818181818183,81.81818181818181,0.0
115.0,105.0,0.0,4,57.25,265,c025,220.0,52.27272727272727,47.72727272727273,0.0
30.0,15.0,0.0,3,36.0,61,c025,45.0,66.66666666666667,33.333333333333336,0.0
0.0,30.0,0.0,4,36.5,46,c025,30.0,0.0,100.0,0.0
15.0,70.0,15.0,0,,116,c025,100.0,15.0,70.0,15.0
30.0,0.0,0.0,0,,51,c025,30.0,100.0,0.0,0.0
30.0,10.0,0.0,4,32.5,56,c025,40.0,75.0,25.0,0.0
60.0,80.0,0.0,1,124.0,155,c025,140.0,42.857142857142854,57.142857142857146,0.0
30.0,30.0,0.0,3,31.333333333333332,91,c025,60.0,50.0,50.0,0.0
30.0,20.0,0.0,3,34.333333333333336,66,c025,50.0,60.0,40.0,0.0
30.0,30.0,0.0,1,36.0,76,c025,60.0,50.0,50.0,0.0
0.0,30.0,0.0,3,30.333333333333332,46,c025,30.0,0.0,100.0,0.0
10.0,45.0,0.0,4,32.75,71,c025,55.0,18.181818181818183,81.81818181818181,0.0
75.0,60.0,0.0,3,47.333333333333336,205,c025,135.0,55.55555555555556,44.44444444444444,0.0
30.0,25.0,0.0,4,66.0,71,c025,55.0,54.54545454545455,45.45454545454545,0.0
30.0,45.0,0.0,3,40.666666666666664,96,c025,75.0,40.0,60.0,0.0
55.0,45.0,0.0,2,55.0,130,c025,100.0,55.0,45.0,0.0
30.0,15.0,0.0,0,,46,c025,45.0,66.66666666666667,33.333333333333336,0.0
0.0,60.0,0.0,0,,86,c025,60.0,0.0,100.0,0.0
20.0,0.0,0.0,1,40.0,36,c025,20.0,100.0,0.0,0.0
50.0,60.0,0.0,3,37.333333333333336,155,c025,110.0,45.45454545454545,54.54545454545455,0.0
40.0,45.0,0.0,2,41.0,130,c025,85.0,47.05882352941177,52.94117647058823,0.0
10.0,45.0,0.0,0,,71,c025,55.0,18.181818181818183,81.81818181818181,0.0
30.0,45.0,0.0,3,70.0,96,c025,75.0,40.0,60.0,0.0
60.0,55.0,0.0,3,77.0,160,c025,115.0,52.17391304347826,47.82608695652174,0.0
15.0,55.0,0.0,0,,86,c025,70.0,21.428571428571427,78.57142857142857,0.0
60.0,50.0,0.0,3,63.666666666666664,155,c025,110.0,54.54545454545455,45.45454545454545,0.0
0.0,40.0,0.0,3,89.0,56,c025,40.0,0.0,100.0,0.0
0.0,30.0,0.0,0,,51,c025,30.0,0.0,100.0,0.0
30.0,20.0,0.0,0,,66,c025,50.0,60.0,40.0,0.0
75.0,125.0,30.0,0,,245,c025,230.0,32.608695652173914,54.34782608695652,13.043478260869565
0.0,60.0,0.0,2,37.5,76,c025,60.0,0.0,100.0,0.0
30.0,10.0,0.0,4,36.25,56,c025,40.0,75.0,25.0,0.0
20.0,0.0,0.0,3,30.666666666666668,36,c025,20.0,100.0,0.0,0.0
0.0,55.0,0.0,2,30.0,71,c025,55.0,0.0,100.0,0.0
15.0,65.0,15.0,0,,111,c025,95.0,15.789473684210526,68.42105263157895,15.789473684210526
60.0,75.0,5.0,0,,200,c025,140.0,42.857142857142854,53.57142857142857,3.5714285714285716
30.0,70.0,0.0,0,,130,c025,100.0,30.0,70.0,0.0
30.0,30.0,0.0,3,78.0,76,c025,60.0,50.0,50.0,0.0
5.0,45.0,0.0,0,,66,c025,50.0,10.0,90.0,0.0
30.0,45.0,0.0,0,,91,c025,75.0,40.0,60.0,0.0
30.0,15.0,0.0,0,,71,c025,45.0,66.66666666666667,33.333333333333336,0.0
30.0,25.0,0.0,0,,56,c025,55.0,54.54545454545455,45.45454545454545,0.0
125.0,120.0,15.0,0,,320,c025,260.0,48.07692307692308,46.15384615384615,5.769230769230769
0.0,30.0,0.0,0,,51,c025,30.0,0.0,100.0,0.0
30.0,10.0,0.0,0,,56,c025,40.0,75.0,25.0,0.0
90.0,135.0,0.0,2,33.0,270,c025,225.0,40.0,60.0,0.0
30.0,35.0,0.0,3,35.0,111,c025,65.0,46.15384615384615,53.84615384615385,0.0
30.0,0.0,0.0,3,31.0,51,c025,30.0,100.0,0.0,0.0
0.0,30.0,0.0,0,,46,c025,30.0,0.0,100.0,0.0
0.0,45.0,0.0,4,44.0,61,c025,45.0,0.0,100.0,0.0
75.0,100.0,15.0,2,31.0,220,c025,190.0,39.473684210526315,52.63157894736842,7.894736842105263
30.0,15.0,0.0,3,31.666666666666668,71,c025,45.0,66.66666666666667,33.333333333333336,0.0
60.0,75.0,5.0,4,31.75,200,c025,140.0,42.857142857142854,53.57142857142857,3.5714285714285716
30.0,45.0,0.0,3,32.0,91,c025,75.0,40.0,60.0,0.0
30.0,35.0,0.0,1,33.0,66,c025,65.0,46.15384615384615,53.84615384615385,0.0
30.0,30.0,0.0,3,30.666666666666668,76,c025,60.0,50.0,50.0,0.0
60.0,45.0,0.0,2,31.0,150,c025,105.0,57.142857142857146,42.857142857142854,0.0
30.0,45.0,0.0,1,32.0,101,c025,75.0,40.0,60.0,0.0
0.0,60.0,0.0,0,,91,c025,60.0,0.0,100.0,0.0
100.0,105.0,0.0,0,,265,c025,205.0,48.78048780487805,51.21951219512195,0.0
30.0,25.0,0.0,0,,56,c025,55.0,54.54545454545455,45.45454545454545,0.0
25.0,0.0,0.0,0,,41,c025,25.0,100.0,0.0,0.0
0.0,25.0,0.0,2,31.5,41,c025,25.0,0.0,100.0,0.0
120.0,120.0,0.0,3,34.666666666666664,315,c025,240.0,50.0,50.0,0.0
0.0,25.0,0.0,0,,41,c025,25.0,0.0,100.0,0.0
60.0,105.0,0.0,0,,195,c025,165.0,36.36363636363637,63.63636363636363,0.0
60.0,105.0,0.0,0,,210,c025,165.0,36.36363636363637,63.63636363636363,0.0
0.0,30.0,0.0,4,30.75,46,c025,30.0,0.0,100.0,0.0
60.0,90.0,0.0,5,80.8,185,c025,150.0,40.0,60.0,0.0
30.0,60.0,0.0,0,,106,c025,90.0,33.333333333333336,66.66666666666667,0.0
30.0,70.0,0.0,0,,130,c025,100.0,30.0,70.0,0.0
15.0,85.0,15.0,3,90.66666666666667,130,c025,115.0,13.043478260869565,73.91304347826087,13.043478260869565
0.0,30.0,0.0,3,75.0,46,c025,30.0,0.0,100.0,0.0
0.0,25.0,0.0,4,36.75,41,c025,25.0,0.0,100.0,0.0
60.0,60.0,0.0,4,33.5,170,c025,120.0,50.0,50.0,0.0
60.0,55.0,0.0,3,33.0,160,c025,115.0,52.17391304347826,47.82608695652174,0.0
10.0,45.0,0.0,4,47.5,71,c025,55.0,18.181818181818183,81.81818181818181,0.0
0.0,30.0,0.0,0,,46,c025,30.0,0.0,100.0,0.0
0.0,20.0,0.0,3,32.666666666666664,36,c025,20.0,0.0,100.0,0.0
65.0,105.0,15.0,4,33.0,230,c025,185.0,35.13513513513514,56.75675675675676,8.108108108108109
30.0,15.0,0.0,3,37.666666666666664,61,c025,45.0,66.66666666666667,33.333333333333336,0.0
0.0,25.0,0.0,3,51.0,41,c025,25.0,0.0,100.0,0.0
0.0,30.0,0.0,4,86.0,46,c025,30.0,0.0,100.0,0.0
20.0,45.0,0.0,4,63.75,81,c025,65.0,30.76923076923077,69.23076923076923,0.0
0.0,30.0,0.0,3,34.333333333333336,51,c025,30.0,0.0,100.0,0.0
30.0,20.0,0.0,3,36.333333333333336,66,c025,50.0,60.0,40.0,0.0
120.0,100.0,15.0,3,31.0,310,c025,235.0,51.06382978723404,42.5531914893617,6.382978723404255
5.0,90.0,0.0,4,32.75,111,c025,95.0,5.2631578947368425,94.73684210526316,0.0
30.0,70.0,0.0,4,31.5,130,c025,100.0,30.0,70.0,0.0
65.0,45.0,0.0,3,35.333333333333336,140,c025,110.0,59.09090909090909,40.90909090909091,0.0
0.0,30.0,0.0,5,37.2,46,c025,30.0,0.0,100.0,0.0
95.0,90.0,0.0,4,51.75,245,c025,185.0,51.351351351351354,48.648648648648646,0.0
60.0,60.0,0.0,2,34.5,185,c025,120.0,50.0,50.0,0.0
0.0,20.0,0.0,1,36.0,21,c025,20.0,0.0,100.0,0.0
15.0,45.0,0.0,0,,81,c025,60.0,25.0,75.0,0.0
30.0,45.0,0.0,0,,91,c025,75.0,40.0,60.0,0.0
70.0,45.0,15.0,0,,145,c025,130.0,53.84615384615385,34.61538461538461,11.538461538461538
60.0,75.0,0.0,0,,165,c025,135.0,44.44444444444444,55.55555555555556,0.0
30.0,0.0,0.0,0,,46,c025,30.0,100.0,0.0,0.0
30.0,30.0,0.0,0,,91,c025,60.0,50.0,50.0,0.0
30.0,60.0,0.0,4,35.0,135,c025,90.0,33.333333333333336,66.66666666666667,0.0
30.0,35.0,0.0,3,36.0,81,c025,65.0,46.15384615384615,53.84615384615385,0.0
30.0,30.0,0.0,0,,76,c025,60.0,50.0,50.0,0.0
0.0,30.0,0.0,0,,51,c025,30.0,0.0,100.0,0.0
30.0,0.0,0.0,0,,51,c025,30.0,100.0,0.0,0.0
60.0,55.0,15.0,0,,160,c025,130.0,46.15384615384615,42.30769230769231,11.538461538461538
30.0,0.0,0.0,0,,51,c025,30.0,100.0,0.0,0.0
30.0,0.0,0.0,0,,46,c025,30.0,100.0,0.0,0.0
10.0,45.0,0.0,0,,71,c025,55.0,18.181818181818183,81.81818181818181,0.0
0.0,25.0,0.0,0,,41,c025,25.0,0.0,100.0,0.0
75.0,75.0,0.0,0,,180,c025,150.0,50.0,50.0,0.0
30.0,15.0,0.0,0,,61,c025,45.0,66.66666666666667,33.333333333333336,0.0
75.0,60.0,15.0,0,,150,c025,150.0,50.0,40.0,10.0
30.0,45.0,0.0,4,81.5,96,c025,75.0,40.0,60.0,0.0
30.0,10.0,0.0,0,,56,c025,40.0,75.0,25.0,0.0
30.0,30.0,0.0,0,,76,c025,60.0,50.0,50.0,0.0
30.0,20.0,0.0,0,,66,c025,50.0,60.0,40.0,0.0
0.0,30.0,0.0,4,77.5,46,c025,30.0,0.0,100.0,0.0
20.0,0.0,0.0,0,,21,c025,20.0,100.0,0.0,0.0
40.0,15.0,0.0,0,,71,c025,55.0,72.72727272727273,27.272727272727273,0.0
0.0,25.0,0.0,0,,41,c025,25.0,0.0,100.0,0.0
0.0,45.0,0.0,0,,61,c025,45.0,0.0,100.0,0.0
75.0,55.0,0.0,0,,175,c025,130.0,57.69230769230769,42.30769230769231,0.0
30.0,35.0,0.0,0,,96,c025,65.0,46.15384615384615,53.84615384615385,0.0
15.0,50.0,0.0,0,,96,c025,65.0,23.076923076923077,76.92307692307692,0.0
0.0,45.0,0.0,0,,61,c025,45.0,0.0,100.0,0.0
85.0,75.0,0.0,0,,206,c025,160.0,53.125,46.875,0.0
30.0,25.0,0.0,2,35.5,86,c025,55.0,54.54545454545455,45.45454545454545,0.0
10.0,15.0,0.0,1,77.0,26,c025,25.0,40.0,60.0,0.0
0.0,45.0,0.0,0,,61,c025,45.0,0.0,100.0,0.0
0.0,30.0,0.0,0,,51,c025,30.0,0.0,100.0,0.0
10.0,90.0,0.0,0,,116,c025,100.0,10.0,90.0,0.0
60.0,60.0,0.0,0,,165,c025,120.0,50.0,50.0,0.0
30.0,30.0,10.0,0,,101,c025,70.0,42.857142857142854,42.857142857142854,14.285714285714286
20.0,45.0,0.0,0,,81,c025,65.0,30.76923076923077,69.23076923076923,0.0
120.0,165.0,30.0,0,,355,c025,315.0,38.095238095238095,52.38095238095238,9.523809523809524
65.0,30.0,0.0,3,36.333333333333336,140,c025,95.0,68.42105263157895,31.57894736842105,0.0
25.0,45.0,0.0,4,85.0,86,c025,70.0,35.714285714285715,64.28571428571429,0.0
0.0,30.0,0.0,3,34.0,51,c025,30.0,0.0,100.0,0.0
0.0,60.0,0.0,2,66.0,76,c025,60.0,0.0,100.0,0.0
30.0,15.0,0.0,4,37.5,81,c025,45.0,66.66666666666667,33.333333333333336,0.0
60.0,55.0,0.0,4,37.25,160,c025,115.0,52.17391304347826,47.82608695652174,0.0
0.0,50.0,0.0,0,,66,c025,50.0,0.0,100.0,0.0
0.0,20.0,0.0,4,61.5,36,c026,20.0,0.0,100.0,0.0
30.0,45.0,0.0,0,,91,c026,75.0,40.0,60.0,0.0
30.0,20.0,0.0,0,,66,c026,50.0,60.0,40.0,0.0
30.0,15.0,0.0,0,,51,c026,45.0,66.66666666666667,33.333333333333336,0.0
30.0,15.0,0.0,0,,51,c026,45.0,66.66666666666667,33.333333333333336,0.0
30.0,30.0,0.0,0,,101,c026,60.0,50.0,50.0,0.0
60.0,75.0,15.0,0,,165,c026,150.0,40.0,50.0,10.0
0.0,45.0,0.0,0,,61,c026,45.0,0.0,100.0,0.0
45.0,60.0,0.0,0,,150,c026,105.0,42.857142857142854,57.142857142857146,0.0
35.0,30.0,0.0,0,,111,c026,65.0,53.84615384615385,46.15384615384615,0.0
30.0,30.0,10.0,0,,101,c026,70.0,42.857142857142854,42.857142857142854,14.285714285714286
60.0,120.0,25.0,0,,205,c026,205.0,29.26829268292683,58.53658536585366,12.195121951219512
30.0,45.0,15.0,0,,106,c026,90.0,33.333333333333336,50.0,16.666666666666668
60.0,45.0,0.0,0,,150,c026,105.0,57.142857142857146,42.857142857142854,0.0
65.0,15.0,0.0,0,,96,c026,80.0,81.25,18.75,0.0
30.0,0.0,0.0,0,,46,c026,30.0,100.0,0.0,0.0
60.0,195.0,0.0,0,,300,c026,255.0,23.529411764705884,76.47058823529412,0.0
20.0,45.0,0.0,0,,81,c026,65.0,30.76923076923077,69.23076923076923,0.0
95.0,90.0,0.0,0,,245,c026,185.0,51.351351351351354,48.648648648648646,0.0
25.0,15.0,0.0,0,,41,c026,40.0,62.5,37.5,0.0
55.0,45.0,0.0,0,,130,c026,100.0,55.0,45.0,0.0
50.0,30.0,0.0,0,,125,c026,80.0,62.5,37.5,0.0
30.0,0.0,0.0,0,,46,c026,30.0,100.0,0.0,0.0
45.0,60.0,0.0,0,,175,c026,105.0,42.857142857142854,57.142857142857146,0.0
60.0,60.0,0.0,0,,149,c026,120.0,50.0,50.0,0.0
30.0,30.0,0.0,0,,86,c026,60.0,50.0,50.0,0.0
60.0,90.0,15.0,0,,195,c026,165.0,36.36363636363637,54.54545454545455,9.090909090909092
25.0,0.0,0.0,0,,41,c026,25.0,100.0,0.0,0.0
65.0,30.0,0.0,0,,140,c026,95.0,68.42105263157895,31.57894736842105,0.0
30.0,15.0,0.0,0,,61,c026,45.0,66.66666666666667,33.333333333333336,0.0
15.0,20.0,0.0,0,,36,c026,35.0,42.857142857142854,57.142857142857146,0.0
35.0,45.0,0.0,0,,111,c026,80.0,43.75,56.25,0.0
60.0,80.0,0.0,0,,170,c026,140.0,42.857142857142854,57.142857142857146,0.0
90.0,125.0,15.0,0,,275,c026,230.0,39.130434782608695,54.34782608695652,6.521739130434782
60.0,30.0,0.0,0,,135,c026,90.0,66.66666666666667,33.333333333333336,0.0
30.0,60.0,0.0,0,,91,c026,90.0,33.333333333333336,66.66666666666667,0.0
45.0,40.0,0.0,0,,86,c026,85.0,52.94117647058823,47.05882352941177,0.0
30.0,10.0,0.0,0,,56,c026,40.0,75.0,25.0,0.0
30.0,15.0,0.0,0,,61,c026,45.0,66.66666666666667,33.333333333333336,0.0
30.0,40.0,0.0,0,,116,c026,70.0,42.857142857142854,57.142857142857146,0.0
30.0,35.0,0.0,0,,81,c026,65.0,46.15384615384615,53.84615384615385,0.0
45.0,40.0,0.0,0,,130,c026,85.0,52.94117647058823,47.05882352941177,0.0
60.0,65.0,0.0,0,,140,c026,125.0,48.0,52.0,0.0
30.0,35.0,0.0,0,,81,c026,65.0,46.15384615384615,53.84615384615385,0.0
0.0,40.0,0.0,0,,56,c026,40.0,0.0,100.0,0.0
20.0,0.0,0.0,0,,36,c026,20.0,100.0,0.0,0.0
30.0,35.0,0.0,0,,66,c026,65.0,46.15384615384615,53.84615384615385,0.0
60.0,70.0,0.0,0,,145,c026,130.0,46.15384615384615,53.84615384615385,0.0
20.0,15.0,0.0,0,,36,c026,35.0,57.142857142857146,42.857142857142854,0.0
60.0,45.0,0.0,0,,150,c026,105.0,57.142857142857146,42.857142857142854,0.0
60.0,90.0,0.0,0,,175,c026,150.0,40.0,60.0,0.0
30.0,15.0,0.0,0,,61,c026,45.0,66.66666666666667,33.333333333333336,0.0
30.0,20.0,0.0,0,,96,c026,50.0,60.0,40.0,0.0
30.0,45.0,0.0,0,,91,c026,75.0,40.0,60.0,0.0
30.0,65.0,0.0,0,,125,c026,95.0,31.57894736842105,68.42105263157895,0.0
30.0,0.0,0.0,0,,46,c026,30.0,100.0,0.0,0.0
15.0,25.0,0.0,0,,41,c026,40.0,37.5,62.5,0.0
0.0,40.0,0.0,0,,56,c026,40.0,0.0,100.0,0.0
60.0,60.0,0.0,0,,165,c026,120.0,50.0,50.0,0.0
30.0,30.0,0.0,0,,61,c026,60.0,50.0,50.0,0.0
30.0,15.0,0.0,0,,76,c026,45.0,66.66666666666667,33.333333333333336,0.0
30.0,0.0,0.0,0,,46,c026,30.0,100.0,0.0,0.0
30.0,40.0,0.0,0,,86,c026,70.0,42.857142857142854,57.142857142857146,0.0
0.0,30.0,0.0,0,,51,c026,30.0,0.0,100.0,0.0
30.0,30.0,10.0,0,,101,c026,70.0,42.857142857142854,42.857142857142854,14.285714285714286
30.0,15.0,0.0,0,,61,c026,45.0,66.66666666666667,33.333333333333336,0.0
45.0,30.0,0.0,0,,111,c026,75.0,60.0,40.0,0.0
30.0,45.0,0.0,0,,91,c026,75.0,40.0,60.0,0.0
55.0,45.0,0.0,0,,130,c026,100.0,55.0,45.0,0.0
60.0,90.0,0.0,0,,195,c026,150.0,40.0,60.0,0.0
30.0,40.0,0.0,0,,86,c026,70.0,42.857142857142854,57.142857142857146,0.0
25.0,0.0,0.0,0,,41,c026,25.0,100.0,0.0,0.0
30.0,20.0,0.0,0,,66,c026,50.0,60.0,40.0,0.0
75.0,105.0,15.0,0,,225,c026,195.0,38.46153846153846,53.84615384615385,7.6923076923076925
30.0,45.0,0.0,0,,86,c026,75.0,40.0,60.0,0.0
25.0,0.0,0.0,0,,41,c026,25.0,100.0,0.0,0.0
65.0,30.0,0.0,0,,140,c026,95.0,68.42105263157895,31.57894736842105,0.0
30.0,30.0,0.0,0,,91,c026,60.0,50.0,50.0,0.0
30.0,0.0,0.0,0,,46,c026,30.0,100.0,0.0,0.0
55.0,75.0,15.0,0,,160,c026,145.0,37.93103448275862,51.724137931034484,10.344827586206897
30.0,40.0,0.0,0,,86,c026,70.0,42.857142857142854,57.142857142857146,0.0
75.0,90.0,20.0,0,,200,c026,185.0,40.54054054054054,48.648648648648646,10.81081081081081
60.0,80.0,0.0,0,,155,c026,140.0,42.857142857142854,57.142857142857146,0.0
0.0,30.0,0.0,0,,51,c026,30.0,0.0,100.0,0.0
25.0,0.0,0.0,0,,41,c026,25.0,100.0,0.0,0.0
60.0,50.0,0.0,0,,185,c026,110.0,54.54545454545455,45.45454545454545,0.0
30.0,20.0,0.0,0,,66,c026,50.0,60.0,40.0,0.0
30.0,45.0,0.0,0,,121,c026,75.0,40.0,60.0,0.0
30.0,10.0,0.0,0,,56,c026,40.0,75.0,25.0,0.0
20.0,0.0,0.0,0,,36,c026,20.0,100.0,0.0,0.0
30.0,30.0,10.0,0,,101,c026,70.0,42.857142857142854,42.857142857142854,14.285714285714286
30.0,15.0,0.0,0,,66,c026,45.0,66.66666666666667,33.333333333333336,0.0
15.0,45.0,0.0,0,,91,c026,60.0,25.0,75.0,0.0
45.0,30.0,0.0,0,,121,c026,75.0,60.0,40.0,0.0
30.0,45.0,0.0,0,,76,c026,75.0,40.0,60.0,0.0
30.0,65.0,15.0,0,,111,c026,110.0,27.272727272727273,59.09090909090909,13.636363636363637
0.0,25.0,0.0,0,,41,c026,25.0,0.0,100.0,0.0
30.0,0.0,0.0,0,,46,c026,30.0,100.0,0.0,0.0
30.0,55.0,15.0,0,,116,c026,100.0,30.0,55.0,15.0
30.0,40.0,0.0,0,,86,c026,70.0,42.857142857142854,57.142857142857146,0.0
0.0,25.0,0.0,0,,41,c026,25.0,0.0,100.0,0.0
30.0,50.0,0.0,0,,96,c026,80.0,37.5,62.5,0.0
40.0,30.0,0.0,0,,116,c026,70.0,57.142857142857146,42.857142857142854,0.0
30.0,15.0,0.0,0,,61,c026,45.0,66.66666666666667,33.333333333333336,0.0
30.0,35.0,0.0,0,,81,c026,65.0,46.15384615384615,53.84615384615385,0.0
30.0,60.0,0.0,0,,121,c026,90.0,33.333333333333336,66.66666666666667,0.0
20.0,0.0,0.0,0,,36,c026,20.0,100.0,0.0,0.0
30.0,20.0,0.0,0,,66,c026,50.0,60.0,40.0,0.0
30.0,35.0,0.0,0,,81,c026,65.0,46.15384615384615,53.84615384615385,0.0
30.0,10.0,0.0,0,,56,c026,40.0,75.0,25.0,0.0
30.0,55.0,0.0,0,,86,c026,85.0,35.294117647058826,64.70588235294117,0.0
40.0,30.0,0.0,0,,71,c026,70.0,57.142857142857146,42.857142857142854,0.0
30.0,50.0,0.0,0,,111,c026,80.0,37.5,62.5,0.0
15.0,45.0,0.0,0,,86,c026,60.0,25.0,75.0,0.0
30.0,10.0,0.0,0,,56,c026,40.0,75.0,25.0,0.0
60.0,40.0,0.0,0,,145,c026,100.0,60.0,40.0,0.0
60.0,60.0,0.0,0,,150,c026,120.0,50.0,50.0,0.0
50.0,60.0,0.0,0,,155,c026,110.0,45.45454545454545,54.54545454545455,0.0
30.0,50.0,15.0,0,,111,c026,95.0,31.57894736842105,52.63157894736842,15.789473684210526
0.0,30.0,0.0,0,,51,c026,30.0,0.0,100.0,0.0
30.0,0.0,0.0,0,,51,c026,30.0,100.0,0.0,0.0
60.0,105.0,30.0,0,,225,c026,195.0,30.76923076923077,53.84615384615385,15.384615384615385
45.0,20.0,0.0,0,,66,c026,65.0,69.23076923076923,30.76923076923077,0.0
30.0,15.0,0.0,0,,61,c026,45.0,66.66666666666667,33.333333333333336,0.0
30.0,30.0,0.0,0,,61,c026,60.0,50.0,50.0,0.0
40.0,45.0,0.0,0,,116,c026,85.0,47.05882352941177,52.94117647058823,0.0
0.0,20.0,0.0,0,,36,c026,20.0,0.0,100.0,0.0
30.0,35.0,0.0,0,,96,c026,65.0,46.15384615384615,53.84615384615385,0.0
45.0,25.0,0.0,0,,86,c026,70.0,64.28571428571429,35.714285714285715,0.0
25.0,0.0,0.0,0,,41,c026,25.0,100.0,0.0,0.0
55.0,30.0,0.0,0,,130,c026,85.0,64.70588235294117,35.294117647058826,0.0
30.0,30.0,0.0,0,,91,c026,60.0,50.0,50.0,0.0
0.0,25.0,0.0,0,,41,c026,25.0,0.0,100.0,0.0
30.0,20.0,0.0,0,,96,c026,50.0,60.0,40.0,0.0
50.0,60.0,0.0,0,,155,c026,110.0,45.45454545454545,54.54545454545455,0.0
30.0,0.0,0.0,0,,51,c026,30.0,100.0,0.0,0.0
30.0,0.0,0.0,0,,46,c026,30.0,100.0,0.0,0.0
40.0,30.0,0.0,0,,116,c026,70.0,57.142857142857146,42.857142857142854,0.0
30.0,35.0,0.0,0,,81,c026,65.0,46.15384615384615,53.84615384615385,0.0
15.0,95.0,0.0,0,,125,c026,110.0,13.636363636363637,86.36363636363636,0.0
30.0,10.0,0.0,0,,56,c026,40.0,75.0,25.0,0.0
45.0,40.0,0.0,0,,130,c026,85.0,52.94117647058823,47.05882352941177,0.0
35.0,45.0,0.0,0,,96,c026,80.0,43.75,56.25,0.0
30.0,0.0,0.0,0,,46,c026,30.0,100.0,0.0,0.0
50.0,60.0,15.0,0,,140,c026,125.0,40.0,48.0,12.0
30.0,25.0,0.0,0,,86,c026,55.0,54.54545454545455,45.45454545454545,0.0
55.0,90.0,15.0,0,,160,c026,160.0,34.375,56.25,9.375
60.0,90.0,0.0,0,,205,c026,150.0,40.0,60.0,0.0
300.0,855.0,45.0,0,,1380,c026,1200.0,25.0,71.25,3.75
30.0,25.0,0.0,0,,71,c026,55.0,54.54545454545455,45.45454545454545,0.0
60.0,55.0,15.0,0,,160,c026,130.0,46.15384615384615,42.30769230769231,11.538461538461538
75.0,55.0,0.0,0,,175,c026,130.0,57.69230769230769,42.30769230769231,0.0
30.0,0.0,0.0,0,,51,c026,30.0,100.0,0.0,0.0
30.0,0.0,0.0,0,,46,c026,30.0,100.0,0.0,0.0
30.0,35.0,0.0,0,,111,c026,65.0,46.15384615384615,53.84615384615385,0.0
25.0,0.0,0.0,0,,41,c026,25.0,100.0,0.0,0.0
30.0,60.0,15.0,0,,111,c026,105.0,28.571428571428573,57.142857142857146,14.285714285714286
20.0,0.0,0.0,0,,36,c026,20.0,100.0,0.0,0.0
0.0,45.0,0.0,0,,61,c026,45.0,0.0,100.0,0.0
30.0,15.0,0.0,0,,76,c026,45.0,66.66666666666667,33.333333333333336,0.0
30.0,20.0,0.0,0,,66,c026,50.0,60.0,40.0,0.0
30.0,35.0,0.0,0,,111,c026,65.0,46.15384615384615,53.84615384615385,0.0
15.0,75.0,0.0,0,,121,c026,90.0,16.666666666666668,83.33333333333333,0.0
30.0,25.0,0.0,0,,71,c026,55.0,54.54545454545455,45.45454545454545,0.0
30.0,10.0,0.0,0,,56,c026,40.0,75.0,25.0,0.0
30.0,30.0,0.0,0,,91,c026,60.0,50.0,50.0,0.0
30.0,25.0,0.0,0,,71,c026,55.0,54.54545454545455,45.45454545454545,0.0
15.0,80.0,0.0,0,,111,c026,95.0,15.789473684210526,84.21052631578948,0.0
30.0,15.0,0.0,0,,61,c026,45.0,66.66666666666667,33.333333333333336,0.0
30.0,15.0,0.0,0,,61,c026,45.0,66.66666666666667,33.333333333333336,0.0
55.0,45.0,0.0,0,,130,c026,100.0,55.0,45.0,0.0
5.0,45.0,0.0,0,,66,c026,50.0,10.0,90.0,0.0
45.0,75.0,15.0,0,,150,c026,135.0,33.333333333333336,55.55555555555556,11.11111111111111
60.0,80.0,0.0,0,,155,c026,140.0,42.857142857142854,57.142857142857146,0.0
30.0,30.0,10.0,0,,101,c026,70.0,42.857142857142854,42.857142857142854,14.285714285714286
30.0,40.0,0.0,0,,86,c026,70.0,42.857142857142854,57.142857142857146,0.0
30.0,30.0,0.0,0,,76,c026,60.0,50.0,50.0,0.0
30.0,0.0,0.0,0,,51,c026,30.0,100.0,0.0,0.0
80.0,120.0,0.0,0,,260,c026,200.0,40.0,60.0,0.0
25.0,45.0,0.0,0,,86,c026,70.0,35.714285714285715,64.28571428571429,0.0
55.0,30.0,0.0,0,,130,c026,85.0,64.70588235294117,35.294117647058826,0.0
30.0,65.0,0.0,0,,96,c026,95.0,31.57894736842105,68.42105263157895,0.0
10.0,0.0,0.0,0,,26,c026,10.0,100.0,0.0,0.0
60.0,60.0,0.0,0,,170,c026,120.0,50.0,50.0,0.0
45.0,45.0,0.0,0,,121,c026,90.0,50.0,50.0,0.0
60.0,90.0,15.0,0,,185,c026,165.0,36.36363636363637,54.54545454545455,9.090909090909092
30.0,45.0,0.0,0,,96,c026,75.0,40.0,60.0,0.0
30.0,20.0,0.0,0,,66,c026,50.0,60.0,40.0,0.0
60.0,80.0,15.0,0,,170,c026,155.0,38.70967741935484,51.61290322580645,9.67741935483871
30.0,45.0,0.0,0,,91,c026,75.0,40.0,60.0,0.0
60.0,55.0,0.0,0,,160,c026,115.0,52.17391304347826,47.82608695652174,0.0
30.0,15.0,0.0,0,,61,c026,45.0,66.66666666666667,33.333333333333336,0.0
30.0,30.0,0.0,0,,76,c026,60.0,50.0,50.0,0.0
30.0,30.0,0.0,0,,76,c026,60.0,50.0,50.0,0.0
30.0,25.0,0.0,0,,56,c026,55.0,54.54545454545455,45.45454545454545,0.0
60.0,30.0,10.0,0,,101,c026,100.0,60.0,30.0,10.0
30.0,25.0,0.0,0,,56,c026,55.0,54.54545454545455,45.45454545454545,0.0
30.0,30.0,10.0,0,,101,c026,70.0,42.857142857142854,42.857142857142854,14.285714285714286
30.0,45.0,0.0,0,,101,c026,75.0,40.0,60.0,0.0
30.0,45.0,0.0,0,,106,c026,75.0,40.0,60.0,0.0
55.0,60.0,0.0,0,,160,c026,115.0,47.82608695652174,52.17391304347826,0.0
30.0,10.0,0.0,0,,56,c026,40.0,75.0,25.0,0.0
45.0,90.0,15.0,0,,150,c026,150.0,30.0,60.0,10.0
30.0,10.0,0.0,0,,56,c026,40.0,75.0,25.0,0.0
40.0,30.0,0.0,0,,116,c026,70.0,57.142857142857146,42.857142857142854,0.0
30.0,25.0,0.0,0,,56,c026,55.0,54.54545454545455,45.45454545454545,0.0
30.0,25.0,0.0,0,,56,c026,55.0,54.54545454545455,45.45454545454545,0.0
30.0,25.0,0.0,0,,71,c026,55.0,54.54545454545455,45.45454545454545,0.0
75.0,60.0,5.0,0,,200,c026,140.0,53.57142857142857,42.857142857142854,3.5714285714285716
45.0,30.0,0.0,0,,96,c026,75.0,60.0,40.0,0.0
30.0,45.0,0.0,0,,91,c026,75.0,40.0,60.0,0.0
30.0,20.0,0.0,0,,66,c026,50.0,60.0,40.0,0.0
30.0,45.0,0.0,0,,106,c026,75.0,40.0,60.0,0.0
30.0,45.0,10.0,0,,101,c026,85.0,35.294117647058826,52.94117647058823,11.764705882352942
45.0,90.0,5.0,0,,200,c026,140.0,32.142857142857146,64.28571428571429,3.5714285714285716
60.0,65.0,0.0,0,,185,c026,125.0,48.0,52.0,0.0
30.0,45.0,15.0,0,,106,c026,90.0,33.333333333333336,50.0,16.666666666666668
50.0,30.0,0.0,0,,125,c026,80.0,62.5,37.5,0.0
30.0,15.0,0.0,0,,51,c026,45.0,66.66666666666667,33.333333333333336,0.0
30.0,30.0,0.0,0,,76,c026,60.0,50.0,50.0,0.0
30.0,55.0,0.0,0,,86,c026,85.0,35.294117647058826,64.70588235294117,0.0
0.0,30.0,0.0,0,,51,c026,30.0,0.0,100.0,0.0
30.0,45.0,0.0,0,,116,c026,75.0,40.0,60.0,0.0
60.0,115.0,30.0,0,,220,c026,205.0,29.26829268292683,56.09756097560975,14.634146341463415
30.0,60.0,15.0,0,,121,c026,105.0,28.571428571428573,57.142857142857146,14.285714285714286
45.0,45.0,0.0,0,,121,c026,90.0,50.0,50.0,0.0
30.0,15.0,0.0,0,,51,c026,45.0,66.66666666666667,33.333333333333336,0.0
0.0,30.0,0.0,3,57.0,46,c026,30.0,0.0,100.0,0.0
75.0,120.0,15.0,4,31.75,260,c026,210.0,35.714285714285715,57.142857142857146,7.142857142857143
65.0,60.0,15.0,4,32.75,155,c026,140.0,46.42857142857143,42.857142857142854,10.714285714285714
55.0,75.0,0.0,1,34.0,145,c026,130.0,42.30769230769231,57.69230769230769,0.0
55.0,45.0,0.0,2,45.0,130,c026,100.0,55.0,45.0,0.0
45.0,45.0,15.0,7,35.0,121,c026,105.0,42.857142857142854,42.857142857142854,14.285714285714286
30.0,25.0,0.0,0,,71,c026,55.0,54.54545454545455,45.45454545454545,0.0
30.0,30.0,0.0,0,,61,c026,60.0,50.0,50.0,0.0
60.0,80.0,0.0,0,,185,c026,140.0,42.857142857142854,57.142857142857146,0.0
0.0,45.0,0.0,4,39.25,61,c026,45.0,0.0,100.0,0.0
45.0,75.0,0.0,4,34.5,165,c026,120.0,37.5,62.5,0.0
30.0,45.0,0.0,0,,76,c026,75.0,40.0,60.0,0.0
0.0,25.0,0.0,0,,41,c026,25.0,0.0,100.0,0.0
0.0,40.0,0.0,0,,56,c026,40.0,0.0,100.0,0.0
55.0,30.0,0.0,0,,130,c026,85.0,64.70588235294117,35.294117647058826,0.0
90.0,75.0,0.0,0,,190,c026,165.0,54.54545454545455,45.45454545454545,0.0
60.0,60.0,15.0,0,,205,c026,135.0,44.44444444444444,44.44444444444444,11.11111111111111
30.0,35.0,0.0,0,,81,c026,65.0,46.15384615384615,53.84615384615385,0.0
25.0,0.0,0.0,0,,41,c026,25.0,100.0,0.0,0.0
60.0,85.0,0.0,0,,190,c026,145.0,41.37931034482759,58.62068965517241,0.0
30.0,0.0,0.0,4,33.25,51,c026,30.0,100.0,0.0,0.0
10.0,105.0,0.0,11,61.0,145,c027,115.0,8.695652173913043,91.30434782608695,0.0
30.0,15.0,0.0,1,114.0,61,c027,45.0,66.66666666666667,33.333333333333336,0.0
30.0,35.0,0.0,7,92.71428571428571,66,c027,65.0,46.15384615384615,53.84615384615385,0.0
30.0,45.0,0.0,11,77.45454545454545,106,c027,75.0,40.0,60.0,0.0
30.0,40.0,0.0,7,48.714285714285715,86,c027,70.0,42.857142857142854,57.142857142857146,0.0
60.0,75.0,0.0,3,112.66666666666667,165,c027,135.0,44.44444444444444,55.55555555555556,0.0
60.0,90.0,5.0,19,59.1578947368421,200,c027,155.0,38.70967741935484,58.064516129032256,3.225806451612903
45.0,45.0,0.0,9,46.55555555555556,91,c027,90.0,50.0,50.0,0.0
25.0,0.0,0.0,2,39.5,41,c027,25.0,100.0,0.0,0.0
60.0,35.0,0.0,10,76.4,96,c027,95.0,63.1578947368421,36.8421052631579,0.0
30.0,40.0,0.0,5,90.8,86,c027,70.0,42.857142857142854,57.142857142857146,0.0
30.0,10.0,0.0,4,91.75,56,c027,40.0,75.0,25.0,0.0
0.0,30.0,0.0,5,122.4,51,c027,30.0,0.0,100.0,0.0
0.0,30.0,0.0,0,,46,c027,30.0,0.0,100.0,0.0
30.0,30.0,0.0,0,,86,c027,60.0,50.0,50.0,0.0
50.0,30.0,0.0,13,72.38461538461539,125,c027,80.0,62.5,37.5,0.0
30.0,50.0,0.0,7,86.07142857142857,81,c027,80.0,37.5,62.5,0.0
30.0,45.0,0.0,11,104.36363636363636,106,c027,75.0,40.0,60.0,0.0
60.0,75.0,0.0,11,77.63636363636364,185,c027,135.0,44.44444444444444,55.55555555555556,0.0
30.0,45.0,0.0,8,99.875,91,c027,75.0,40.0,60.0,0.0
30.0,15.0,0.0,0,,51,c027,45.0,66.66666666666667,33.333333333333336,0.0
15.0,20.0,0.0,0,,36,c027,35.0,42.857142857142854,57.142857142857146,0.0
0.0,45.0,0.0,0,,81,c028,45.0,0.0,100.0,0.0
30.0,15.0,0.0,4,38.75,76,c028,45.0,66.66666666666667,33.333333333333336,0.0
30.0,10.0,0.0,4,39.0,56,c028,40.0,75.0,25.0,0.0
30.0,45.0,0.0,0,,81,c028,75.0,40.0,60.0,0.0
30.0,80.0,15.0,1,38.0,125,c028,125.0,24.0,64.0,12.0
30.0,10.0,0.0,3,39.0,56,c028,40.0,75.0,25.0,0.0
0.0,30.0,0.0,0,,51,c028,30.0,0.0,100.0,0.0
0.0,20.0,0.0,3,53.0,36,c028,20.0,0.0,100.0,0.0
30.0,10.0,0.0,4,64.25,56,c028,40.0,75.0,25.0,0.0
30.0,20.0,0.0,3,39.333333333333336,66,c028,50.0,60.0,40.0,0.0
40.0,75.0,0.0,1,42.0,145,c028,115.0,34.78260869565217,65.21739130434783,0.0
30.0,30.0,0.0,1,36.0,61,c028,60.0,50.0,50.0,0.0
0.0,30.0,0.0,0,,46,c028,30.0,0.0,100.0,0.0
60.0,120.0,15.0,5,35.0,225,c028,195.0,30.76923076923077,61.53846153846154,7.6923076923076925
30.0,25.0,0.0,1,43.0,56,c028,55.0,54.54545454545455,45.45454545454545,0.0
0.0,25.0,0.0,0,,41,c028,25.0,0.0,100.0,0.0
0.0,30.0,0.0,3,44.0,46,c028,30.0,0.0,100.0,0.0
60.0,60.0,0.0,4,33.5,180,c028,120.0,50.0,50.0,0.0
40.0,90.0,0.0,1,32.0,160,c028,130.0,30.76923076923077,69.23076923076923,0.0
30.0,20.0,0.0,3,32.666666666666664,66,c028,50.0,60.0,40.0,0.0
45.0,60.0,0.0,0,,121,c028,105.0,42.857142857142854,57.142857142857146,0.0
50.0,30.0,0.0,4,41.25,125,c028,80.0,62.5,37.5,0.0
5.0,45.0,0.0,3,35.0,66,c028,50.0,10.0,90.0,0.0
30.0,25.0,0.0,2,33.0,71,c028,55.0,54.54545454545455,45.45454545454545,0.0
30.0,45.0,0.0,1,35.0,91,c028,75.0,40.0,60.0,0.0
50.0,60.0,0.0,1,54.0,125,c028,110.0,45.45454545454545,54.54545454545455,0.0
0.0,25.0,0.0,1,129.0,41,c028,25.0,0.0,100.0,0.0
0.0,45.0,0.0,2,36.5,61,c028,45.0,0.0,100.0,0.0
0.0,45.0,0.0,3,41.0,61,c028,45.0,0.0,100.0,0.0
30.0,20.0,0.0,5,36.6,66,c028,50.0,60.0,40.0,0.0
60.0,75.0,0.0,4,50.75,195,c028,135.0,44.44444444444444,55.55555555555556,0.0
0.0,45.0,0.0,3,32.0,61,c028,45.0,0.0,100.0,0.0
20.0,0.0,0.0,3,32.666666666666664,36,c028,20.0,100.0,0.0,0.0
30.0,0.0,0.0,2,65.0,51,c028,30.0,100.0,0.0,0.0
60.0,60.0,0.0,3,32.666666666666664,165,c028,120.0,50.0,50.0,0.0
0.0,45.0,0.0,4,45.0,61,c028,45.0,0.0,100.0,0.0
30.0,10.0,0.0,4,32.25,56,c028,40.0,75.0,25.0,0.0
30.0,45.0,0.0,3,31.333333333333332,91,c028,75.0,40.0,60.0,0.0
30.0,30.0,0.0,4,32.75,106,c028,60.0,50.0,50.0,0.0
45.0,30.0,0.0,3,44.666666666666664,121,c028,75.0,60.0,40.0,0.0
30.0,30.0,0.0,3,37.333333333333336,91,c028,60.0,50.0,50.0,0.0
25.0,15.0,0.0,0,,41,c028,40.0,62.5,37.5,0.0
0.0,25.0,0.0,1,30.0,41,c028,25.0,0.0,100.0,0.0
20.0,0.0,0.0,2,34.5,36,c028,20.0,100.0,0.0,0.0
30.0,10.0,0.0,4,55.5,56,c028,40.0,75.0,25.0,0.0
30.0,25.0,0.0,0,,71,c028,55.0,54.54545454545455,45.45454545454545,0.0
30.0,30.0,0.0,3,46.0,81,c028,60.0,50.0,50.0,0.0
0.0,20.0,0.0,2,46.0,36,c028,20.0,0.0,100.0,0.0
30.0,15.0,0.0,4,41.5,66,c028,45.0,66.66666666666667,33.333333333333336,0.0
30.0,35.0,0.0,3,35.0,81,c028,65.0,46.15384615384615,53.84615384615385,0.0
30.0,25.0,0.0,3,59.333333333333336,71,c028,55.0,54.54545454545455,45.45454545454545,0.0
30.0,10.0,0.0,3,47.666666666666664,56,c028,40.0,75.0,25.0,0.0
0.0,30.0,0.0,4,38.0,46,c028,30.0,0.0,100.0,0.0
0.0,20.0,0.0,4,40.25,36,c028,20.0,0.0,100.0,0.0
55.0,60.0,15.0,4,36.5,145,c028,130.0,42.30769230769231,46.15384615384615,11.538461538461538
45.0,30.0,0.0,3,52.666666666666664,111,c028,75.0,60.0,40.0,0.0
30.0,30.0,0.0,3,41.333333333333336,91,c028,60.0,50.0,50.0,0.0
0.0,30.0,0.0,3,30.666666666666668,46,c028,30.0,0.0,100.0,0.0
30.0,0.0,0.0,3,38.333333333333336,51,c028,30.0,100.0,0.0,0.0
30.0,15.0,0.0,3,33.333333333333336,86,c028,45.0,66.66666666666667,33.333333333333336,0.0
30.0,45.0,0.0,3,36.666666666666664,106,c028,75.0,40.0,60.0,0.0
0.0,30.0,0.0,4,55.75,46,c028,30.0,0.0,100.0,0.0
30.0,15.0,0.0,0,,61,c028,45.0,66.66666666666667,33.333333333333336,0.0
90.0,75.0,0.0,0,,240,c028,165.0,54.54545454545455,45.45454545454545,0.0
75.0,105.0,15.0,0,,240,c028,195.0,38.46153846153846,53.84615384615385,7.6923076923076925
30.0,0.0,0.0,0,,46,c028,30.0,100.0,0.0,0.0
0.0,30.0,15.0,0,,190,c028,45.0,0.0,66.66666666666667,33.333333333333336
75.0,135.0,30.0,0,,285,c028,240.0,31.25,56.25,12.5
20.0,0.0,0.0,0,,36,c028,20.0,100.0,0.0,0.0
30.0,25.0,0.0,0,,71,c028,55.0,54.54545454545455,45.45454545454545,0.0
30.0,50.0,0.0,0,,111,c028,80.0,37.5,62.5,0.0
30.0,15.0,0.0,0,,86,c028,45.0,66.66666666666667,33.333333333333336,0.0
25.0,0.0,0.0,0,,41,c028,25.0,100.0,0.0,0.0
90.0,75.0,30.0,0,,215,c028,195.0,46.15384615384615,38.46153846153846,15.384615384615385
45.0,75.0,15.0,0,,135,c028,135.0,33.333333333333336,55.55555555555556,11.11111111111111
25.0,0.0,0.0,0,,41,c028,25.0,100.0,0.0,0.0
90.0,105.0,0.0,0,,255,c028,195.0,46.15384615384615,53.84615384615385,0.0
15.0,60.0,0.0,0,,96,c028,75.0,20.0,80.0,0.0
0.0,25.0,0.0,0,,41,c028,25.0,0.0,100.0,0.0
0.0,25.0,0.0,0,,41,c028,25.0,0.0,100.0,0.0
45.0,60.0,0.0,0,,150,c028,105.0,42.857142857142854,57.142857142857146,0.0
30.0,20.0,0.0,0,,66,c028,50.0,60.0,40.0,0.0
0.0,30.0,0.0,0,,51,c028,30.0,0.0,100.0,0.0
0.0,40.0,0.0,0,,56,c028,40.0,0.0,100.0,0.0
45.0,75.0,0.0,0,,165,c028,120.0,37.5,62.5,0.0
30.0,35.0,0.0,0,,111,c028,65.0,46.15384615384615,53.84615384615385,0.0
5.0,45.0,0.0,0,,66,c028,50.0,10.0,90.0,0.0
30.0,0.0,0.0,0,,51,c028,30.0,100.0,0.0,0.0
70.0,150.0,0.0,0,,265,c028,220.0,31.818181818181817,68.18181818181819,0.0
0.0,15.0,0.0,0,,16,c028,15.0,0.0,100.0,0.0
55.0,60.0,15.0,0,,145,c028,130.0,42.30769230769231,46.15384615384615,11.538461538461538
45.0,90.0,0.0,0,,195,c028,135.0,33.333333333333336,66.66666666666667,0.0
0.0,25.0,0.0,0,,41,c028,25.0,0.0,100.0,0.0
0.0,125.0,0.0,0,,140,c028,125.0,0.0,100.0,0.0
105.0,150.0,0.0,0,,330,c028,255.0,41.1764705882353,58.8235294117647,0.0
30.0,20.0,0.0,0,,66,c028,50.0,60.0,40.0,0.0
5.0,45.0,0.0,0,,66,c028,50.0,10.0,90.0,0.0
0.0,25.0,0.0,0,,41,c028,25.0,0.0,100.0,0.0
0.0,30.0,0.0,0,,51,c028,30.0,0.0,100.0,0.0
50.0,45.0,15.0,0,,125,c028,110.0,45.45454545454545,40.90909090909091,13.636363636363637
15.0,0.0,0.0,0,,31,c028,15.0,100.0,0.0,0.0
30.0,35.0,0.0,0,,96,c028,65.0,46.15384615384615,53.84615384615385,0.0
30.0,90.0,0.0,0,,150,c028,120.0,25.0,75.0,0.0
30.0,25.0,0.0,0,,71,c028,55.0,54.54545454545455,45.45454545454545,0.0
30.0,0.0,0.0,0,,46,c028,30.0,100.0,0.0,0.0
0.0,60.0,0.0,0,,86,c028,60.0,0.0,100.0,0.0
0.0,30.0,0.0,0,,46,c028,30.0,0.0,100.0,0.0
30.0,35.0,15.0,0,,111,c028,80.0,37.5,43.75,18.75
30.0,0.0,0.0,0,,46,c028,30.0,100.0,0.0,0.0
30.0,55.0,0.0,0,,86,c028,85.0,35.294117647058826,64.70588235294117,0.0
30.0,45.0,0.0,0,,101,c028,75.0,40.0,60.0,0.0
30.0,25.0,0.0,0,,56,c028,55.0,54.54545454545455,45.45454545454545,0.0
30.0,15.0,15.0,0,,61,c028,60.0,50.0,25.0,25.0
30.0,30.0,0.0,0,,86,c028,60.0,50.0,50.0,0.0
50.0,90.0,15.0,0,,155,c028,155.0,32.25806451612903,58.064516129032256,9.67741935483871
30.0,45.0,0.0,0,,116,c028,75.0,40.0,60.0,0.0
30.0,20.0,0.0,0,,66,c028,50.0,60.0,40.0,0.0
30.0,25.0,0.0,0,,71,c028,55.0,54.54545454545455,45.45454545454545,0.0
60.0,85.0,0.0,0,,175,c028,145.0,41.37931034482759,58.62068965517241,0.0
30.0,15.0,0.0,0,,51,c028,45.0,66.66666666666667,33.333333333333336,0.0
0.0,30.0,0.0,0,,46,c028,30.0,0.0,100.0,0.0
30.0,30.0,0.0,0,,76,c028,60.0,50.0,50.0,0.0
30.0,30.0,0.0,0,,91,c028,60.0,50.0,50.0,0.0
30.0,80.0,15.0,0,,125,c028,125.0,24.0,64.0,12.0
30.0,10.0,0.0,0,,56,c028,40.0,75.0,25.0,0.0
60.0,80.0,0.0,0,,170,c028,140.0,42.857142857142854,57.142857142857146,0.0
30.0,0.0,0.0,0,,51,c028,30.0,100.0,0.0,0.0
0.0,30.0,0.0,0,,46,c028,30.0,0.0,100.0,0.0
0.0,30.0,0.0,0,,46,c028,30.0,0.0,100.0,0.0
0.0,30.0,0.0,0,,46,c028,30.0,0.0,100.0,0.0
75.0,75.0,15.0,0,,180,c028,165.0,45.45454545454545,45.45454545454545,9.090909090909092
45.0,45.0,15.0,0,,111,c028,105.0,42.857142857142854,42.857142857142854,14.285714285714286
25.0,45.0,0.0,0,,71,c028,70.0,35.714285714285715,64.28571428571429,0.0
30.0,0.0,0.0,0,,46,c028,30.0,100.0,0.0,0.0
60.0,90.0,0.0,0,,185,c028,150.0,40.0,60.0,0.0
30.0,0.0,0.0,0,,51,c028,30.0,100.0,0.0,0.0
30.0,40.0,0.0,0,,71,c028,70.0,42.857142857142854,57.142857142857146,0.0
30.0,20.0,0.0,0,,66,c028,50.0,60.0,40.0,0.0
25.0,0.0,0.0,0,,41,c028,25.0,100.0,0.0,0.0
30.0,40.0,0.0,0,,71,c028,70.0,42.857142857142854,57.142857142857146,0.0
30.0,10.0,0.0,0,,56,c028,40.0,75.0,25.0,0.0
0.0,30.0,0.0,0,,46,c028,30.0,0.0,100.0,0.0
30.0,0.0,0.0,0,,51,c028,30.0,100.0,0.0,0.0
60.0,60.0,0.0,0,,160,c028,120.0,50.0,50.0,0.0
40.0,60.0,15.0,0,,130,c028,115.0,34.78260869565217,52.17391304347826,13.043478260869565
30.0,40.0,0.0,0,,86,c028,70.0,42.857142857142854,57.142857142857146,0.0
30.0,25.0,0.0,0,,71,c028,55.0,54.54545454545455,45.45454545454545,0.0
30.0,40.0,0.0,0,,71,c028,70.0,42.857142857142854,57.142857142857146,0.0
0.0,40.0,0.0,0,,56,c028,40.0,0.0,100.0,0.0
0.0,15.0,0.0,0,,31,c028,15.0,0.0,100.0,0.0
5.0,45.0,0.0,0,,66,c028,50.0,10.0,90.0,0.0
30.0,0.0,0.0,0,,51,c028,30.0,100.0,0.0,0.0
0.0,15.0,0.0,0,,31,c028,15.0,0.0,100.0,0.0
0.0,30.0,0.0,0,,51,c028,30.0,0.0,100.0,0.0
30.0,0.0,0.0,0,,51,c028,30.0,100.0,0.0,0.0
30.0,20.0,0.0,0,,66,c028,50.0,60.0,40.0,0.0
30.0,15.0,0.0,0,,51,c028,45.0,66.66666666666667,33.333333333333336,0.0
30.0,40.0,0.0,0,,86,c028,70.0,42.857142857142854,57.142857142857146,0.0
45.0,120.0,0.0,0,,205,c028,165.0,27.272727272727273,72.72727272727273,0.0
30.0,0.0,0.0,0,,46,c028,30.0,100.0,0.0,0.0
0.0,20.0,0.0,0,,36,c028,20.0,0.0,100.0,0.0
30.0,25.0,0.0,0,,71,c028,55.0,54.54545454545455,45.45454545454545,0.0
30.0,15.0,0.0,0,,51,c028,45.0,66.66666666666667,33.333333333333336,0.0
45.0,60.0,0.0,0,,121,c028,105.0,42.857142857142854,57.142857142857146,0.0
30.0,10.0,0.0,0,,56,c028,40.0,75.0,25.0,0.0
15.0,60.0,15.0,0,,96,c028,90.0,16.666666666666668,66.66666666666667,16.666666666666668
30.0,20.0,0.0,0,,96,c028,50.0,60.0,40.0,0.0
30.0,25.0,0.0,0,,56,c028,55.0,54.54545454545455,45.45454545454545,0.0
30.0,25.0,0.0,0,,56,c028,55.0,54.54545454545455,45.45454545454545,0.0
0.0,25.0,0.0,0,,26,c028,25.0,0.0,100.0,0.0
30.0,65.0,0.0,0,,111,c028,95.0,31.57894736842105,68.42105263157895,0.0
25.0,45.0,0.0,0,,71,c028,70.0,35.714285714285715,64.28571428571429,0.0
30.0,30.0,0.0,4,35.75,76,c028,60.0,50.0,50.0,0.0
65.0,105.0,0.0,4,40.0,215,c028,170.0,38.23529411764706,61.76470588235294,0.0
30.0,40.0,0.0,0,,71,c028,70.0,42.857142857142854,57.142857142857146,0.0
0.0,25.0,0.0,4,42.25,41,c028,25.0,0.0,100.0,0.0
30.0,20.0,0.0,0,,66,c028,50.0,60.0,40.0,0.0
30.0,10.0,0.0,0,,56,c028,40.0,75.0,25.0,0.0
60.0,115.0,15.0,1,41.0,190,c028,190.0,31.57894736842105,60.526315789473685,7.894736842105263
5.0,45.0,0.0,0,,66,c028,50.0,10.0,90.0,0.0
30.0,30.0,0.0,0,,96,c028,60.0,50.0,50.0,0.0
60.0,75.0,0.0,0,,165,c028,135.0,44.44444444444444,55.55555555555556,0.0
30.0,0.0,0.0,0,,51,c028,30.0,100.0,0.0,0.0
0.0,110.0,0.0,0,,111,c028,110.0,0.0,100.0,0.0
20.0,0.0,0.0,0,,36,c028,20.0,100.0,0.0,0.0
60.0,75.0,0.0,0,,180,c028,135.0,44.44444444444444,55.55555555555556,0.0
15.0,65.0,0.0,0,,111,c028,80.0,18.75,81.25,0.0
15.0,115.0,15.0,0,,145,c028,145.0,10.344827586206897,79.3103448275862,10.344827586206897
30.0,20.0,0.0,0,,66,c028,50.0,60.0,40.0,0.0
95.0,90.0,15.0,0,,245,c028,200.0,47.5,45.0,7.5
15.0,60.0,0.0,0,,91,c028,75.0,20.0,80.0,0.0
0.0,30.0,0.0,0,,51,c028,30.0,0.0,100.0,0.0
35.0,120.0,15.0,0,,170,c028,170.0,20.58823529411765,70.58823529411765,8.823529411764707
75.0,90.0,0.0,0,,225,c028,165.0,45.45454545454545,54.54545454545455,0.0
20.0,0.0,0.0,0,,36,c028,20.0,100.0,0.0,0.0
0.0,20.0,0.0,0,,36,c028,20.0,0.0,100.0,0.0
0.0,60.0,0.0,0,,76,c028,60.0,0.0,100.0,0.0
15.0,45.0,0.0,0,,101,c028,60.0,25.0,75.0,0.0
90.0,115.0,0.0,0,,265,c028,205.0,43.90243902439025,56.09756097560975,0.0
0.0,30.0,0.0,0,,46,c028,30.0,0.0,100.0,0.0
15.0,55.0,0.0,0,,86,c028,70.0,21.428571428571427,78.57142857142857,0.0
30.0,30.0,0.0,0,,76,c028,60.0,50.0,50.0,0.0
50.0,75.0,0.0,0,,155,c028,125.0,40.0,60.0,0.0
30.0,35.0,0.0,0,,66,c028,65.0,46.15384615384615,53.84615384615385,0.0
20.0,45.0,0.0,0,,81,c028,65.0,30.76923076923077,69.23076923076923,0.0
0.0,25.0,0.0,0,,41,c028,25.0,0.0,100.0,0.0
0.0,25.0,0.0,0,,41,c028,25.0,0.0,100.0,0.0
15.0,15.0,0.0,0,,46,c028,30.0,50.0,50.0,0.0
30.0,10.0,0.0,0,,56,c028,40.0,75.0,25.0,0.0
30.0,30.0,0.0,0,,61,c028,60.0,50.0,50.0,0.0
30.0,60.0,0.0,0,,106,c028,90.0,33.333333333333336,66.66666666666667,0.0
30.0,25.0,0.0,0,,56,c028,55.0,54.54545454545455,45.45454545454545,0.0
0.0,40.0,0.0,0,,56,c028,40.0,0.0,100.0,0.0
30.0,10.0,0.0,0,,56,c028,40.0,75.0,25.0,0.0
90.0,75.0,0.0,0,,225,c028,165.0,54.54545454545455,45.45454545454545,0.0
30.0,25.0,0.0,0,,71,c028,55.0,54.54545454545455,45.45454545454545,0.0
0.0,45.0,15.0,0,,61,c028,60.0,0.0,75.0,25.0
0.0,45.0,0.0,0,,61,c028,45.0,0.0,100.0,0.0
0.0,30.0,0.0,0,,51,c028,30.0,0.0,100.0,0.0
0.0,30.0,0.0,0,,46,c028,30.0,0.0,100.0,0.0
30.0,0.0,0.0,0,,46,c028,30.0,100.0,0.0,0.0
45.0,30.0,0.0,0,,121,c028,75.0,60.0,40.0,0.0
30.0,45.0,0.0,0,,116,c028,75.0,40.0,60.0,0.0
0.0,25.0,0.0,0,,41,c028,25.0,0.0,100.0,0.0
5.0,45.0,0.0,0,,66,c028,50.0,10.0,90.0,0.0
0.0,30.0,0.0,0,,51,c028,30.0,0.0,100.0,0.0
0.0,30.0,0.0,0,,51,c028,30.0,0.0,100.0,0.0
30.0,35.0,0.0,0,,96,c028,65.0,46.15384615384615,53.84615384615385,0.0
5.0,45.0,0.0,0,,66,c028,50.0,10.0,90.0,0.0
0.0,40.0,0.0,0,,56,c028,40.0,0.0,100.0,0.0
0.0,30.0,0.0,0,,51,c028,30.0,0.0,100.0,0.0
120.0,150.0,30.0,0,,360,c028,300.0,40.0,50.0,10.0
0.0,25.0,0.0,0,,41,c028,25.0,0.0,100.0,0.0
10.0,45.0,0.0,0,,71,c028,55.0,18.181818181818183,81.81818181818181,0.0
0.0,25.0,0.0,0,,41,c028,25.0,0.0,100.0,0.0
0.0,65.0,0.0,0,,96,c028,65.0,0.0,100.0,0.0
60.0,75.0,5.0,0,,200,c028,140.0,42.857142857142854,53.57142857142857,3.5714285714285716
0.0,15.0,0.0,0,,31,c028,15.0,0.0,100.0,0.0
0.0,45.0,0.0,0,,61,c028,45.0,0.0,100.0,0.0
75.0,150.0,0.0,0,,295,c028,225.0,33.333333333333336,66.66666666666667,0.0
45.0,35.0,0.0,0,,125,c028,80.0,56.25,43.75,0.0
0.0,30.0,0.0,0,,51,c028,30.0,0.0,100.0,0.0
45.0,220.0,0.0,0,,310,c028,265.0,16.9811320754717,83.01886792452831,0.0
30.0,60.0,0.0,0,,111,c028,90.0,33.333333333333336,66.66666666666667,0.0
30.0,10.0,0.0,0,,56,c028,40.0,75.0,25.0,0.0
0.0,25.0,0.0,0,,41,c028,25.0,0.0,100.0,0.0
15.0,45.0,0.0,0,,76,c028,60.0,25.0,75.0,0.0
50.0,90.0,15.0,0,,155,c028,155.0,32.25806451612903,58.064516129032256,9.67741935483871
30.0,10.0,0.0,0,,56,c028,40.0,75.0,25.0,0.0
60.0,255.0,0.0,0,,375,c028,315.0,19.047619047619047,80.95238095238095,0.0
0.0,45.0,0.0,0,,61,c028,45.0,0.0,100.0,0.0
25.0,0.0,0.0,0,,41,c028,25.0,100.0,0.0,0.0
0.0,20.0,0.0,0,,36,c028,20.0,0.0,100.0,0.0
60.0,105.0,20.0,0,,200,c028,185.0,32.432432432432435,56.75675675675676,10.81081081081081
0.0,40.0,0.0,0,,56,c028,40.0,0.0,100.0,0.0
30.0,35.0,0.0,0,,96,c028,65.0,46.15384615384615,53.84615384615385,0.0
0.0,30.0,0.0,0,,51,c028,30.0,0.0,100.0,0.0
30.0,45.0,0.0,0,,101,c028,75.0,40.0,60.0,0.0
240.0,750.0,15.0,0,,1155,c028,1005.0,23.880597014925375,74.6268656716418,1.492537313432836
0.0,45.0,0.0,0,,81,c028,45.0,0.0,100.0,0.0
45.0,35.0,0.0,0,,81,c028,80.0,56.25,43.75,0.0
30.0,10.0,0.0,0,,56,c028,40.0,75.0,25.0,0.0
15.0,0.0,0.0,0,,31,c028,15.0,100.0,0.0,0.0
15.0,45.0,0.0,0,,86,c028,60.0,25.0,75.0,0.0
30.0,60.0,15.0,0,,111,c028,105.0,28.571428571428573,57.142857142857146,14.285714285714286
165.0,520.0,15.0,0,,865,c028,700.0,23.571428571428573,74.28571428571429,2.142857142857143
30.0,10.0,0.0,0,,56,c028,40.0,75.0,25.0,0.0
30.0,35.0,0.0,0,,66,c028,65.0,46.15384615384615,53.84615384615385,0.0
0.0,15.0,0.0,0,,31,c028,15.0,0.0,100.0,0.0
405.0,870.0,60.0,5,96.8,1560,c028,1335.0,30.337078651685392,65.1685393258427,4.49438202247191
0.0,90.0,0.0,0,,106,c028,90.0,0.0,100.0,0.0
15.0,45.0,0.0,0,,76,c028,60.0,25.0,75.0,0.0
10.0,45.0,0.0,2,32.5,71,c028,55.0,18.181818181818183,81.81818181818181,0.0
60.0,75.0,0.0,4,41.25,205,c028,135.0,44.44444444444444,55.55555555555556,0.0
30.0,15.0,0.0,0,,61,c028,45.0,66.66666666666667,33.333333333333336,0.0
30.0,20.0,0.0,1,83.0,66,c028,50.0,60.0,40.0,0.0
30.0,15.0,0.0,0,,86,c028,45.0,66.66666666666667,33.333333333333336,0.0
30.0,45.0,0.0,1,85.0,81,c028,75.0,40.0,60.0,0.0
165.0,405.0,30.0,0,,720,c028,600.0,27.5,67.5,5.0
20.0,0.0,0.0,2,42.0,36,c028,20.0,100.0,0.0,0.0
0.0,30.0,0.0,0,,51,c028,30.0,0.0,100.0,0.0
10.0,45.0,0.0,0,,71,c028,55.0,18.181818181818183,81.81818181818181,0.0
0.0,45.0,0.0,0,,61,c028,45.0,0.0,100.0,0.0
0.0,20.0,0.0,0,,36,c028,20.0,0.0,100.0,0.0
0.0,75.0,0.0,0,,91,c028,75.0,0.0,100.0,0.0
30.0,30.0,0.0,0,,81,c028,60.0,50.0,50.0,0.0
0.0,25.0,0.0,0,,41,c028,25.0,0.0,100.0,0.0
120.0,225.0,0.0,0,,480,c028,345.0,34.78260869565217,65.21739130434783,0.0
180.0,645.0,0.0,0,,1035,c028,825.0,21.818181818181817,78.18181818181819,0.0
30.0,30.0,0.0,0,,91,c028,60.0,50.0,50.0,0.0
30.0,20.0,0.0,0,,51,c028,50.0,60.0,40.0,0.0
60.0,105.0,10.0,5,98.0,205,c028,175.0,34.285714285714285,60.0,5.714285714285714
30.0,45.0,0.0,1,35.0,91,c028,75.0,40.0,60.0,0.0
30.0,50.0,0.0,11,87.27272727272727,111,c028,80.0,37.5,62.5,0.0
45.0,70.0,0.0,0,,145,c028,115.0,39.130434782608695,60.869565217391305,0.0
15.0,0.0,0.0,0,,31,c028,15.0,100.0,0.0,0.0
35.0,60.0,0.0,0,,111,c028,95.0,36.8421052631579,63.1578947368421,0.0
30.0,35.0,0.0,0,,96,c028,65.0,46.15384615384615,53.84615384615385,0.0
30.0,15.0,0.0,0,,46,c028,45.0,66.66666666666667,33.333333333333336,0.0
30.0,60.0,0.0,11,95.9090909090909,116,c028,90.0,33.333333333333336,66.66666666666667,0.0
30.0,60.0,10.0,1,124.0,101,c028,100.0,30.0,60.0,10.0
30.0,45.0,10.0,1,75.0,101,c028,85.0,35.294117647058826,52.94117647058823,11.764705882352942
30.0,15.0,0.0,0,,61,c028,45.0,66.66666666666667,33.333333333333336,0.0
30.0,10.0,0.0,0,,56,c028,40.0,75.0,25.0,0.0
30.0,45.0,0.0,0,,106,c028,75.0,40.0,60.0,0.0
30.0,15.0,0.0,0,,51,c028,45.0,66.66666666666667,33.333333333333336,0.0
25.0,0.0,0.0,0,,41,c028,25.0,100.0,0.0,0.0
0.0,45.0,0.0,0,,61,c028,45.0,0.0,100.0,0.0
30.0,145.0,0.0,0,,190,c028,175.0,17.142857142857142,82.85714285714286,0.0
60.0,50.0,0.0,4,33.75,155,c028,110.0,54.54545454545455,45.45454545454545,0.0
0.0,30.0,0.0,2,118.5,46,c028,30.0,0.0,100.0,0.0
30.0,30.0,0.0,2,44.5,91,c028,60.0,50.0,50.0,0.0
60.0,90.0,5.0,1,34.0,200,c028,155.0,38.70967741935484,58.064516129032256,3.225806451612903
30.0,15.0,0.0,0,,51,c028,45.0,66.66666666666667,33.333333333333336,0.0
25.0,120.0,0.0,1,44.0,160,c028,145.0,17.24137931034483,82.75862068965517,0.0
0.0,30.0,0.0,0,,46,c028,30.0,0.0,100.0,0.0
30.0,45.0,0.0,0,,91,c028,75.0,40.0,60.0,0.0
30.0,0.0,0.0,0,,51,c028,30.0,100.0,0.0,0.0
60.0,30.0,0.0,0,,135,c028,90.0,66.66666666666667,33.333333333333336,0.0
0.0,25.0,0.0,2,32.5,41,c028,25.0,0.0,100.0,0.0
0.0,30.0,0.0,0,,46,c028,30.0,0.0,100.0,0.0
25.0,0.0,0.0,2,35.5,41,c028,25.0,100.0,0.0,0.0
60.0,45.0,0.0,0,,150,c028,105.0,57.142857142857146,42.857142857142854,0.0
60.0,85.0,15.0,0,,160,c028,160.0,37.5,53.125,9.375
30.0,30.0,0.0,0,,76,c029,60.0,50.0,50.0,0.0
60.0,110.0,0.0,9,87.33333333333333,230,c029,170.0,35.294117647058826,64.70588235294117,0.0
0.0,30.0,0.0,5,62.8,51,c029,30.0,0.0,100.0,0.0
30.0,0.0,0.0,0,,46,c029,30.0,100.0,0.0,0.0
30.0,30.0,0.0,4,85.0,106,c029,60.0,50.0,50.0,0.0
90.0,145.0,0.0,10,95.6,265,c029,235.0,38.297872340425535,61.702127659574465,0.0
15.0,45.0,0.0,8,87.25,91,c029,60.0,25.0,75.0,0.0
45.0,20.0,0.0,0,,81,c029,65.0,69.23076923076923,30.76923076923077,0.0
75.0,150.0,0.0,17,67.3529411764706,300,c029,225.0,33.333333333333336,66.66666666666667,0.0
30.0,65.0,0.0,2,87.5,111,c029,95.0,31.57894736842105,68.42105263157895,0.0
60.0,30.0,0.0,2,40.0,135,c029,90.0,66.66666666666667,33.333333333333336,0.0
60.0,180.0,0.0,12,59.833333333333336,300,c029,240.0,25.0,75.0,0.0
40.0,30.0,0.0,0,,116,c029,70.0,57.142857142857146,42.857142857142854,0.0
75.0,190.0,15.0,0,,310,c029,280.0,26.785714285714285,67.85714285714286,5.357142857142857
30.0,15.0,0.0,0,,61,c029,45.0,66.66666666666667,33.333333333333336,0.0
135.0,125.0,15.0,0,,335,c029,275.0,49.09090909090909,45.45454545454545,5.454545454545454
10.0,45.0,15.0,0,,71,c029,70.0,14.285714285714286,64.28571428571429,21.428571428571427
5.0,45.0,0.0,0,,106,c029,50.0,10.0,90.0,0.0
30.0,45.0,0.0,0,,91,c029,75.0,40.0,60.0,0.0
45.0,80.0,0.0,0,,170,c029,125.0,36.0,64.0,0.0
55.0,60.0,0.0,0,,130,c029,115.0,47.82608695652174,52.17391304347826,0.0
90.0,125.0,15.0,0,,260,c029,230.0,39.130434782608695,54.34782608695652,6.521739130434782
30.0,45.0,0.0,0,,81,c029,75.0,40.0,60.0,0.0
75.0,120.0,0.0,0,,255,c029,195.0,38.46153846153846,61.53846153846154,0.0
120.0,130.0,15.0,0,,310,c029,265.0,45.283018867924525,49.056603773584904,5.660377358490566
60.0,75.0,0.0,0,,180,c029,135.0,44.44444444444444,55.55555555555556,0.0
30.0,155.0,15.0,0,,215,c029,200.0,15.0,77.5,7.5
25.0,0.0,0.0,0,,41,c029,25.0,100.0,0.0,0.0
135.0,150.0,0.0,0,,325,c029,285.0,47.36842105263158,52.63157894736842,0.0
0.0,30.0,0.0,0,,51,c029,30.0,0.0,100.0,0.0
0.0,45.0,15.0,0,,61,c029,60.0,0.0,75.0,25.0
0.0,30.0,0.0,0,,46,c029,30.0,0.0,100.0,0.0
75.0,90.0,15.0,0,,180,c029,180.0,41.666666666666664,50.0,8.333333333333334
105.0,165.0,0.0,0,,290,c029,270.0,38.888888888888886,61.111111111111114,0.0
30.0,60.0,0.0,0,,91,c029,90.0,33.333333333333336,66.66666666666667,0.0
15.0,0.0,0.0,0,,31,c029,15.0,100.0,0.0,0.0
30.0,50.0,0.0,0,,125,c029,80.0,37.5,62.5,0.0
30.0,120.0,0.0,0,,170,c029,150.0,20.0,80.0,0.0
40.0,105.0,0.0,0,,175,c029,145.0,27.586206896551722,72.41379310344827,0.0
15.0,45.0,0.0,0,,76,c029,60.0,25.0,75.0,0.0
25.0,0.0,0.0,0,,41,c029,25.0,100.0,0.0,0.0
60.0,150.0,0.0,0,,255,c029,210.0,28.571428571428573,71.42857142857143,0.0
25.0,0.0,0.0,0,,41,c029,25.0,100.0,0.0,0.0
30.0,45.0,0.0,0,,106,c029,75.0,40.0,60.0,0.0
90.0,225.0,0.0,0,,365,c029,315.0,28.571428571428573,71.42857142857143,0.0
5.0,45.0,15.0,0,,66,c029,65.0,7.6923076923076925,69.23076923076923,23.076923076923077
65.0,90.0,15.0,0,,170,c029,170.0,38.23529411764706,52.94117647058823,8.823529411764707
105.0,205.0,15.0,0,,370,c029,325.0,32.30769230769231,63.07692307692308,4.615384615384615
5.0,45.0,15.0,0,,66,c029,65.0,7.6923076923076925,69.23076923076923,23.076923076923077
30.0,105.0,15.0,0,,150,c029,150.0,20.0,70.0,10.0
90.0,95.0,0.0,0,,230,c029,185.0,48.648648648648646,51.351351351351354,0.0
0.0,130.0,0.0,0,,160,c029,130.0,0.0,100.0,0.0
45.0,195.0,15.0,0,,285,c029,255.0,17.647058823529413,76.47058823529412,5.882352941176471
10.0,60.0,0.0,0,,86,c029,70.0,14.285714285714286,85.71428571428571,0.0
90.0,240.0,0.0,0,,465,c029,330.0,27.272727272727273,72.72727272727273,0.0
25.0,45.0,0.0,0,,71,c029,70.0,35.714285714285715,64.28571428571429,0.0
0.0,30.0,0.0,0,,46,c029,30.0,0.0,100.0,0.0
45.0,135.0,0.0,0,,210,c029,180.0,25.0,75.0,0.0
60.0,50.0,0.0,0,,155,c029,110.0,54.54545454545455,45.45454545454545,0.0
90.0,105.0,15.0,0,,230,c029,210.0,42.857142857142854,50.0,7.142857142857143
0.0,30.0,0.0,0,,46,c029,30.0,0.0,100.0,0.0
30.0,60.0,15.0,0,,106,c029,105.0,28.571428571428573,57.142857142857146,14.285714285714286
35.0,45.0,0.0,0,,81,c029,80.0,43.75,56.25,0.0
15.0,80.0,15.0,0,,111,c029,110.0,13.636363636363637,72.72727272727273,13.636363636363637
30.0,15.0,0.0,4,80.0,61,c030,45.0,66.66666666666667,33.333333333333336,0.0
30.0,30.0,0.0,4,57.5,91,c030,60.0,50.0,50.0,0.0
30.0,60.0,15.0,3,103.66666666666667,121,c030,105.0,28.571428571428573,57.142857142857146,14.285714285714286
0.0,30.0,0.0,3,45.333333333333336,46,c030,30.0,0.0,100.0,0.0
45.0,45.0,0.0,3,40.666666666666664,135,c030,90.0,50.0,50.0,0.0
60.0,50.0,0.0,3,67.66666666666667,170,c030,110.0,54.54545454545455,45.45454545454545,0.0
30.0,30.0,0.0,1,120.0,61,c030,60.0,50.0,50.0,0.0
75.0,90.0,0.0,4,38.0,225,c030,165.0,45.45454545454545,54.54545454545455,0.0
30.0,35.0,0.0,1,50.0,66,c030,65.0,46.15384615384615,53.84615384615385,0.0
40.0,75.0,15.0,1,42.0,130,c030,130.0,30.76923076923077,57.69230769230769,11.538461538461538
0.0,30.0,0.0,3,71.0,51,c030,30.0,0.0,100.0,0.0
20.0,0.0,0.0,3,36.666666666666664,36,c030,20.0,100.0,0.0,0.0
30.0,15.0,0.0,3,42.666666666666664,91,c030,45.0,66.66666666666667,33.333333333333336,0.0
60.0,15.0,10.0,3,76.33333333333333,101,c030,85.0,70.58823529411765,17.647058823529413,11.764705882352942
30.0,55.0,0.0,3,46.666666666666664,116,c030,85.0,35.294117647058826,64.70588235294117,0.0
0.0,30.0,0.0,3,68.0,51,c030,30.0,0.0,100.0,0.0
95.0,135.0,0.0,4,50.5,245,c030,230.0,41.30434782608695,58.69565217391305,0.0
30.0,60.0,0.0,1,46.0,96,c030,90.0,33.333333333333336,66.66666666666667,0.0
0.0,30.0,0.0,4,56.75,51,c030,30.0,0.0,100.0,0.0
0.0,30.0,0.0,4,67.0,46,c030,30.0,0.0,100.0,0.0
105.0,75.0,15.0,3,80.33333333333333,240,c030,195.0,53.84615384615385,38.46153846153846,7.6923076923076925
30.0,25.0,0.0,0,,56,c030,55.0,54.54545454545455,45.45454545454545,0.0
15.0,65.0,0.0,1,49.0,81,c030,80.0,18.75,81.25,0.0
30.0,0.0,0.0,4,62.0,51,c030,30.0,100.0,0.0,0.0
30.0,45.0,0.0,1,95.0,81,c030,75.0,40.0,60.0,0.0
35.0,75.0,15.0,1,126.0,125,c030,125.0,28.0,60.0,12.0
35.0,45.0,0.0,1,120.0,111,c030,80.0,43.75,56.25,0.0
0.0,45.0,0.0,1,52.0,46,c030,45.0,0.0,100.0,0.0
120.0,135.0,30.0,3,40.333333333333336,310,c030,285.0,42.10526315789474,47.36842105263158,10.526315789473685
30.0,15.0,0.0,4,66.25,61,c030,45.0,66.66666666666667,33.333333333333336,0.0
30.0,0.0,0.0,4,38.75,51,c030,30.0,100.0,0.0,0.0
15.0,0.0,0.0,4,74.5,31,c030,15.0,100.0,0.0,0.0
30.0,30.0,0.0,1,35.0,61,c030,60.0,50.0,50.0,0.0
30.0,30.0,0.0,4,66.5,76,c030,60.0,50.0,50.0,0.0
30.0,0.0,0.0,3,60.333333333333336,51,c030,30.0,100.0,0.0,0.0
0.0,45.0,0.0,3,51.333333333333336,66,c030,45.0,0.0,100.0,0.0
30.0,30.0,0.0,3,57.0,76,c030,60.0,50.0,50.0,0.0
45.0,30.0,0.0,3,81.33333333333333,111,c030,75.0,60.0,40.0,0.0
30.0,10.0,0.0,3,48.333333333333336,56,c030,40.0,75.0,25.0,0.0
45.0,35.0,0.0,1,76.0,81,c030,80.0,56.25,43.75,0.0
0.0,20.0,0.0,4,32.75,36,c030,20.0,0.0,100.0,0.0
30.0,30.0,0.0,4,39.75,91,c030,60.0,50.0,50.0,0.0
60.0,75.0,0.0,3,67.0,180,c030,135.0,44.44444444444444,55.55555555555556,0.0
30.0,0.0,0.0,3,55.666666666666664,46,c030,30.0,100.0,0.0,0.0
0.0,30.0,0.0,3,50.333333333333336,46,c030,30.0,0.0,100.0,0.0
75.0,50.0,0.0,4,41.5,170,c030,125.0,60.0,40.0,0.0
30.0,15.0,0.0,3,40.333333333333336,61,c030,45.0,66.66666666666667,33.333333333333336,0.0
70.0,105.0,0.0,3,62.0,220,c030,175.0,40.0,60.0,0.0
75.0,60.0,0.0,3,43.0,165,c030,135.0,55.55555555555556,44.44444444444444,0.0
40.0,45.0,0.0,3,87.66666666666667,130,c030,85.0,47.05882352941177,52.94117647058823,0.0
30.0,30.0,0.0,4,39.75,91,c030,60.0,50.0,50.0,0.0
40.0,30.0,0.0,3,53.0,116,c030,70.0,57.142857142857146,42.857142857142854,0.0
75.0,90.0,15.0,0,,210,c030,180.0,41.666666666666664,50.0,8.333333333333334
0.0,20.0,0.0,3,90.33333333333333,36,c030,20.0,0.0,100.0,0.0
30.0,35.0,0.0,3,49.333333333333336,96,c030,65.0,46.15384615384615,53.84615384615385,0.0
90.0,125.0,0.0,3,62.666666666666664,260,c030,215.0,41.86046511627907,58.13953488372093,0.0
0.0,55.0,0.0,1,52.0,56,c030,55.0,0.0,100.0,0.0
60.0,75.0,0.0,0,,180,c030,135.0,44.44444444444444,55.55555555555556,0.0
30.0,10.0,0.0,0,,56,c030,40.0,75.0,25.0,0.0
0.0,15.0,0.0,0,,31,c030,15.0,0.0,100.0,0.0
30.0,15.0,0.0,0,,101,c030,45.0,66.66666666666667,33.333333333333336,0.0
95.0,90.0,15.0,0,,245,c030,200.0,47.5,45.0,7.5
30.0,30.0,0.0,0,,61,c030,60.0,50.0,50.0,0.0
30.0,25.0,0.0,4,40.75,71,c030,55.0,54.54545454545455,45.45454545454545,0.0
50.0,60.0,15.0,3,72.66666666666667,140,c030,125.0,40.0,48.0,12.0
45.0,30.0,0.0,1,53.0,76,c030,75.0,60.0,40.0,0.0
30.0,25.0,0.0,1,72.0,56,c030,55.0,54.54545454545455,45.45454545454545,0.0
30.0,20.0,0.0,4,87.75,66,c030,50.0,60.0,40.0,0.0
30.0,40.0,0.0,3,50.333333333333336,86,c030,70.0,42.857142857142854,57.142857142857146,0.0
40.0,30.0,0.0,1,49.0,71,c030,70.0,57.142857142857146,42.857142857142854,0.0
50.0,60.0,0.0,1,83.0,125,c030,110.0,45.45454545454545,54.54545454545455,0.0
15.0,0.0,0.0,3,75.33333333333333,31,c030,15.0,100.0,0.0,0.0
5.0,45.0,0.0,3,63.666666666666664,66,c030,50.0,10.0,90.0,0.0
30.0,45.0,0.0,4,46.0,106,c030,75.0,40.0,60.0,0.0
30.0,10.0,0.0,3,70.66666666666667,56,c030,40.0,75.0,25.0,0.0
50.0,75.0,15.0,3,50.666666666666664,155,c030,140.0,35.714285714285715,53.57142857142857,10.714285714285714
0.0,40.0,0.0,3,53.666666666666664,56,c030,40.0,0.0,100.0,0.0
30.0,0.0,0.0,0,,46,c030,30.0,100.0,0.0,0.0
75.0,75.0,0.0,0,,180,c030,150.0,50.0,50.0,0.0
30.0,25.0,0.0,0,,71,c030,55.0,54.54545454545455,45.45454545454545,0.0
30.0,70.0,0.0,0,,130,c030,100.0,30.0,70.0,0.0
30.0,25.0,0.0,0,,71,c030,55.0,54.54545454545455,45.45454545454545,0.0
30.0,35.0,0.0,0,,81,c030,65.0,46.15384615384615,53.84615384615385,0.0
0.0,25.0,0.0,0,,41,c030,25.0,0.0,100.0,0.0
65.0,30.0,0.0,0,,140,c030,95.0,68.42105263157895,31.57894736842105,0.0
60.0,75.0,0.0,0,,165,c030,135.0,44.44444444444444,55.55555555555556,0.0
15.0,0.0,0.0,0,,31,c030,15.0,100.0,0.0,0.0
70.0,45.0,0.0,0,,160,c030,115.0,60.869565217391305,39.130434782608695,0.0
0.0,25.0,0.0,0,,41,c030,25.0,0.0,100.0,0.0
45.0,30.0,0.0,0,,91,c030,75.0,60.0,40.0,0.0
90.0,105.0,0.0,0,,280,c030,195.0,46.15384615384615,53.84615384615385,0.0
30.0,15.0,0.0,0,,61,c030,45.0,66.66666666666667,33.333333333333336,0.0
30.0,20.0,0.0,0,,66,c030,50.0,60.0,40.0,0.0
0.0,55.0,0.0,0,,56,c030,55.0,0.0,100.0,0.0
105.0,120.0,15.0,0,,270,c030,240.0,43.75,50.0,6.25
0.0,20.0,0.0,0,,36,c030,20.0,0.0,100.0,0.0
0.0,30.0,0.0,0,,31,c030,30.0,0.0,100.0,0.0
15.0,25.0,0.0,0,,56,c030,40.0,37.5,62.5,0.0
30.0,40.0,0.0,0,,86,c030,70.0,42.857142857142854,57.142857142857146,0.0
15.0,0.0,0.0,0,,31,c030,15.0,100.0,0.0,0.0
30.0,45.0,15.0,0,,106,c030,90.0,33.333333333333336,50.0,16.666666666666668
30.0,60.0,15.0,0,,106,c030,105.0,28.571428571428573,57.142857142857146,14.285714285714286
0.0,30.0,0.0,0,,46,c030,30.0,0.0,100.0,0.0
25.0,0.0,0.0,0,,41,c030,25.0,100.0,0.0,0.0
30.0,10.0,0.0,0,,56,c030,40.0,75.0,25.0,0.0
30.0,15.0,0.0,0,,61,c030,45.0,66.66666666666667,33.333333333333336,0.0
60.0,45.0,0.0,0,,135,c030,105.0,57.142857142857146,42.857142857142854,0.0
60.0,90.0,0.0,0,,165,c030,150.0,40.0,60.0,0.0
60.0,45.0,0.0,0,,135,c030,105.0,57.142857142857146,42.857142857142854,0.0
0.0,45.0,0.0,0,,46,c030,45.0,0.0,100.0,0.0
0.0,20.0,0.0,0,,36,c030,20.0,0.0,100.0,0.0
30.0,25.0,0.0,0,,71,c030,55.0,54.54545454545455,45.45454545454545,0.0
30.0,40.0,0.0,0,,116,c030,70.0,42.857142857142854,57.142857142857146,0.0
30.0,15.0,0.0,0,,51,c030,45.0,66.66666666666667,33.333333333333336,0.0
0.0,30.0,0.0,0,,51,c030,30.0,0.0,100.0,0.0
90.0,90.0,0.0,0,,255,c030,180.0,50.0,50.0,0.0
65.0,45.0,0.0,0,,140,c030,110.0,59.09090909090909,40.90909090909091,0.0
60.0,30.0,0.0,0,,96,c030,90.0,66.66666666666667,33.333333333333336,0.0
5.0,45.0,0.0,0,,66,c030,50.0,10.0,90.0,0.0
115.0,120.0,0.0,0,,310,c030,235.0,48.93617021276596,51.06382978723404,0.0
45.0,30.0,0.0,0,,76,c030,75.0,60.0,40.0,0.0
30.0,15.0,0.0,0,,51,c030,45.0,66.66666666666667,33.333333333333336,0.0
0.0,30.0,0.0,0,,51,c030,30.0,0.0,100.0,0.0
30.0,0.0,0.0,0,,51,c030,30.0,100.0,0.0,0.0
30.0,30.0,0.0,0,,81,c030,60.0,50.0,50.0,0.0
90.0,145.0,0.0,0,,265,c030,235.0,38.297872340425535,61.702127659574465,0.0
30.0,25.0,0.0,0,,56,c030,55.0,54.54545454545455,45.45454545454545,0.0
0.0,20.0,0.0,0,,36,c030,20.0,0.0,100.0,0.0
75.0,60.0,5.0,0,,200,c030,140.0,53.57142857142857,42.857142857142854,3.5714285714285716
60.0,60.0,0.0,0,,165,c030,120.0,50.0,50.0,0.0
30.0,10.0,0.0,0,,56,c030,40.0,75.0,25.0,0.0
0.0,45.0,0.0,0,,61,c030,45.0,0.0,100.0,0.0
0.0,30.0,0.0,0,,46,c030,30.0,0.0,100.0,0.0
50.0,60.0,0.0,0,,155,c030,110.0,45.45454545454545,54.54545454545455,0.0
30.0,50.0,0.0,0,,96,c030,80.0,37.5,62.5,0.0
40.0,60.0,0.0,0,,116,c030,100.0,40.0,60.0,0.0
30.0,40.0,0.0,0,,71,c030,70.0,42.857142857142854,57.142857142857146,0.0
0.0,30.0,0.0,0,,46,c030,30.0,0.0,100.0,0.0
45.0,50.0,0.0,0,,140,c030,95.0,47.36842105263158,52.63157894736842,0.0
75.0,90.0,15.0,0,,205,c030,180.0,41.666666666666664,50.0,8.333333333333334
25.0,0.0,0.0,0,,41,c030,25.0,100.0,0.0,0.0
30.0,15.0,0.0,0,,101,c030,45.0,66.66666666666667,33.333333333333336,0.0
50.0,45.0,0.0,0,,125,c030,95.0,52.63157894736842,47.36842105263158,0.0
0.0,30.0,0.0,0,,51,c030,30.0,0.0,100.0,0.0
30.0,35.0,0.0,0,,81,c030,65.0,46.15384615384615,53.84615384615385,0.0
50.0,75.0,15.0,0,,155,c030,140.0,35.714285714285715,53.57142857142857,10.714285714285714
30.0,45.0,0.0,0,,76,c030,75.0,40.0,60.0,0.0
0.0,25.0,0.0,0,,41,c030,25.0,0.0,100.0,0.0
30.0,30.0,0.0,0,,76,c030,60.0,50.0,50.0,0.0
45.0,80.0,0.0,0,,170,c030,125.0,36.0,64.0,0.0
30.0,0.0,0.0,0,,51,c030,30.0,100.0,0.0,0.0
20.0,0.0,0.0,0,,36,c030,20.0,100.0,0.0,0.0
20.0,0.0,0.0,0,,36,c030,20.0,100.0,0.0,0.0
35.0,30.0,0.0,0,,96,c030,65.0,53.84615384615385,46.15384615384615,0.0
30.0,30.0,0.0,0,,81,c030,60.0,50.0,50.0,0.0
60.0,95.0,0.0,0,,185,c030,155.0,38.70967741935484,61.29032258064516,0.0
45.0,25.0,0.0,0,,86,c030,70.0,64.28571428571429,35.714285714285715,0.0
15.0,0.0,0.0,0,,31,c030,15.0,100.0,0.0,0.0
30.0,25.0,0.0,0,,56,c030,55.0,54.54545454545455,45.45454545454545,0.0
15.0,45.0,0.0,0,,61,c030,60.0,25.0,75.0,0.0
30.0,45.0,0.0,3,56.0,91,c030,75.0,40.0,60.0,0.0
60.0,120.0,0.0,1,72.0,195,c030,180.0,33.333333333333336,66.66666666666667,0.0
100.0,120.0,0.0,0,,295,c030,220.0,45.45454545454545,54.54545454545455,0.0
30.0,45.0,0.0,2,41.0,91,c030,75.0,40.0,60.0,0.0
15.0,20.0,0.0,1,77.0,36,c030,35.0,42.857142857142854,57.142857142857146,0.0
0.0,30.0,0.0,2,41.5,46,c030,30.0,0.0,100.0,0.0
45.0,15.0,0.0,0,,76,c030,60.0,75.0,25.0,0.0
45.0,55.0,15.0,0,,116,c030,115.0,39.130434782608695,47.82608695652174,13.043478260869565
60.0,50.0,15.0,0,,125,c030,125.0,48.0,40.0,12.0
60.0,45.0,0.0,4,61.0,150,c030,105.0,57.142857142857146,42.857142857142854,0.0
55.0,75.0,0.0,0,,145,c030,130.0,42.30769230769231,57.69230769230769,0.0
105.0,120.0,0.0,0,,300,c030,225.0,46.666666666666664,53.333333333333336,0.0
55.0,45.0,0.0,0,,130,c030,100.0,55.0,45.0,0.0
0.0,30.0,0.0,4,49.5,51,c030,30.0,0.0,100.0,0.0
25.0,0.0,0.0,0,,41,c030,25.0,100.0,0.0,0.0
30.0,15.0,0.0,0,,61,c030,45.0,66.66666666666667,33.333333333333336,0.0
60.0,75.0,0.0,0,,180,c030,135.0,44.44444444444444,55.55555555555556,0.0
0.0,20.0,0.0,4,49.0,36,c030,20.0,0.0,100.0,0.0
25.0,0.0,0.0,3,56.666666666666664,41,c030,25.0,100.0,0.0,0.0
30.0,30.0,0.0,4,65.5,76,c030,60.0,50.0,50.0,0.0
75.0,75.0,0.0,1,127.0,205,c030,150.0,50.0,50.0,0.0
30.0,55.0,0.0,0,,116,c030,85.0,35.294117647058826,64.70588235294117,0.0
90.0,85.0,0.0,0,,190,c030,175.0,51.42857142857143,48.57142857142857,0.0
30.0,30.0,10.0,0,,101,c030,70.0,42.857142857142854,42.857142857142854,14.285714285714286
0.0,30.0,0.0,0,,46,c030,30.0,0.0,100.0,0.0
30.0,10.0,0.0,4,44.75,56,c030,40.0,75.0,25.0,0.0
30.0,0.0,0.0,0,,46,c030,30.0,100.0,0.0,0.0
70.0,30.0,0.0,0,,145,c030,100.0,70.0,30.0,0.0
35.0,15.0,0.0,0,,66,c030,50.0,70.0,30.0,0.0
95.0,75.0,15.0,0,,230,c030,185.0,51.351351351351354,40.54054054054054,8.108108108108109
45.0,35.0,0.0,0,,81,c030,80.0,56.25,43.75,0.0
0.0,25.0,0.0,0,,41,c030,25.0,0.0,100.0,0.0
30.0,10.0,0.0,4,63.0,56,c030,40.0,75.0,25.0,0.0
30.0,0.0,0.0,4,91.75,46,c030,30.0,100.0,0.0,0.0
60.0,85.0,15.0,3,80.66666666666667,175,c030,160.0,37.5,53.125,9.375
30.0,25.0,0.0,1,51.0,56,c030,55.0,54.54545454545455,45.45454545454545,0.0
30.0,40.0,0.0,1,44.0,71,c030,70.0,42.857142857142854,57.142857142857146,0.0
0.0,20.0,0.0,0,,36,c030,20.0,0.0,100.0,0.0
0.0,25.0,0.0,0,,41,c030,25.0,0.0,100.0,0.0
15.0,15.0,0.0,2,38.0,46,c030,30.0,50.0,50.0,0.0
90.0,110.0,0.0,4,113.75,245,c030,200.0,45.0,55.0,0.0
10.0,45.0,0.0,0,,71,c030,55.0,18.181818181818183,81.81818181818181,0.0
55.0,30.0,0.0,4,37.5,130,c030,85.0,64.70588235294117,35.294117647058826,0.0
60.0,80.0,15.0,4,39.25,170,c030,155.0,38.70967741935484,51.61290322580645,9.67741935483871
30.0,10.0,0.0,4,51.0,56,c030,40.0,75.0,25.0,0.0
0.0,25.0,0.0,3,52.333333333333336,41,c030,25.0,0.0,100.0,0.0
55.0,45.0,0.0,1,69.0,145,c030,100.0,55.0,45.0,0.0
70.0,60.0,0.0,3,79.0,175,c030,130.0,53.84615384615385,46.15384615384615,0.0
30.0,35.0,0.0,4,68.5,111,c030,65.0,46.15384615384615,53.84615384615385,0.0
0.0,50.0,0.0,3,53.0,66,c030,50.0,0.0,100.0,0.0
0.0,20.0,0.0,4,49.5,36,c030,20.0,0.0,100.0,0.0
60.0,60.0,0.0,4,87.25,165,c030,120.0,50.0,50.0,0.0
50.0,45.0,0.0,1,122.0,125,c030,95.0,52.63157894736842,47.36842105263158,0.0
15.0,30.0,0.0,0,,51,c030,45.0,33.333333333333336,66.66666666666667,0.0
30.0,45.0,10.0,0,,101,c030,85.0,35.294117647058826,52.94117647058823,11.764705882352942
30.0,15.0,0.0,0,,81,c030,45.0,66.66666666666667,33.333333333333336,0.0
60.0,45.0,0.0,4,68.75,135,c030,105.0,57.142857142857146,42.857142857142854,0.0
0.0,25.0,0.0,4,52.0,41,c030,25.0,0.0,100.0,0.0
30.0,35.0,0.0,4,34.0,96,c030,65.0,46.15384615384615,53.84615384615385,0.0
15.0,10.0,0.0,4,87.0,41,c030,25.0,60.0,40.0,0.0
15.0,10.0,0.0,0,,41,c030,25.0,60.0,40.0,0.0
25.0,0.0,0.0,1,68.0,41,c030,25.0,100.0,0.0,0.0
30.0,45.0,0.0,4,88.5,91,c030,75.0,40.0,60.0,0.0
0.0,20.0,0.0,3,49.333333333333336,36,c030,20.0,0.0,100.0,0.0
0.0,45.0,0.0,0,,61,c030,45.0,0.0,100.0,0.0
25.0,0.0,0.0,4,97.75,41,c030,25.0,100.0,0.0,0.0
105.0,120.0,15.0,3,56.0,300,c030,240.0,43.75,50.0,6.25
0.0,30.0,0.0,3,47.0,46,c030,30.0,0.0,100.0,0.0
0.0,30.0,0.0,4,37.25,46,c030,30.0,0.0,100.0,0.0
30.0,10.0,0.0,4,45.75,56,c030,40.0,75.0,25.0,0.0
60.0,105.0,0.0,1,56.0,205,c030,165.0,36.36363636363637,63.63636363636363,0.0
40.0,75.0,15.0,1,48.0,130,c030,130.0,30.76923076923077,57.69230769230769,11.538461538461538
60.0,105.0,0.0,3,51.666666666666664,210,c030,165.0,36.36363636363637,63.63636363636363,0.0
30.0,45.0,0.0,3,41.666666666666664,106,c030,75.0,40.0,60.0,0.0
30.0,10.0,0.0,4,39.25,56,c030,40.0,75.0,25.0,0.0
30.0,0.0,0.0,3,45.0,46,c030,30.0,100.0,0.0,0.0
90.0,110.0,0.0,4,47.75,260,c030,200.0,45.0,55.0,0.0
30.0,40.0,0.0,1,52.0,71,c030,70.0,42.857142857142854,57.142857142857146,0.0
30.0,15.0,0.0,1,68.0,61,c030,45.0,66.66666666666667,33.333333333333336,0.0
30.0,0.0,0.0,5,55.8,51,c030,30.0,100.0,0.0,0.0
30.0,20.0,0.0,3,59.0,66,c030,50.0,60.0,40.0,0.0
60.0,80.0,0.0,3,78.33333333333333,185,c030,140.0,42.857142857142854,57.142857142857146,0.0
30.0,25.0,0.0,1,98.0,56,c030,55.0,54.54545454545455,45.45454545454545,0.0
0.0,45.0,0.0,1,107.0,46,c030,45.0,0.0,100.0,0.0
30.0,0.0,0.0,4,62.0,51,c030,30.0,100.0,0.0,0.0
30.0,15.0,0.0,3,78.0,61,c030,45.0,66.66666666666667,33.333333333333336,0.0
0.0,35.0,0.0,1,122.0,36,c030,35.0,0.0,100.0,0.0
95.0,45.0,0.0,1,42.0,170,c030,140.0,67.85714285714286,32.142857142857146,0.0
80.0,120.0,0.0,1,84.0,260,c030,200.0,40.0,60.0,0.0
30.0,20.0,0.0,3,96.0,66,c030,50.0,60.0,40.0,0.0
30.0,30.0,0.0,1,128.0,61,c030,60.0,50.0,50.0,0.0
0.0,20.0,0.0,4,65.75,36,c030,20.0,0.0,100.0,0.0
75.0,90.0,20.0,5,46.8,200,c030,185.0,40.54054054054054,48.648648648648646,10.81081081081081
45.0,30.0,0.0,1,62.0,96,c030,75.0,60.0,40.0,0.0
30.0,0.0,0.0,4,78.0,51,c030,30.0,100.0,0.0,0.0
30.0,30.0,0.0,0,,91,c030,60.0,50.0,50.0,0.0
60.0,65.0,0.0,3,52.0,170,c030,125.0,48.0,52.0,0.0
30.0,75.0,0.0,0,,150,c030,105.0,28.571428571428573,71.42857142857143,0.0
30.0,35.0,0.0,0,,66,c030,65.0,46.15384615384615,53.84615384615385,0.0
30.0,40.0,0.0,0,,71,c030,70.0,42.857142857142854,57.142857142857146,0.0
120.0,140.0,15.0,4,42.25,335,c030,275.0,43.63636363636363,50.90909090909091,5.454545454545454
30.0,15.0,0.0,3,82.0,61,c030,45.0,66.66666666666667,33.333333333333336,0.0
30.0,35.0,0.0,1,55.0,66,c030,65.0,46.15384615384615,53.84615384615385,0.0
0.0,35.0,0.0,1,85.0,36,c030,35.0,0.0,100.0,0.0
25.0,0.0,0.0,0,,41,c030,25.0,100.0,0.0,0.0
45.0,25.0,0.0,2,44.5,116,c030,70.0,64.28571428571429,35.714285714285715,0.0
55.0,30.0,0.0,3,100.33333333333333,130,c030,85.0,64.70588235294117,35.294117647058826,0.0
60.0,30.0,0.0,0,,91,c030,90.0,66.66666666666667,33.333333333333336,0.0
30.0,30.0,0.0,3,42.333333333333336,101,c030,60.0,50.0,50.0,0.0
55.0,60.0,0.0,1,51.0,130,c030,115.0,47.82608695652174,52.17391304347826,0.0
45.0,45.0,0.0,1,45.0,121,c030,90.0,50.0,50.0,0.0
0.0,30.0,0.0,0,,46,c030,30.0,0.0,100.0,0.0
75.0,85.0,0.0,0,,190,c030,160.0,46.875,53.125,0.0
0.0,40.0,0.0,0,,41,c030,40.0,0.0,100.0,0.0
65.0,60.0,15.0,0,,140,c030,140.0,46.42857142857143,42.857142857142854,10.714285714285714
30.0,40.0,0.0,2,62.5,86,c030,70.0,42.857142857142854,57.142857142857146,0.0
75.0,75.0,15.0,1,58.0,180,c030,165.0,45.45454545454545,45.45454545454545,9.090909090909092
30.0,20.0,0.0,3,71.66666666666667,66,c030,50.0,60.0,40.0,0.0
0.0,20.0,0.0,3,47.0,36,c030,20.0,0.0,100.0,0.0
60.0,75.0,15.0,0,,165,c030,150.0,40.0,50.0,10.0
30.0,45.0,0.0,0,,106,c030,75.0,40.0,60.0,0.0
0.0,45.0,0.0,0,,66,c030,45.0,0.0,100.0,0.0
30.0,20.0,0.0,5,36.8,66,c030,50.0,60.0,40.0,0.0
30.0,30.0,0.0,4,108.25,81,c030,60.0,50.0,50.0,0.0
30.0,45.0,0.0,3,48.0,121,c030,75.0,40.0,60.0,0.0
0.0,25.0,0.0,3,51.0,41,c030,25.0,0.0,100.0,0.0
0.0,40.0,15.0,1,108.0,56,c030,55.0,0.0,72.72727272727273,27.272727272727273
0.0,30.0,0.0,4,55.5,46,c030,30.0,0.0,100.0,0.0
60.0,90.0,0.0,3,69.33333333333333,210,c030,150.0,40.0,60.0,0.0
30.0,15.0,0.0,3,101.0,76,c030,45.0,66.66666666666667,33.333333333333336,0.0
30.0,0.0,0.0,0,,51,c030,30.0,100.0,0.0,0.0
90.0,105.0,0.0,1,70.0,270,c030,195.0,46.15384615384615,53.84615384615385,0.0
30.0,45.0,0.0,0,,76,c030,75.0,40.0,60.0,0.0
45.0,15.0,0.0,0,,76,c030,60.0,75.0,25.0,0.0
60.0,45.0,0.0,4,57.25,135,c030,105.0,57.142857142857146,42.857142857142854,0.0
60.0,80.0,0.0,4,52.0,185,c030,140.0,42.857142857142854,57.142857142857146,0.0
30.0,25.0,0.0,1,50.0,56,c030,55.0,54.54545454545455,45.45454545454545,0.0
30.0,70.0,0.0,1,126.0,116,c030,100.0,30.0,70.0,0.0
50.0,75.0,0.0,3,61.333333333333336,170,c030,125.0,40.0,60.0,0.0
30.0,55.0,0.0,3,79.33333333333333,130,c030,85.0,35.294117647058826,64.70588235294117,0.0
75.0,60.0,0.0,3,30.666666666666668,195,c030,135.0,55.55555555555556,44.44444444444444,0.0
30.0,10.0,0.0,0,,56,c030,40.0,75.0,25.0,0.0
60.0,50.0,0.0,0,,155,c030,110.0,54.54545454545455,45.45454545454545,0.0
90.0,130.0,30.0,3,79.33333333333333,280,c030,250.0,36.0,52.0,12.0
0.0,55.0,0.0,3,87.33333333333333,71,c030,55.0,0.0,100.0,0.0
30.0,45.0,0.0,4,108.0,101,c030,75.0,40.0,60.0,0.0
60.0,90.0,15.0,3,92.33333333333333,205,c030,165.0,36.36363636363637,54.54545454545455,9.090909090909092
30.0,35.0,0.0,4,65.25,81,c030,65.0,46.15384615384615,53.84615384615385,0.0
30.0,40.0,0.0,4,93.0,86,c030,70.0,42.857142857142854,57.142857142857146,0.0
30.0,45.0,0.0,1,87.0,106,c030,75.0,40.0,60.0,0.0
30.0,15.0,0.0,4,73.25,61,c030,45.0,66.66666666666667,33.333333333333336,0.0
30.0,35.0,0.0,1,123.0,66,c030,65.0,46.15384615384615,53.84615384615385,0.0
15.0,30.0,0.0,1,128.0,51,c030,45.0,33.333333333333336,66.66666666666667,0.0
0.0,30.0,0.0,4,55.75,46,c030,30.0,0.0,100.0,0.0
30.0,15.0,0.0,1,67.0,61,c030,45.0,66.66666666666667,33.333333333333336,0.0
30.0,0.0,0.0,2,48.5,46,c030,30.0,100.0,0.0,0.0
60.0,60.0,0.0,3,83.0,150,c030,120.0,50.0,50.0,0.0
30.0,25.0,0.0,4,43.0,71,c030,55.0,54.54545454545455,45.45454545454545,0.0
30.0,45.0,15.0,3,46.666666666666664,111,c030,90.0,33.333333333333336,50.0,16.666666666666668
65.0,105.0,0.0,1,52.0,215,c030,170.0,38.23529411764706,61.76470588235294,0.0
30.0,45.0,0.0,1,50.0,76,c030,75.0,40.0,60.0,0.0
75.0,90.0,15.0,3,43.0,225,c030,180.0,41.666666666666664,50.0,8.333333333333334
60.0,70.0,0.0,3,58.666666666666664,175,c030,130.0,46.15384615384615,53.84615384615385,0.0
0.0,30.0,0.0,1,38.0,31,c030,30.0,0.0,100.0,0.0
30.0,15.0,0.0,3,56.0,61,c030,45.0,66.66666666666667,33.333333333333336,0.0
30.0,50.0,0.0,1,50.0,81,c030,80.0,37.5,62.5,0.0
20.0,90.0,15.0,0,,125,c030,125.0,16.0,72.0,12.0
30.0,45.0,15.0,6,72.83333333333333,91,c030,90.0,33.333333333333336,50.0,16.666666666666668
20.0,0.0,0.0,4,44.5,36,c030,20.0,100.0,0.0,0.0
30.0,45.0,0.0,4,49.0,91,c030,75.0,40.0,60.0,0.0
60.0,60.0,15.0,4,46.5,150,c030,135.0,44.44444444444444,44.44444444444444,11.11111111111111
20.0,0.0,0.0,4,58.0,36,c030,20.0,100.0,0.0,0.0
120.0,130.0,0.0,4,62.75,325,c030,250.0,48.0,52.0,0.0
35.0,45.0,0.0,1,53.0,111,c030,80.0,43.75,56.25,0.0
45.0,45.0,0.0,3,80.33333333333333,121,c030,90.0,50.0,50.0,0.0
10.0,45.0,0.0,4,41.25,71,c030,55.0,18.181818181818183,81.81818181818181,0.0
120.0,175.0,30.0,4,51.5,385,c030,325.0,36.92307692307692,53.84615384615385,9.23076923076923
0.0,30.0,0.0,3,61.666666666666664,46,c030,30.0,0.0,100.0,0.0
30.0,55.0,0.0,4,37.5,116,c030,85.0,35.294117647058826,64.70588235294117,0.0
90.0,90.0,0.0,3,109.0,240,c030,180.0,50.0,50.0,0.0
30.0,0.0,0.0,4,37.0,51,c030,30.0,100.0,0.0,0.0
20.0,0.0,0.0,3,36.666666666666664,36,c030,20.0,100.0,0.0,0.0
90.0,165.0,0.0,3,49.666666666666664,315,c030,255.0,35.294117647058826,64.70588235294117,0.0
45.0,105.0,15.0,0,,210,c031,165.0,27.272727272727273,63.63636363636363,9.090909090909092
105.0,210.0,45.0,0,,390,c031,360.0,29.166666666666668,58.333333333333336,12.5
0.0,25.0,0.0,0,,41,c031,25.0,0.0,100.0,0.0
30.0,45.0,30.0,0,,116,c031,105.0,28.571428571428573,42.857142857142854,28.571428571428573
30.0,70.0,15.0,0,,130,c031,115.0,26.08695652173913,60.869565217391305,13.043478260869565
120.0,115.0,15.0,0,,295,c031,250.0,48.0,46.0,6.0
0.0,30.0,0.0,0,,46,c031,30.0,0.0,100.0,0.0
60.0,45.0,0.0,0,,150,c031,105.0,57.142857142857146,42.857142857142854,0.0
105.0,165.0,0.0,0,,345,c031,270.0,38.888888888888886,61.111111111111114,0.0
15.0,50.0,0.0,0,,81,c031,65.0,23.076923076923077,76.92307692307692,0.0
0.0,30.0,0.0,0,,46,c031,30.0,0.0,100.0,0.0
145.0,165.0,15.0,0,,415,c031,325.0,44.61538461538461,50.76923076923077,4.615384615384615
35.0,75.0,0.0,0,,155,c031,110.0,31.818181818181817,68.18181818181819,0.0
45.0,45.0,0.0,0,,135,c031,90.0,50.0,50.0,0.0
30.0,45.0,0.0,0,,91,c031,75.0,40.0,60.0,0.0
0.0,55.0,0.0,0,,86,c031,55.0,0.0,100.0,0.0
55.0,60.0,0.0,0,,145,c031,115.0,47.82608695652174,52.17391304347826,0.0
75.0,75.0,5.0,0,,200,c031,155.0,48.38709677419355,48.38709677419355,3.225806451612903
165.0,185.0,30.0,0,,485,c031,380.0,43.421052631578945,48.68421052631579,7.894736842105263
0.0,105.0,15.0,0,,121,c031,120.0,0.0,87.5,12.5
0.0,45.0,0.0,0,,61,c031,45.0,0.0,100.0,0.0
30.0,45.0,15.0,0,,106,c031,90.0,33.333333333333336,50.0,16.666666666666668
90.0,105.0,0.0,0,,240,c031,195.0,46.15384615384615,53.84615384615385,0.0
30.0,150.0,30.0,0,,211,c031,210.0,14.285714285714286,71.42857142857143,14.285714285714286
150.0,270.0,15.0,0,,495,c031,435.0,34.48275862068966,62.06896551724138,3.4482758620689653
60.0,185.0,0.0,0,,275,c031,245.0,24.489795918367346,75.51020408163265,0.0
60.0,105.0,0.0,0,,195,c031,165.0,36.36363636363637,63.63636363636363,0.0
40.0,180.0,0.0,0,,265,c031,220.0,18.181818181818183,81.81818181818181,0.0
150.0,225.0,25.0,0,,505,c031,400.0,37.5,56.25,6.25
30.0,45.0,0.0,0,,96,c031,75.0,40.0,60.0,0.0
150.0,285.0,30.0,0,,600,c031,465.0,32.25806451612903,61.29032258064516,6.451612903225806
30.0,105.0,0.0,0,,165,c031,135.0,22.22222222222222,77.77777777777777,0.0
55.0,105.0,0.0,0,,190,c031,160.0,34.375,65.625,0.0
135.0,225.0,0.0,0,,450,c031,360.0,37.5,62.5,0.0
75.0,65.0,0.0,0,,185,c031,140.0,53.57142857142857,46.42857142857143,0.0
30.0,20.0,0.0,0,,66,c031,50.0,60.0,40.0,0.0
0.0,25.0,0.0,0,,41,c031,25.0,0.0,100.0,0.0
30.0,65.0,0.0,0,,125,c031,95.0,31.57894736842105,68.42105263157895,0.0
60.0,65.0,0.0,0,,170,c031,125.0,48.0,52.0,0.0
180.0,255.0,15.0,0,,575,c031,450.0,40.0,56.666666666666664,3.3333333333333335
0.0,45.0,0.0,0,,61,c031,45.0,0.0,100.0,0.0
45.0,45.0,0.0,0,,91,c031,90.0,50.0,50.0,0.0
30.0,30.0,0.0,0,,76,c031,60.0,50.0,50.0,0.0
30.0,45.0,0.0,0,,106,c031,75.0,40.0,60.0,0.0
30.0,25.0,0.0,0,,71,c031,55.0,54.54545454545455,45.45454545454545,0.0
45.0,30.0,0.0,0,,76,c031,75.0,60.0,40.0,0.0
60.0,90.0,15.0,0,,180,c031,165.0,36.36363636363637,54.54545454545455,9.090909090909092
35.0,45.0,0.0,0,,96,c031,80.0,43.75,56.25,0.0
120.0,210.0,0.0,0,,420,c031,330.0,36.36363636363637,63.63636363636363,0.0
15.0,100.0,0.0,0,,145,c031,115.0,13.043478260869565,86.95652173913044,0.0
75.0,110.0,15.0,0,,230,c031,200.0,37.5,55.0,7.5
0.0,45.0,0.0,0,,61,c031,45.0,0.0,100.0,0.0
60.0,90.0,5.0,0,,200,c031,155.0,38.70967741935484,58.064516129032256,3.225806451612903
55.0,15.0,0.0,0,,86,c031,70.0,78.57142857142857,21.428571428571427,0.0
30.0,45.0,0.0,0,,91,c031,75.0,40.0,60.0,0.0
45.0,95.0,0.0,0,,170,c031,140.0,32.142857142857146,67.85714285714286,0.0
65.0,45.0,0.0,0,,140,c031,110.0,59.09090909090909,40.90909090909091,0.0
15.0,60.0,0.0,0,,96,c031,75.0,20.0,80.0,0.0
0.0,60.0,0.0,0,,76,c031,60.0,0.0,100.0,0.0
150.0,195.0,0.0,0,,465,c031,345.0,43.47826086956522,56.52173913043478,0.0
45.0,200.0,0.0,0,,290,c031,245.0,18.367346938775512,81.63265306122449,0.0
60.0,120.0,0.0,0,,225,c031,180.0,33.333333333333336,66.66666666666667,0.0
75.0,135.0,15.0,0,,270,c031,225.0,33.333333333333336,60.0,6.666666666666667
30.0,45.0,10.0,0,,101,c031,85.0,35.294117647058826,52.94117647058823,11.764705882352942
10.0,75.0,0.0,0,,116,c031,85.0,11.764705882352942,88.23529411764706,0.0
30.0,25.0,0.0,0,,86,c031,55.0,54.54545454545455,45.45454545454545,0.0
30.0,15.0,0.0,0,,61,c031,45.0,66.66666666666667,33.333333333333336,0.0
45.0,70.0,15.0,0,,145,c031,130.0,34.61538461538461,53.84615384615385,11.538461538461538
20.0,0.0,0.0,0,,36,c031,20.0,100.0,0.0,0.0
75.0,130.0,15.0,0,,250,c031,220.0,34.09090909090909,59.09090909090909,6.818181818181818
30.0,45.0,0.0,0,,91,c031,75.0,40.0,60.0,0.0
0.0,30.0,0.0,0,,46,c031,30.0,0.0,100.0,0.0
30.0,60.0,15.0,0,,121,c031,105.0,28.571428571428573,57.142857142857146,14.285714285714286
20.0,45.0,0.0,0,,96,c031,65.0,30.76923076923077,69.23076923076923,0.0
30.0,60.0,0.0,0,,135,c031,90.0,33.333333333333336,66.66666666666667,0.0
105.0,90.0,15.0,0,,255,c031,210.0,50.0,42.857142857142854,7.142857142857143
20.0,45.0,0.0,0,,96,c031,65.0,30.76923076923077,69.23076923076923,0.0
0.0,30.0,0.0,0,,51,c031,30.0,0.0,100.0,0.0
90.0,90.0,0.0,0,,255,c031,180.0,50.0,50.0,0.0
30.0,30.0,0.0,0,,76,c031,60.0,50.0,50.0,0.0
70.0,135.0,15.0,0,,265,c031,220.0,31.818181818181817,61.36363636363637,6.818181818181818
30.0,30.0,10.0,0,,101,c031,70.0,42.857142857142854,42.857142857142854,14.285714285714286
60.0,65.0,0.0,0,,170,c031,125.0,48.0,52.0,0.0
10.0,45.0,0.0,0,,71,c031,55.0,18.181818181818183,81.81818181818181,0.0
15.0,45.0,0.0,0,,76,c031,60.0,25.0,75.0,0.0
30.0,35.0,0.0,0,,111,c031,65.0,46.15384615384615,53.84615384615385,0.0
45.0,45.0,0.0,0,,121,c031,90.0,50.0,50.0,0.0
45.0,150.0,0.0,0,,225,c031,195.0,23.076923076923077,76.92307692307692,0.0
40.0,15.0,0.0,0,,71,c031,55.0,72.72727272727273,27.272727272727273,0.0
45.0,30.0,0.0,0,,121,c031,75.0,60.0,40.0,0.0
15.0,65.0,0.0,0,,111,c031,80.0,18.75,81.25,0.0
0.0,30.0,0.0,0,,46,c031,30.0,0.0,100.0,0.0
0.0,30.0,0.0,0,,51,c031,30.0,0.0,100.0,0.0
0.0,30.0,0.0,0,,46,c031,30.0,0.0,100.0,0.0
70.0,45.0,0.0,0,,160,c031,115.0,60.869565217391305,39.130434782608695,0.0
70.0,75.0,15.0,0,,220,c031,160.0,43.75,46.875,9.375
15.0,60.0,0.0,0,,76,c031,75.0,20.0,80.0,0.0
15.0,15.0,0.0,0,,31,c031,30.0,50.0,50.0,0.0
10.0,45.0,0.0,0,,71,c031,55.0,18.181818181818183,81.81818181818181,0.0
30.0,15.0,0.0,0,,76,c031,45.0,66.66666666666667,33.333333333333336,0.0
135.0,255.0,30.0,0,,510,c031,420.0,32.142857142857146,60.714285714285715,7.142857142857143
15.0,75.0,0.0,0,,121,c031,90.0,16.666666666666668,83.33333333333333,0.0
30.0,15.0,0.0,0,,61,c031,45.0,66.66666666666667,33.333333333333336,0.0
40.0,105.0,15.0,0,,175,c031,160.0,25.0,65.625,9.375
50.0,90.0,15.0,0,,185,c031,155.0,32.25806451612903,58.064516129032256,9.67741935483871
5.0,45.0,0.0,0,,66,c031,50.0,10.0,90.0,0.0
0.0,25.0,0.0,0,,41,c031,25.0,0.0,100.0,0.0
0.0,30.0,0.0,0,,51,c031,30.0,0.0,100.0,0.0
15.0,75.0,15.0,0,,121,c031,105.0,14.285714285714286,71.42857142857143,14.285714285714286
15.0,180.0,0.0,0,,225,c031,195.0,7.6923076923076925,92.3076923076923,0.0
75.0,165.0,0.0,0,,315,c031,240.0,31.25,68.75,0.0
30.0,45.0,0.0,0,,106,c031,75.0,40.0,60.0,0.0
35.0,45.0,0.0,0,,96,c031,80.0,43.75,56.25,0.0
0.0,25.0,0.0,0,,41,c031,25.0,0.0,100.0,0.0
90.0,210.0,0.0,0,,400,c031,300.0,30.0,70.0,0.0
30.0,45.0,0.0,0,,121,c031,75.0,40.0,60.0,0.0
45.0,60.0,0.0,0,,121,c031,105.0,42.857142857142854,57.142857142857146,0.0
60.0,135.0,0.0,0,,241,c031,195.0,30.76923076923077,69.23076923076923,0.0
30.0,90.0,30.0,0,,150,c031,150.0,20.0,60.0,20.0
30.0,100.0,15.0,0,,160,c031,145.0,20.689655172413794,68.96551724137932,10.344827586206897
30.0,60.0,15.0,0,,121,c031,105.0,28.571428571428573,57.142857142857146,14.285714285714286
0.0,35.0,0.0,0,,66,c031,35.0,0.0,100.0,0.0
75.0,110.0,30.0,0,,230,c031,215.0,34.883720930232556,51.16279069767442,13.953488372093023
65.0,195.0,0.0,0,,290,c031,260.0,25.0,75.0,0.0
0.0,40.0,0.0,0,,56,c031,40.0,0.0,100.0,0.0
30.0,60.0,15.0,0,,121,c032,105.0,28.571428571428573,57.142857142857146,14.285714285714286
120.0,110.0,15.0,0,,320,c032,245.0,48.97959183673469,44.89795918367347,6.122448979591836
90.0,65.0,0.0,0,,230,c032,155.0,58.064516129032256,41.935483870967744,0.0
45.0,35.0,0.0,0,,81,c032,80.0,56.25,43.75,0.0
45.0,30.0,0.0,0,,121,c032,75.0,60.0,40.0,0.0
5.0,45.0,0.0,0,,66,c032,50.0,10.0,90.0,0.0
5.0,45.0,0.0,0,,66,c032,50.0,10.0,90.0,0.0
0.0,30.0,0.0,0,,46,c032,30.0,0.0,100.0,0.0
20.0,0.0,0.0,0,,36,c032,20.0,100.0,0.0,0.0
0.0,15.0,0.0,0,,31,c032,15.0,0.0,100.0,0.0
0.0,40.0,0.0,0,,56,c032,40.0,0.0,100.0,0.0
0.0,25.0,0.0,0,,41,c032,25.0,0.0,100.0,0.0
95.0,105.0,0.0,0,,245,c032,200.0,47.5,52.5,0.0
30.0,35.0,0.0,0,,66,c032,65.0,46.15384615384615,53.84615384615385,0.0
0.0,40.0,0.0,0,,56,c032,40.0,0.0,100.0,0.0
90.0,120.0,0.0,0,,285,c032,210.0,42.857142857142854,57.142857142857146,0.0
90.0,135.0,30.0,0,,315,c032,255.0,35.294117647058826,52.94117647058823,11.764705882352942
0.0,25.0,0.0,0,,41,c032,25.0,0.0,100.0,0.0
5.0,45.0,0.0,0,,66,c032,50.0,10.0,90.0,0.0
65.0,90.0,0.0,0,,230,c032,155.0,41.935483870967744,58.064516129032256,0.0
30.0,0.0,0.0,0,,51,c032,30.0,100.0,0.0,0.0
30.0,35.0,0.0,0,,66,c032,65.0,46.15384615384615,53.84615384615385,0.0
60.0,45.0,0.0,0,,135,c032,105.0,57.142857142857146,42.857142857142854,0.0
30.0,60.0,15.0,0,,111,c032,105.0,28.571428571428573,57.142857142857146,14.285714285714286
30.0,110.0,0.0,0,,170,c032,140.0,21.428571428571427,78.57142857142857,0.0
0.0,40.0,15.0,0,,56,c032,55.0,0.0,72.72727272727273,27.272727272727273
30.0,45.0,0.0,0,,116,c032,75.0,40.0,60.0,0.0
120.0,100.0,0.0,0,,280,c032,220.0,54.54545454545455,45.45454545454545,0.0
40.0,15.0,0.0,0,,71,c032,55.0,72.72727272727273,27.272727272727273,0.0
45.0,20.0,0.0,0,,66,c032,65.0,69.23076923076923,30.76923076923077,0.0
0.0,45.0,0.0,0,,61,c032,45.0,0.0,100.0,0.0
0.0,40.0,0.0,0,,56,c032,40.0,0.0,100.0,0.0
45.0,60.0,15.0,0,,135,c032,120.0,37.5,50.0,12.5
90.0,140.0,15.0,0,,320,c032,245.0,36.734693877551024,57.142857142857146,6.122448979591836
120.0,120.0,0.0,0,,285,c032,240.0,50.0,50.0,0.0
0.0,45.0,0.0,0,,61,c032,45.0,0.0,100.0,0.0
0.0,30.0,0.0,0,,51,c032,30.0,0.0,100.0,0.0
50.0,75.0,0.0,0,,170,c032,125.0,40.0,60.0,0.0
0.0,45.0,0.0,0,,61,c032,45.0,0.0,100.0,0.0
30.0,115.0,0.0,0,,175,c032,145.0,20.689655172413794,79.3103448275862,0.0
40.0,60.0,0.0,0,,130,c032,100.0,40.0,60.0,0.0
30.0,15.0,0.0,0,,81,c032,45.0,66.66666666666667,33.333333333333336,0.0
0.0,55.0,0.0,0,,56,c032,55.0,0.0,100.0,0.0
30.0,50.0,0.0,0,,111,c032,80.0,37.5,62.5,0.0
0.0,25.0,0.0,0,,41,c032,25.0,0.0,100.0,0.0
0.0,45.0,0.0,0,,61,c032,45.0,0.0,100.0,0.0
30.0,45.0,0.0,0,,96,c032,75.0,40.0,60.0,0.0
120.0,235.0,15.0,0,,415,c032,370.0,32.432432432432435,63.513513513513516,4.054054054054054
90.0,115.0,0.0,0,,265,c032,205.0,43.90243902439025,56.09756097560975,0.0
40.0,75.0,0.0,0,,145,c032,115.0,34.78260869565217,65.21739130434783,0.0
15.0,45.0,0.0,0,,76,c032,60.0,25.0,75.0,0.0
0.0,30.0,0.0,0,,46,c032,30.0,0.0,100.0,0.0
0.0,25.0,0.0,0,,41,c032,25.0,0.0,100.0,0.0
0.0,45.0,0.0,0,,61,c032,45.0,0.0,100.0,0.0
30.0,65.0,0.0,0,,96,c032,95.0,31.57894736842105,68.42105263157895,0.0
60.0,90.0,0.0,0,,175,c032,150.0,40.0,60.0,0.0
0.0,40.0,0.0,0,,56,c032,40.0,0.0,100.0,0.0
55.0,45.0,0.0,0,,130,c032,100.0,55.0,45.0,0.0
25.0,45.0,0.0,0,,86,c032,70.0,35.714285714285715,64.28571428571429,0.0
0.0,25.0,0.0,0,,41,c032,25.0,0.0,100.0,0.0
15.0,45.0,0.0,0,,76,c032,60.0,25.0,75.0,0.0
30.0,15.0,15.0,0,,61,c032,60.0,50.0,25.0,25.0
0.0,30.0,0.0,0,,31,c032,30.0,0.0,100.0,0.0
30.0,65.0,0.0,0,,140,c032,95.0,31.57894736842105,68.42105263157895,0.0
30.0,100.0,0.0,0,,160,c032,130.0,23.076923076923077,76.92307692307692,0.0
15.0,90.0,0.0,0,,135,c032,105.0,14.285714285714286,85.71428571428571,0.0
60.0,70.0,15.0,0,,175,c032,145.0,41.37931034482759,48.275862068965516,10.344827586206897
30.0,40.0,0.0,0,,86,c032,70.0,42.857142857142854,57.142857142857146,0.0
35.0,120.0,15.0,0,,170,c032,170.0,20.58823529411765,70.58823529411765,8.823529411764707
0.0,20.0,0.0,0,,36,c032,20.0,0.0,100.0,0.0
30.0,25.0,0.0,0,,71,c032,55.0,54.54545454545455,45.45454545454545,0.0
15.0,55.0,0.0,0,,86,c032,70.0,21.428571428571427,78.57142857142857,0.0
0.0,45.0,0.0,0,,76,c032,45.0,0.0,100.0,0.0
25.0,45.0,0.0,0,,86,c032,70.0,35.714285714285715,64.28571428571429,0.0
15.0,45.0,0.0,0,,91,c032,60.0,25.0,75.0,0.0
30.0,60.0,15.0,0,,106,c032,105.0,28.571428571428573,57.142857142857146,14.285714285714286
15.0,40.0,0.0,0,,56,c032,55.0,27.272727272727273,72.72727272727273,0.0
25.0,60.0,0.0,0,,86,c032,85.0,29.41176470588235,70.58823529411765,0.0
35.0,60.0,0.0,0,,96,c032,95.0,36.8421052631579,63.1578947368421,0.0
10.0,45.0,0.0,0,,71,c032,55.0,18.181818181818183,81.81818181818181,0.0
90.0,100.0,0.0,0,,250,c032,190.0,47.36842105263158,52.63157894736842,0.0
0.0,30.0,0.0,0,,51,c032,30.0,0.0,100.0,0.0
25.0,45.0,0.0,0,,86,c032,70.0,35.714285714285715,64.28571428571429,0.0
15.0,80.0,0.0,0,,111,c032,95.0,15.789473684210526,84.21052631578948,0.0
90.0,155.0,15.0,0,,305,c032,260.0,34.61538461538461,59.61538461538461,5.769230769230769
45.0,60.0,0.0,0,,121,c033,105.0,42.857142857142854,57.142857142857146,0.0
30.0,15.0,0.0,0,,61,c033,45.0,66.66666666666667,33.333333333333336,0.0
30.0,30.0,0.0,0,,76,c033,60.0,50.0,50.0,0.0
30.0,15.0,0.0,0,,61,c033,45.0,66.66666666666667,33.333333333333336,0.0
30.0,15.0,0.0,0,,81,c033,45.0,66.66666666666667,33.333333333333336,0.0
0.0,75.0,0.0,0,,106,c033,75.0,0.0,100.0,0.0
0.0,30.0,0.0,0,,46,c033,30.0,0.0,100.0,0.0
120.0,135.0,0.0,0,,315,c033,255.0,47.05882352941177,52.94117647058823,0.0
0.0,40.0,0.0,0,,56,c033,40.0,0.0,100.0,0.0
45.0,85.0,0.0,0,,160,c033,130.0,34.61538461538461,65.38461538461539,0.0
30.0,0.0,0.0,0,,51,c033,30.0,100.0,0.0,0.0
20.0,0.0,0.0,0,,36,c033,20.0,100.0,0.0,0.0
30.0,0.0,0.0,0,,51,c033,30.0,100.0,0.0,0.0
25.0,0.0,0.0,0,,41,c033,25.0,100.0,0.0,0.0
80.0,165.0,0.0,0,,290,c033,245.0,32.6530612244898,67.34693877551021,0.0
0.0,25.0,0.0,0,,41,c033,25.0,0.0,100.0,0.0
30.0,30.0,0.0,0,,76,c033,60.0,50.0,50.0,0.0
25.0,45.0,0.0,0,,71,c033,70.0,35.714285714285715,64.28571428571429,0.0
0.0,60.0,0.0,0,,81,c033,60.0,0.0,100.0,0.0
90.0,135.0,0.0,0,,270,c033,225.0,40.0,60.0,0.0
0.0,45.0,0.0,0,,61,c033,45.0,0.0,100.0,0.0
15.0,30.0,0.0,0,,76,c033,45.0,33.333333333333336,66.66666666666667,0.0
30.0,45.0,0.0,0,,76,c033,75.0,40.0,60.0,0.0
30.0,55.0,0.0,0,,86,c033,85.0,35.294117647058826,64.70588235294117,0.0
30.0,45.0,0.0,0,,91,c033,75.0,40.0,60.0,0.0
150.0,430.0,30.0,0,,715,c033,610.0,24.59016393442623,70.49180327868852,4.918032786885246
30.0,35.0,0.0,0,,81,c033,65.0,46.15384615384615,53.84615384615385,0.0
75.0,105.0,0.0,0,,230,c033,180.0,41.666666666666664,58.333333333333336,0.0
15.0,10.0,0.0,0,,41,c033,25.0,60.0,40.0,0.0
100.0,150.0,0.0,0,,310,c033,250.0,40.0,60.0,0.0
105.0,130.0,0.0,0,,295,c033,235.0,44.680851063829785,55.319148936170215,0.0
10.0,0.0,0.0,0,,26,c033,10.0,100.0,0.0,0.0
0.0,20.0,0.0,0,,36,c033,20.0,0.0,100.0,0.0
30.0,0.0,0.0,0,,46,c033,30.0,100.0,0.0,0.0
30.0,60.0,0.0,0,,135,c033,90.0,33.333333333333336,66.66666666666667,0.0
15.0,80.0,0.0,0,,96,c033,95.0,15.789473684210526,84.21052631578948,0.0
0.0,15.0,0.0,0,,31,c033,15.0,0.0,100.0,0.0
60.0,190.0,15.0,0,,295,c033,265.0,22.641509433962263,71.69811320754717,5.660377358490566
30.0,45.0,0.0,0,,111,c033,75.0,40.0,60.0,0.0
15.0,70.0,0.0,0,,116,c033,85.0,17.647058823529413,82.3529411764706,0.0
30.0,45.0,0.0,0,,101,c033,75.0,40.0,60.0,0.0
30.0,45.0,0.0,0,,121,c033,75.0,40.0,60.0,0.0
75.0,215.0,0.0,0,,365,c033,290.0,25.862068965517242,74.13793103448276,0.0
15.0,195.0,0.0,0,,240,c033,210.0,7.142857142857143,92.85714285714286,0.0
45.0,45.0,15.0,0,,121,c033,105.0,42.857142857142854,42.857142857142854,14.285714285714286
10.0,45.0,0.0,0,,56,c033,55.0,18.181818181818183,81.81818181818181,0.0
30.0,45.0,10.0,0,,101,c033,85.0,35.294117647058826,52.94117647058823,11.764705882352942
15.0,45.0,0.0,0,,96,c033,60.0,25.0,75.0,0.0
30.0,45.0,0.0,0,,106,c033,75.0,40.0,60.0,0.0
60.0,60.0,0.0,0,,185,c033,120.0,50.0,50.0,0.0
0.0,60.0,0.0,0,,101,c033,60.0,0.0,100.0,0.0
15.0,65.0,0.0,0,,125,c033,80.0,18.75,81.25,0.0
35.0,15.0,0.0,0,,66,c033,50.0,70.0,30.0,0.0
35.0,30.0,0.0,0,,66,c033,65.0,53.84615384615385,46.15384615384615,0.0
0.0,60.0,0.0,0,,86,c033,60.0,0.0,100.0,0.0
5.0,45.0,0.0,0,,66,c033,50.0,10.0,90.0,0.0
0.0,30.0,0.0,0,,46,c033,30.0,0.0,100.0,0.0
15.0,0.0,0.0,0,,31,c033,15.0,100.0,0.0,0.0
60.0,30.0,0.0,0,,135,c033,90.0,66.66666666666667,33.333333333333336,0.0
0.0,45.0,0.0,0,,61,c033,45.0,0.0,100.0,0.0
75.0,165.0,15.0,0,,285,c033,255.0,29.41176470588235,64.70588235294117,5.882352941176471
0.0,15.0,0.0,0,,31,c033,15.0,0.0,100.0,0.0
10.0,45.0,0.0,0,,71,c033,55.0,18.181818181818183,81.81818181818181,0.0
30.0,10.0,0.0,0,,56,c033,40.0,75.0,25.0,0.0
30.0,15.0,0.0,0,,51,c033,45.0,66.66666666666667,33.333333333333336,0.0
15.0,45.0,0.0,0,,61,c033,60.0,25.0,75.0,0.0
5.0,45.0,0.0,0,,66,c033,50.0,10.0,90.0,0.0
30.0,25.0,0.0,0,,71,c033,55.0,54.54545454545455,45.45454545454545,0.0
30.0,25.0,0.0,0,,71,c033,55.0,54.54545454545455,45.45454545454545,0.0
30.0,45.0,0.0,0,,81,c033,75.0,40.0,60.0,0.0
0.0,60.0,0.0,0,,61,c033,60.0,0.0,100.0,0.0
30.0,0.0,0.0,0,,51,c033,30.0,100.0,0.0,0.0
45.0,195.0,0.0,0,,275,c033,240.0,18.75,81.25,0.0
5.0,45.0,0.0,0,,66,c033,50.0,10.0,90.0,0.0
45.0,45.0,0.0,0,,121,c033,90.0,50.0,50.0,0.0
30.0,60.0,15.0,0,,121,c033,105.0,28.571428571428573,57.142857142857146,14.285714285714286
50.0,30.0,0.0,0,,81,c033,80.0,62.5,37.5,0.0
35.0,15.0,0.0,0,,66,c033,50.0,70.0,30.0,0.0
0.0,30.0,0.0,0,,31,c033,30.0,0.0,100.0,0.0
30.0,45.0,0.0,0,,91,c033,75.0,40.0,60.0,0.0
30.0,0.0,0.0,0,,51,c033,30.0,100.0,0.0,0.0
60.0,90.0,0.0,0,,225,c033,150.0,40.0,60.0,0.0
45.0,165.0,0.0,0,,240,c033,210.0,21.428571428571427,78.57142857142857,0.0
30.0,45.0,0.0,0,,91,c033,75.0,40.0,60.0,0.0
30.0,30.0,0.0,0,,91,c033,60.0,50.0,50.0,0.0
75.0,90.0,0.0,0,,210,c033,165.0,45.45454545454545,54.54545454545455,0.0
65.0,75.0,0.0,0,,155,c033,140.0,46.42857142857143,53.57142857142857,0.0
30.0,15.0,0.0,0,,61,c033,45.0,66.66666666666667,33.333333333333336,0.0
45.0,15.0,0.0,0,,86,c033,60.0,75.0,25.0,0.0
30.0,65.0,0.0,0,,125,c033,95.0,31.57894736842105,68.42105263157895,0.0
15.0,45.0,0.0,0,,76,c033,60.0,25.0,75.0,0.0
60.0,105.0,0.0,0,,210,c033,165.0,36.36363636363637,63.63636363636363,0.0
0.0,25.0,0.0,0,,41,c033,25.0,0.0,100.0,0.0
0.0,30.0,0.0,0,,46,c033,30.0,0.0,100.0,0.0
30.0,75.0,0.0,0,,135,c033,105.0,28.571428571428573,71.42857142857143,0.0
